2026-07-28 10:36:00,841	INFO cli.py:42 -- [37mJob submission server address[39m: [1mhttp://127.0.0.1:8265[22m
2026-07-28 10:36:02,103	SUCC cli.py:66 -- [32m-------------------------------------------------------[39m
2026-07-28 10:36:02,103	SUCC cli.py:67 -- [32mJob 'raysubmit_WuX1z7zdcGt6ariW' submitted successfully[39m
2026-07-28 10:36:02,103	SUCC cli.py:68 -- [32m-------------------------------------------------------[39m
2026-07-28 10:36:02,103	INFO cli.py:330 -- [36mNext steps[39m
2026-07-28 10:36:02,103	INFO cli.py:331 -- Query the logs of the job:
2026-07-28 10:36:02,103	INFO cli.py:333 -- [1mray job logs raysubmit_WuX1z7zdcGt6ariW[22m
2026-07-28 10:36:02,103	INFO cli.py:335 -- Query the status of the job:
2026-07-28 10:36:02,103	INFO cli.py:337 -- [1mray job status raysubmit_WuX1z7zdcGt6ariW[22m
2026-07-28 10:36:02,103	INFO cli.py:339 -- Request the job to be stopped:
2026-07-28 10:36:02,103	INFO cli.py:341 -- [1mray job stop raysubmit_WuX1z7zdcGt6ariW[22m
2026-07-28 10:36:02,106	INFO cli.py:351 -- Tailing logs until the job exits (disable with --no-wait):
2026-07-28 10:36:01,978	INFO job_manager.py:583 -- Runtime env is setting up.
Running entrypoint for job raysubmit_WuX1z7zdcGt6ariW: python3 /root/andy-miles/train.py --actor-num-nodes 1 --actor-num-gpus-per-node 8 --colocate --spec miles_plugins.models.qwen3_5 get_qwen3_5_spec --disable-bias-linear --qk-layernorm --group-query-attention --num-attention-heads 16 --num-query-groups 2 --kv-channels 256 --num-layers 40 --hidden-size 2048 --ffn-hidden-size 512 --normalization RMSNorm --apply-layernorm-1p --position-embedding-type rope --norm-epsilon 1e-6 --rotary-percent 0.25 --swiglu --untie-embeddings-and-output-weights --vocab-size 248320 --rotary-base 10000000 --moe-ffn-hidden-size 512 --moe-shared-expert-intermediate-size 512 --moe-router-score-function softmax --moe-token-dispatcher-type alltoall --moe-router-topk 8 --moe-layer-freq '[1,1,1,1,1,1,1,1,1,1,1,1,1,1,1,1,1,1,1,1,1,1,1,1,1,1,1,1,1,1,1,1,1,1,1,1,1,1,1,1]' --num-experts 256 --moe-grouped-gemm --moe-token-drop-policy probs --moe-router-dtype fp32 --moe-permute-fusion --moe-aux-loss-coeff 0 --attention-output-gate --moe-shared-expert-gate --mtp-num-layers 1 --hf-checkpoint /workspace/ablations/qwen3-5-35b-matrix/models/Qwen3.5-35B-A3B-rand-bf16 --megatron-to-hf-mode bridge --lora-rank 32 --lora-alpha 32 --lora-dropout 0.0 --target-modules 'language_model.decoder.layers.*.self_attention.linear_qkv,language_model.decoder.layers.*.self_attention.linear_proj,language_model.decoder.layers.*.mlp.experts.linear_fc1,language_model.decoder.layers.*.mlp.experts.linear_fc2,language_model.decoder.layers.*.mlp.shared_experts.linear_fc1,language_model.decoder.layers.*.mlp.shared_experts.linear_fc2,language_model.decoder.layers.*.self_attention.in_proj,language_model.decoder.layers.*.self_attention.out_proj' --experts-shared-outer-loras --no-gradient-accumulation-fusion --lora-base-cpu-backup --sglang-lora-backend triton --sglang-max-lora-rank 32 --prompt-data /workspace/dapo-math-17k/dapo-math-17k.jsonl --input-key prompt --label-key label --apply-chat-template --rollout-shuffle --rm-type deepscaler --start-rollout-id 0 --num-rollout 1 --rollout-batch-size 2 --n-samples-per-prompt 2 --rollout-max-response-len 64 --rollout-temperature 1 --global-batch-size 4 --balance-data --skip-eval-before-train --advantage-estimator grpo --kl-loss-coef 0.0 --kl-loss-type low_var_kl --entropy-coef 1e-4 --observe-training-entropy --eps-clip 0.2 --eps-clip-high 0.28 --use-tis --optimizer adam --lr 1e-6 --lr-decay-style constant --weight-decay 0.1 --adam-beta1 0.9 --adam-beta2 0.98 --tensor-model-parallel-size 2 --pipeline-model-parallel-size 1 --context-parallel-size 1 --expert-model-parallel-size 8 --expert-tensor-parallel-size 1 --sequence-parallel --qkv-format bshd --micro-batch-size 1 --max-tokens-per-gpu 4096 --recompute-granularity full --recompute-method uniform --recompute-num-layers 1 --moe-enable-deepep --moe-token-dispatcher-type flex --transformer-impl transformer_engine --bf16 --fp8-format e4m3 --fp8-recipe blockwise --fp8-frozen-base-store --fp8-frozen-base-per-layer-free --rollout-num-gpus-per-engine 4 --sglang-mem-fraction-static 0.4 --sglang-ep-size 1 --sglang-cuda-graph-backend-prefill disabled --sglang-cuda-graph-backend-decode disabled --sglang-dtype bfloat16 --sglang-max-running-requests 64 --sglang-moe-runner-backend triton --attention-dropout 0.0 --hidden-dropout 0.0 --accumulate-allreduce-grads-in-fp32 --attention-softmax-in-fp32 --attention-backend flash --update-weight-buffer-size 536870912 --calculate-per-token-loss --use-chunked-tp-logprob-loss --use-fused-tp-logprob-kernel --chunked-tp-logprob-seq-chunk-size 128
Unable to import `torchao` Tensor objects. This may affect loading checkpoints serialized with `torchao`
/usr/local/lib/python3.12/dist-packages/modelopt/torch/__init__.py:51: UserWarning: transformers 5.12.1 is not tested with current version of modelopt and may cause issues. Please install recommended version with `pip install -U nvidia-modelopt[hf]` if working with HF models.
  _warnings.warn(
[ERROR] `cache_position` is part of Qwen3ASRThinkerTextModel.forward's signature, but not documented. Make sure to add it to the docstring of the function in /usr/local/lib/python3.12/dist-packages/megatron/bridge/models/qwen3_asr/hf_qwen3_asr/modeling_qwen3_asr.py.
[ERROR] `cache_position` is part of Qwen3ASRThinkerForConditionalGeneration.forward's signature, but not documented. Make sure to add it to the docstring of the function in /usr/local/lib/python3.12/dist-packages/megatron/bridge/models/qwen3_asr/hf_qwen3_asr/modeling_qwen3_asr.py.
MILES_EXPERIMENTAL_ROLLOUT_REFACTOR=1 is enabled (experimental feature)
LANG_RL Log directory: None
 > padded vocab (size: 248320) with 0 dummy tokens (new size: 248320)
[2026-07-28 10:36:22.077 main] arguments.py:38 - --tokenizer-model not set, use --hf-checkpoint as tokenizer model.
[2026-07-28 10:36:22.077 main] arguments.py:2709 - MoE-expert LoRA layout: shared-outer (--experts-shared-outer-loras).
[2026-07-28 10:36:22.077 main] arguments.py:2864 - rollout_num_gpus None != actor_num_gpus_per_node 8 * actor_num_nodes 1, overriding rollout_num_gpus to match actor_num_gpus_per_node * actor_num_nodes.
[2026-07-28 10:36:22.077 main] arguments.py:2969 - args.eval_max_context_len is not set. Use args.rollout_max_context_len None as default value.
using world size: 8, data-parallel size: 4, context-parallel size: 1, hierarchical context-parallel sizes: None, tensor-model-parallel size: 2, pipeline-model-parallel size: 1
Number of virtual stages per pipeline stage: None
using torch.bfloat16 for parameters ...
------------------------ arguments ------------------------
  account_for_embedding_in_pipeline_split ......... False
  account_for_loss_in_pipeline_split .............. False
  accumulate_allreduce_grads_in_fp32 .............. True
  activation_func_clamp_shared_expert ............. True
  activation_func_clamp_value ..................... None
  actor_num_gpus_per_node ......................... 8
  actor_num_nodes ................................. 1
  adam_beta1 ...................................... 0.9
  adam_beta2 ...................................... 0.98
  adam_eps ........................................ 1e-08
  add_bias_linear ................................. False
  add_position_embedding .......................... True
  add_qkv_bias .................................... False
  adlr_autoresume ................................. False
  adlr_autoresume_interval ........................ 1000
  advantage_estimator ............................. grpo
  align_grad_reduce ............................... True
  align_param_gather .............................. False
  allgather_cp .................................... False
  allow_ambiguous_pad_tokens ...................... False
  app_tag_run_name ................................ None
  app_tag_run_version ............................. 0.0.0
  apply_chat_template ............................. True
  apply_chat_template_kwargs ...................... {}
  apply_query_key_layer_scaling ................... False
  apply_residual_connection_post_layernorm ........ False
  apply_rope_fusion ............................... True
  apply_wd_to_qk_layernorm ........................ False
  async_max_concurrent_samples .................... None
  async_save ...................................... False
  async_tensor_model_parallel_allreduce ........... True
  attention_backend ............................... AttnBackend.flash
  attention_dropout ............................... 0.0
  attention_output_gate ........................... True
  attention_softmax_in_fp32 ....................... True
  auto_detect_ckpt_format ......................... False
  balance_data .................................... True
  barrier_with_L1_time ............................ True
  batch_invariant_mode ............................ False
  bert_binary_head ................................ True
  bert_embedder_type .............................. megatron
  bert_load ....................................... None
  beta_fast ....................................... 32
  beta_slow ....................................... 1
  bf16 ............................................ True
  bias_dropout_fusion ............................. True
  bias_gelu_fusion ................................ False
  bias_swiglu_fusion .............................. True
  biencoder_projection_dim ........................ 0
  biencoder_shared_query_context_model ............ False
  block_data_path ................................. None
  buffer_filter_path .............................. None
  cache_mla_latents ............................... False
  calc_ft_timeouts ................................ False
  calculate_per_token_loss ........................ True
  chat_template_path .............................. None
  check_for_large_grads ........................... False
  check_for_nan_in_loss_and_grad .................. True
  check_for_spiky_loss ............................ False
  check_lora_weight_equal ......................... False
  check_weight_hash_across_dp_replicas_interval ... None
  check_weight_update_allow_quant_error ........... False
  check_weight_update_equal ....................... False
  check_weight_update_selector .................... all
  check_weight_update_skip_list ................... None
  chunked_tp_logprob_seq_chunk_size ............... 128
  ci_check_model_hash ............................. False
  ci_disable_kl_checker ........................... False
  ci_disable_logprobs_checker ..................... False
  ci_disable_weight_update_checker ................ False
  ci_enable_metrics_capture ....................... False
  ci_ft_test_actions .............................. None
  ci_inject_rollout_data_min_match_ratio .......... 0.9
  ci_inject_rollout_data_path ..................... None
  ci_inject_rollout_data_start_rollout_id ......... None
  ci_load_grad_norm ............................... None
  ci_metric_checker_key ........................... None
  ci_metric_checker_threshold ..................... None
  ci_save_grad_norm ............................... None
  ci_save_model_hash .............................. False
  ci_test ......................................... False
  ckpt_assume_constant_structure .................. False
  ckpt_convert_format ............................. None
  ckpt_convert_save ............................... None
  ckpt_convert_update_legacy_dist_opt_format ...... False
  ckpt_format ..................................... torch_dist
  ckpt_fully_parallel_load ........................ False
  ckpt_fully_parallel_save ........................ True
  ckpt_fully_parallel_save_deprecated ............. False
  ckpt_step ....................................... None
  classes_fraction ................................ 1.0
  clip_grad ....................................... 1.0
  clone_scatter_output_in_embedding ............... True
  colocate ........................................ True
  compress_ratios ................................. None
  compute_advantages_and_returns .................. True
  config_logger_dir ............................... 
  consumed_train_samples .......................... 0
  consumed_valid_samples .......................... 0
  context_parallel_size ........................... 1
  control_server_port ............................. 0
  cp_comm_type .................................... ['p2p']
  cpu_offloading_num_layers ....................... 0
  create_all_gather_group ......................... False
  create_attention_mask_in_dataloader ............. True
  critic_load ..................................... /workspace/ablations/qwen3-5-35b-matrix/models/Qwen3.5-35B-A3B-rand-bf16
  critic_lr ....................................... 1e-06
  critic_lr_warmup_iters .......................... 0
  critic_num_gpus_per_node ........................ 8
  critic_num_nodes ................................ 1
  critic_save ..................................... None
  cross_entropy_fusion_impl ....................... native
  cross_entropy_loss_fusion ....................... False
  cuda_graph_impl ................................. none
  cuda_graph_scope ................................ []
  cuda_graph_warmup_steps ......................... 3
  custom_config_path .............................. None
  custom_convert_samples_to_train_data_path ....... None
  custom_eval_rollout_log_function_path ........... None
  custom_generate_function_path ................... None
  custom_loss_function_path ....................... None
  custom_megatron_before_log_prob_hook_path ....... None
  custom_megatron_before_train_step_hook_path ..... None
  custom_megatron_init_path ....................... None
  custom_megatron_post_save_hook_path ............. None
  custom_model_provider_path ...................... None
  custom_pg_loss_reducer_function_path ............ None
  custom_reward_post_process_path ................. None
  custom_rm_path .................................. None
  custom_rollout_log_function_path ................ None
  custom_tis_function_path ........................ None
  custom_update_weight_post_write_path ............ None
  dashboard_flush_interval ........................ 5.0
  dashboard_forward_prometheus .................... False
  dashboard_gpu_sample_interval ................... 1.0
  dashboard_sglang_metrics ........................ None
  dashboard_sglang_scrape_interval ................ 2.0
  dashboard_sglang_scrape_mode .................... auto
  data_args_path .................................. None
  data_cache_path ................................. None
  data_pad_size_multiplier ........................ 128
  data_parallel_random_init ....................... False
  data_parallel_sharding_strategy ................. no_shard
  data_parallel_size .............................. 4
  data_path ....................................... None
  data_per_class_fraction ......................... 1.0
  data_sharding ................................... True
  data_source_path ................................ miles.rollout.data_source.RolloutDataSourceWithBuffer
  dataloader_defer_npy_index_mmap ................. False
  dataloader_fast_cache_load ...................... False
  dataloader_type ................................. single
  ddp_average_in_collective ....................... False
  ddp_bucket_size ................................. None
  ddp_num_buckets ................................. None
  ddp_pad_buckets_for_high_nccl_busbw ............. False
  ddp_reduce_scatter_with_fp32_accumulation ....... False
  debug_deterministic_collective .................. False
  debug_disable_optimizer ......................... False
  debug_exit_after_rollout ........................ None
  debug_rollout_only .............................. False
  debug_skip_weight_update ........................ False
  debug_train_only ................................ False
  decode_only_cuda_graphs ......................... False
  decoder_first_pipeline_num_layers ............... None
  decoder_last_pipeline_num_layers ................ None
  decoder_num_layers .............................. None
  decoder_seq_length .............................. None
  decoupled_lr .................................... None
  decoupled_min_lr ................................ None
  decrease_batch_size_if_needed ................... False
  defer_embedding_wgrad_compute ................... False
  delay_split_train_data_by_dp .................... False
  delay_wgrad_compute ............................. False
  deprecated_use_mcore_models ..................... False
  deterministic_mode .............................. False
  dino_bottleneck_size ............................ 256
  dino_freeze_last_layer .......................... 1
  dino_head_hidden_size ........................... 2048
  dino_local_crops_number ......................... 10
  dino_local_img_size ............................. 96
  dino_norm_last_layer ............................ False
  dino_teacher_temp ............................... 0.07
  dino_warmup_teacher_temp ........................ 0.04
  dino_warmup_teacher_temp_epochs ................. 30
  disable_bf16_reduced_precision_matmul ........... False
  disable_chunked_prefill ......................... True
  disable_grad_buffers_cpu_backup ................. True
  disable_jit_fuser ............................... False
  disable_param_buffers_cpu_backup ................ True
  disable_rollout_trim_samples .................... False
  disable_straggler_on_startup .................... False
  disable_symmetric_registration .................. False
  dist_ckpt_format_deprecated ..................... None
  dist_ckpt_optim_fully_reshardable ............... False
  dist_ckpt_save_pre_mcore_014 .................... False
  dist_ckpt_strictness ............................ assume_ok_unexpected
  distrib_optim_fully_reshardable_mem_efficient ... False
  distribute_saved_activations .................... False
  distributed_backend ............................. nccl
  distributed_timeout_minutes ..................... 10
  distributed_timeout_seconds_after_init .......... None
  dsa_attention_backend ........................... tilelang
  dsa_indexer_head_dim ............................ None
  dsa_indexer_loss_coeff .......................... None
  dsa_indexer_n_heads ............................. None
  dsa_indexer_topk ................................ None
  dsa_indexer_use_sparse_loss ..................... False
  dsv4_compress_ratios ............................ None
  dsv4_compress_rope_theta ........................ 40000.0
  dsv4_hc_eps ..................................... 1e-06
  dsv4_hc_mult .................................... None
  dsv4_hc_sinkhorn_iters .......................... 20
  dsv4_mode ....................................... False
  dsv4_n_hash_layers .............................. 0
  dsv4_o_groups ................................... None
  dsv4_o_lora_rank ................................ None
  dsv4_window_size ................................ 4096
  dump_details .................................... None
  dump_param_to_param_group_map ................... None
  dumper_dir ...................................... /tmp/dumper
  dumper_enable ................................... False
  dumper_fwd_bwd .................................. None
  dumper_fwd_only ................................. None
  dumper_inference ................................ None
  dumper_source_patcher_config_inference .......... None
  dumper_source_patcher_config_train .............. None
  dynamic_sampling_filter_path .................... None
  embedding_init_method_std ....................... None
  embedding_path .................................. None
  empty_unused_memory_level ....................... 0
  enable_cuda_graph ............................... False
  enable_event_analyzer ........................... False
  enable_experimental ............................. False
  enable_ft_package ............................... False
  enable_full_sharding_in_hsdp .................... False
  enable_gloo_process_groups ...................... True
  enable_msc ...................................... True
  enable_mtp_training ............................. False
  enable_one_logger ............................... True
  enable_weights_backuper ......................... True
  enable_witness .................................. False
  encoder_num_layers .............................. 40
  encoder_seq_length .............................. 4096
  end_weight_decay ................................ 0.1
  entropy_coef .................................... 0.0001
  env_report ...................................... 
  eod_mask_loss ................................... False
  ep_overlap_early_attn_memory_release ............ False
  eps_clip ........................................ 0.2
  eps_clip_c ...................................... None
  eps_clip_high ................................... 0.28
  error_injection_rate ............................ 0
  error_injection_type ............................ transient_error
  eval_config ..................................... None
  eval_datasets ................................... []
  eval_function_path .............................. miles.rollout.inference_rollout.inference_rollout_common.InferenceRolloutFn
  eval_input_key .................................. None
  eval_interval ................................... None
  eval_iters ...................................... 100
  eval_label_key .................................. None
  eval_max_context_len ............................ None
  eval_max_prompt_len ............................. None
  eval_max_response_len ........................... None
  eval_min_new_tokens ............................. None
  eval_prompt_data ................................ None
  eval_reward_key ................................. None
  eval_temperature ................................ None
  eval_tool_key ................................... None
  eval_top_k ...................................... None
  eval_top_p ...................................... None
  evidence_data_path .............................. None
  exclude_modules ................................. None
  exit_duration_in_mins ........................... None
  exit_interval ................................... None
  exit_on_missing_checkpoint ...................... False
  exit_signal ..................................... 15
  exit_signal_handler ............................. False
  exit_signal_handler_for_dataloader .............. False
  exp_avg_dtype ................................... torch.float32
  exp_avg_sq_dtype ................................ torch.float32
  experimental_attention_variant .................. None
  expert_model_parallel_size ...................... 8
  expert_tensor_parallel_size ..................... 1
  experts_shared_outer_loras ...................... True
  external_cuda_graph ............................. False
  extra_high_precision_layers_hf .................. ()
  extra_high_precision_layers_megatron ............ ()
  fake_process_group .............................. False
  fallback_to_eager_attn .......................... False
  fetch_trajectory_retry_times .................... -1
  ffn_hidden_size ................................. 512
  fim_data ........................................ False
  fim_eod_token ................................... <|endoftext|>
  fim_fragment_rate ............................... None
  fim_middle_token ................................ <fim_middle>
  fim_no_prefix ................................... None
  fim_pad_token ................................... <fim_pad>
  fim_prefix_token ................................ <fim_prefix>
  fim_rate ........................................ 0.5
  fim_split_sample ................................ None
  fim_spm_rate .................................... 0.5
  fim_suffix_token ................................ <fim_suffix>
  fine_grained_activation_offloading .............. False
  finetune ........................................ False
  first_last_layers_bf16 .......................... False
  flash_decode .................................... False
  fp16 ............................................ False
  fp16_lm_cross_entropy ........................... False
  fp32_residual_connection ........................ False
  fp4 ............................................. None
  fp4_param ....................................... False
  fp4_quantizer_factory ........................... None
  fp4_recipe ...................................... nvfp4
  fp8 ............................................. e4m3
  fp8_amax_compute_algo ........................... most_recent
  fp8_amax_history_len ............................ 1
  fp8_frozen_base_per_layer_free .................. True
  fp8_frozen_base_store ........................... True
  fp8_interval .................................... 1
  fp8_margin ...................................... 0
  fp8_param_gather ................................ False
  fp8_quantizer_factory ........................... None
  fp8_recipe ...................................... blockwise
  fp8_wgrad ....................................... True
  freeze_e_score_correction_bias .................. False
  freeze_indexer .................................. False
  fsdp_double_buffer .............................. False
  fsdp_manual_registration ........................ False
  ft_components ................................... []
  ft_num_warmup_iters ............................. 5
  full_validation ................................. False
  gamma ........................................... 1.0
  get_mismatch_metrics ............................ False
  global_batch_size ............................... 4
  glu_linear_offset ............................... 0.0
  grad_reduce_in_bf16 ............................. False
  gradient_accumulation_fusion .................... False
  gradient_reduce_div_fusion ...................... True
  group_query_attention ........................... True
  group_rm ........................................ False
  grpo_clamp_eps_lower ............................ 0.01
  grpo_clamp_eps_upper ............................ 0.01
  grpo_entropy_term_weight ........................ 0.0
  grpo_filter_groups_with_same_reward ............. False
  grpo_group_size ................................. 2
  grpo_iterations ................................. 2
  grpo_kl_beta .................................... 0.001
  grpo_prompts_per_step ........................... 32
  grpo_std_normalization .......................... True
  head_lr_mult .................................... 1.0
  heterogeneous_layers_config_encoded_json ........ None
  heterogeneous_layers_config_path ................ None
  hf_checkpoint ................................... /workspace/ablations/qwen3-5-35b-matrix/models/Qwen3.5-35B-A3B-rand-bf16
  hidden_dropout .................................. 0.0
  hidden_size ..................................... 2048
  hierarchical_context_parallel_sizes ............. None
  high_priority_stream_groups ..................... []
  http_proxy ...................................... None
  hybrid_attention_ratio .......................... 0.0
  hybrid_context_parallel ......................... False
  hybrid_mlp_ratio ................................ 0.0
  hybrid_override_pattern ......................... None
  hysteresis ...................................... 2
  ict_head_size ................................... None
  ict_load ........................................ None
  img_h ........................................... 224
  img_w ........................................... 224
  indep_dp ........................................ False
  indexer_batch_size .............................. 128
  indexer_log_interval ............................ 1000
  inference_batch_times_seqlen_threshold .......... -1
  inference_coordinator_port ...................... 12346
  inference_dynamic_batching ...................... False
  inference_dynamic_batching_block_size ........... 256
  inference_dynamic_batching_buffer_size_gb ....... 40.0
  inference_dynamic_batching_cuda_graph_max_tokens  16384
  inference_dynamic_batching_cuda_graph_mixed_prefill_count  16
  inference_dynamic_batching_max_requests ......... None
  inference_dynamic_batching_max_tokens ........... None
  inference_dynamic_batching_num_cuda_graphs ...... 16
  inference_dynamic_batching_paused_buffer_size_gb  None
  inference_dynamic_batching_track_paused_request_events  False
  inference_dynamic_batching_unified_memory_level . 0
  inference_fuse_tp_communication ................. False
  inference_logging_step_interval ................. 0
  inference_max_batch_size ........................ 8
  inference_max_seq_length ........................ 2560
  inference_rng_tracker ........................... False
  inference_wandb_logging ......................... False
  init_method_std ................................. 0.02
  init_method_xavier_uniform ...................... False
  init_model_with_meta_device ..................... False
  initial_loss_scale .............................. 4294967296
  inprocess_active_world_size ..................... 1
  inprocess_barrier_timeout ....................... 120
  inprocess_completion_timeout .................... 120
  inprocess_empty_cuda_cache ...................... False
  inprocess_granularity ........................... node
  inprocess_hard_timeout .......................... 90
  inprocess_heartbeat_interval .................... 30
  inprocess_heartbeat_timeout ..................... 60
  inprocess_last_call_wait ........................ 1
  inprocess_max_iterations ........................ None
  inprocess_monitor_process_interval .............. 1.0
  inprocess_monitor_thread_interval ............... 1.0
  inprocess_progress_watchdog_interval ............ 1.0
  inprocess_restart ............................... False
  inprocess_soft_timeout .......................... 60
  inprocess_termination_grace_time ................ 1
  input_key ....................................... prompt
  is_hybrid_model ................................. False
  iter_per_epoch .................................. 1250
  iterations_to_skip .............................. []
  keep_fp8_transpose_cache ........................ False
  keep_old_actor .................................. False
  kitchen_attention_backend ....................... sdpa
  kl_coef ......................................... 0.0
  kl_loss_coef .................................... 0.0
  kl_loss_type .................................... low_var_kl
  kv_channels ..................................... 256
  kv_lora_rank .................................... 32
  label_key ....................................... label
  lambd ........................................... 1.0
  langrl_env_config ............................... None
  langrl_external_server .......................... False
  langrl_inference_server_conversation_template ... None
  langrl_inference_server_type .................... inplace_megatron
  layernorm_epsilon ............................... 1e-06
  layernorm_zero_centered_gamma ................... True
  lazy_mpu_init ................................... None
  legacy_tokenizer ................................ False
  linear_attention_backend ........................ fla
  linear_attention_freq ........................... None
  linear_attention_type ........................... None
  linear_conv_kernel_dim .......................... 4
  linear_key_head_dim ............................. 128
  linear_num_key_heads ............................ 16
  linear_num_value_heads .......................... 32
  linear_value_head_dim ........................... 128
  load ............................................ /workspace/ablations/qwen3-5-35b-matrix/models/Qwen3.5-35B-A3B-rand-bf16
  load_debug_rollout_data ......................... None
  load_debug_rollout_data_subsample ............... None
  load_main_params_from_ckpt ...................... False
  local_rank ...................................... 0
  log_correct_samples ............................. False
  log_device_memory_used .......................... False
  log_energy ...................................... False
  log_interval .................................... 100
  log_loss_scale_to_tensorboard ................... True
  log_max_attention_logit ......................... False
  log_memory_interval ............................. None
  log_memory_to_tensorboard ....................... False
  log_multi_turn .................................. False
  log_num_zeros_in_grad ........................... False
  log_params_norm ................................. False
  log_passrate .................................... False
  log_probs_chunk_size ............................ -1
  log_probs_max_tokens_per_gpu .................... None
  log_progress .................................... False
  log_reward_category ............................. None
  log_straggler ................................... False
  log_throughput .................................. False
  log_timers_to_tensorboard ....................... False
  log_validation_ppl_to_tensorboard ............... False
  log_world_size_to_tensorboard ................... False
  logging_level ................................... None
  lora_adapter_path ............................... None
  lora_alpha ...................................... 32
  lora_base_cpu_backup ............................ True
  lora_dropout .................................... 0.0
  lora_rank ....................................... 32
  lora_sync_from_tensor ........................... False
  lora_type ....................................... lora
  loss_mask_type .................................. qwen
  loss_scale ...................................... None
  loss_scale_window ............................... 1000
  loss_type ....................................... policy_loss
  low_memory_resume ............................... False
  lr .............................................. 1e-06
  lr_decay_iters .................................. None
  lr_decay_samples ................................ None
  lr_decay_style .................................. constant
  lr_warmup_fraction .............................. None
  lr_warmup_init .................................. 0.0
  lr_warmup_iters ................................. 0
  lr_warmup_samples ............................... 0
  lr_wsd_decay_iters .............................. None
  lr_wsd_decay_samples ............................ None
  lr_wsd_decay_style .............................. exponential
  main_grads_dtype ................................ torch.float32
  main_params_dtype ............................... torch.float32
  make_vocab_size_divisible_by .................... 128
  mamba_head_dim .................................. 64
  mamba_num_groups ................................ 8
  mamba_num_heads ................................. None
  mamba_state_dim ................................. 128
  manual_gc ....................................... False
  manual_gc_eval .................................. True
  manual_gc_interval .............................. 0
  mask_factor ..................................... 1.0
  mask_offpolicy_in_partial_rollout ............... False
  mask_prob ....................................... 0.15
  mask_type ....................................... random
  masked_softmax_fusion ........................... True
  max_position_embeddings ......................... 4096
  max_seqlen_per_dp_cp_rank ....................... None
  max_tokens_per_gpu .............................. 4096
  max_tokens_to_oom ............................... 12000
  max_weight_staleness ............................ None
  megatron_to_hf_mode ............................. bridge
  memory_recorder ................................. torch
  memory_snapshot_dir ............................. .
  memory_snapshot_num_steps ....................... None
  memory_snapshot_path ............................ snapshot.pickle
  merge_file ...................................... None
  metadata_key .................................... metadata
  micro_batch_size ................................ 1
  microbatch_group_size_per_vp_stage .............. None
  mid_level_dataset_surplus ....................... 0.005
  miles_dsa_topk_backend .......................... torch
  miles_router_health_check_failure_threshold ..... 3
  miles_router_max_connections .................... None
  miles_router_timeout ............................ None
  min_batch_collection_ratio ...................... 1
  min_loss_scale .................................. 1.0
  min_lr .......................................... 0.0
  min_offloaded_tensor_size ....................... 1048576
  mini_ft_controller_enable ....................... False
  mini_ft_controller_poll_interval ................ 10.0
  mini_ft_controller_resume_delay ................. 10.0
  mlflow_experiment_name .......................... miles
  mlflow_run_id ................................... None
  mlflow_run_name ................................. None
  mlflow_tracking_uri ............................. None
  mlp_chunks_for_prefill .......................... 1
  mmap_bin_files .................................. True
  mock_data ....................................... False
  model_name ...................................... None
  moe_apply_probs_on_input ........................ False
  moe_aux_loss_coeff .............................. 0.0
  moe_deepep_num_sms .............................. 20
  moe_enable_deepep ............................... True
  moe_enable_routing_replay ....................... False
  moe_expert_capacity_factor ...................... None
  moe_extended_tp ................................. False
  moe_ffn_hidden_size ............................. 512
  moe_flex_dispatcher_backend ..................... deepep
  moe_grouped_gemm ................................ True
  moe_hybridep_num_sms ............................ 16
  moe_input_jitter_eps ............................ None
  moe_latent_size ................................. None
  moe_layer_freq .................................. [1, 1, 1, 1, 1, 1, 1, 1, 1, 1, 1, 1, 1, 1, 1, 1, 1, 1, 1, 1, 1, 1, 1, 1, 1, 1, 1, 1, 1, 1, 1, 1, 1, 1, 1, 1, 1, 1, 1, 1]
  moe_layer_recompute ............................. False
  moe_pad_expert_input_to_capacity ................ False
  moe_pad_experts_for_cuda_graph_inference ........ False
  moe_per_layer_logging ........................... False
  moe_permute_fusion .............................. True
  moe_router_bias_update_rate ..................... 0.001
  moe_router_dtype ................................ fp32
  moe_router_enable_expert_bias ................... False
  moe_router_force_biased ......................... None
  moe_router_force_load_balancing ................. False
  moe_router_freeze_gate .......................... False
  moe_router_fusion ............................... False
  moe_router_group_topk ........................... None
  moe_router_load_balancing_type .................. aux_loss
  moe_router_num_groups ........................... None
  moe_router_padding_for_fp8 ...................... False
  moe_router_padding_for_quantization ............. False
  moe_router_pre_softmax .......................... False
  moe_router_score_function ....................... softmax
  moe_router_topk ................................. 8
  moe_router_topk_scaling_factor .................. None
  moe_shared_expert_gate .......................... True
  moe_shared_expert_intermediate_size ............. 512
  moe_shared_expert_overlap ....................... False
  moe_token_dispatcher_type ....................... flex
  moe_token_drop_policy ........................... probs
  moe_upcycling_granularity ....................... 1
  moe_use_legacy_grouped_gemm ..................... False
  moe_use_upcycling ............................... False
  moe_z_loss_coeff ................................ None
  mooncake_replica_num ............................ 1
  mooncake_store_init_kwargs ...................... None
  mrope_section ................................... None
  mscale .......................................... 1.0
  mscale_all_dim .................................. 0.0
  mtp_loss_scaling_factor ......................... 0.2
  mtp_num_layers .................................. 1
  mtp_standalone .................................. False
  multi_latent_attention .......................... False
  multi_lora ...................................... False
  multi_lora_adapters ............................. []
  multi_lora_api_port ............................. 8068
  multi_lora_backend_path ......................... None
  multi_lora_http_server_path ..................... None
  multi_lora_idle_poll_s .......................... 5.0
  multi_lora_max_adapter_global_batch_size ........ None
  multi_lora_max_coalesce_wait_s .................. 0.5
  multi_lora_max_empty_wait_s ..................... 30.0
  multi_lora_n_adapters ........................... 0
  multi_lora_service_mode ......................... True
  multimodal_keys ................................. None
  multiple_validation_sets ........................ False
  muon_extra_scale_factor ......................... 1.0
  muon_fp32_matmul_prec ........................... medium
  muon_momentum ................................... 0.9
  muon_num_ns_steps ............................... 5
  muon_scale_mode ................................. spectral
  muon_split_qkv .................................. True
  muon_tp_mode .................................... blockwise
  muon_use_nesterov ............................... False
  n_samples_per_eval_prompt ....................... 1
  n_samples_per_prompt ............................ 2
  nccl_all_reduce_for_prefill ..................... False
  nccl_communicator_config_path ................... None
  nccl_ub ......................................... False
  no_load_optim ................................... None
  no_load_rng ..................................... None
  no_persist_layer_norm ........................... False
  no_rope_freq .................................... None
  no_save_optim ................................... False
  no_save_rng ..................................... None
  no_weight_decay_cond_type ....................... None
  non_persistent_ckpt_type ........................ None
  non_persistent_global_ckpt_dir .................. None
  non_persistent_local_ckpt_algo .................. fully_parallel
  non_persistent_local_ckpt_dir ................... None
  non_persistent_save_interval .................... None
  normalization ................................... RMSNorm
  normalize_advantages ............................ False
  num_attention_heads ............................. 16
  num_channels .................................... 3
  num_classes ..................................... 1000
  num_critic_only_steps ........................... 0
  num_dataset_builder_threads ..................... 1
  num_distributed_optimizer_instances ............. 1
  num_epoch ....................................... None
  num_experts ..................................... 256
  num_gpus_per_node ............................... 8
  num_layers ...................................... 40
  num_layers_at_end_in_bf16 ....................... 1
  num_layers_at_start_in_bf16 ..................... 1
  num_layers_per_virtual_pipeline_stage ........... None
  num_query_groups ................................ 2
  num_rollout ..................................... 1
  num_steps_per_rollout ........................... None
  num_virtual_stages_per_pipeline_rank ............ None
  num_workers ..................................... 2
  object_storage_cache_path ....................... None
  object_store_backend ............................ ray
  observe_training_entropy ........................ True
  offload_modules ................................. []
  offload_optimizer_states ........................ False
  offload_rollout ................................. True
  offload_rollout_level ........................... ['kv_cache', 'weight']
  offload_train ................................... True
  offload_train_disk_chunk_mb ..................... 256
  offload_train_disk_dir .......................... None
  offload_train_target ............................ cpu
  one_logger_async ................................ False
  one_logger_project .............................. megatron-lm
  one_logger_run_name ............................. None
  onnx_safe ....................................... None
  opd_kl_coef ..................................... 1.0
  opd_log_prob_top_k .............................. 0
  opd_reward_weight_mode .......................... student_p
  opd_teacher_ckpt_step ........................... None
  opd_teacher_load ................................ None
  opd_top_k_strategy .............................. only-student
  opd_type ........................................ None
  openai_gelu ..................................... False
  opsm_delta ...................................... 0.0001
  optimizer ....................................... adam
  optimizer_cpu_offload ........................... False
  optimizer_offload_fraction ...................... 1.0
  original_max_position_embeddings ................ 4096
  outer_dp_sharding_strategy ...................... no_shard
  output_bert_embeddings .......................... False
  over_sampling_batch_size ........................ 2
  overlap_cpu_optimizer_d2h_h2d ................... False
  overlap_grad_reduce ............................. False
  overlap_moe_expert_parallel_comm ................ False
  overlap_p2p_comm ................................ False
  overlap_p2p_comm_warmup_flush ................... False
  overlap_param_gather ............................ False
  overlap_param_gather_with_optimizer_step ........ False
  override_opt_param_scheduler .................... False
  p2p_transfer_num_workers ........................ 4
  p2p_transfer_timeout ............................ 30.0
  padded_vocab_size ............................... 248320
  params_dtype .................................... torch.bfloat16
  partial_rollout ................................. False
  patch_dim ....................................... 16
  pause_generation_mode ........................... retract
  per_dataset_sequences_path ...................... None
  per_split_data_args_path ........................ None
  perform_initialization .......................... True
  perform_rl_step ................................. False
  phase_transition_iterations ..................... None
  pin_cpu_grads ................................... True
  pin_cpu_params .................................. True
  pin_rollout_manager_to_head ..................... False
  pipeline_model_parallel_comm_backend ............ None
  pipeline_model_parallel_layout .................. None
  pipeline_model_parallel_size .................... 1
  position_embedding_type ......................... rope
  post_mlp_layernorm .............................. False
  post_self_attn_layernorm ........................ False
  prefill_num_servers ............................. None
  pretrained_checkpoint ........................... None
  profile ......................................... False
  profile_ranks ................................... [0]
  profile_step_end ................................ 12
  profile_step_start .............................. 10
  profile_target .................................. ['train_overall']
  prometheus_port ................................. 9090
  prometheus_run_name ............................. None
  prompt_data ..................................... /workspace/dapo-math-17k/dapo-math-17k.jsonl
  q_lora_rank ..................................... None
  qk_clip ......................................... False
  qk_clip_alpha ................................... 0.5
  qk_clip_threshold ............................... 100
  qk_head_dim ..................................... 128
  qk_l2_norm ...................................... False
  qk_layernorm .................................... True
  qk_pos_emb_head_dim ............................. 64
  qkv_format ...................................... bshd
  query_in_block_prob ............................. 0.1
  quick_geglu ..................................... False
  rampup_batch_size ............................... None
  rank ............................................ 0
  recompute_granularity ........................... full
  recompute_logprobs_via_prefill .................. False
  recompute_loss_function ......................... False
  recompute_method ................................ uniform
  recompute_modules ............................... None
  recompute_num_layers ............................ 1
  record_memory_history ........................... False
  ref_ckpt_step ................................... None
  ref_load ........................................ None
  ref_update_interval ............................. None
  refit_method .................................... gloo
  relative_attention_max_distance ................. 128
  relative_attention_num_buckets .................. 32
  replication ..................................... False
  replication_factor .............................. 2
  replication_jump ................................ None
  rerun_mode ...................................... validate_results
  reset_attention_mask ............................ False
  reset_optimizer_states .......................... False
  reset_position_ids .............................. False
  result_rejected_tracker_filename ................ None
  retriever_report_topk_accuracies ................ []
  retriever_score_scaling ......................... False
  reuse_grad_buf_for_mxfp8_param_ag ............... False
  reward_key ...................................... None
  rewards_normalization ........................... True
  rl_calculate_intra_group_similarity ............. False
  rl_default_temperature .......................... 1.0
  rl_default_top_k ................................ -1
  rl_default_top_p ................................ 0
  rl_importance_sampling_truncation_coef .......... None
  rl_inference_expert_model_parallel_size ......... None
  rl_inference_expert_tensor_model_parallel_size .. None
  rl_inference_logprobs_is_correction ............. False
  rl_inference_model_unified_memory_level ......... 0
  rl_inference_pipeline_model_parallel_size ....... None
  rl_inference_tensor_model_parallel_size ......... None
  rl_offload_inference_model_weights_when_idle .... False
  rl_offload_kv_cache_during_training ............. False
  rl_offload_optimizer_during_inference ........... False
  rl_parallel_generation_tasks .................... 512
  rl_partial_rollouts ............................. False
  rl_prompts_per_eval ............................. 32
  rl_remove_kv_cache_during_training .............. False
  rl_reset_cuda_graphs ............................ False
  rl_sequence_packing_algo ........................ fifo
  rl_sequence_packing_max_sequences_per_bin ....... 50
  rl_skip_bos_token ............................... False
  rl_training_cuda_graphs ......................... False
  rl_use_sequence_packing ......................... False
  rl_verify_model_weights_swap .................... False
  rm_type ......................................... deepscaler
  rm_url .......................................... None
  rollout_all_samples_process_path ................ None
  rollout_batch_size .............................. 2
  rollout_buffer_url .............................. None
  rollout_data_postprocess_path ................... None
  rollout_external ................................ False
  rollout_external_engine_addrs ................... None
  rollout_function_path ........................... miles.rollout.inference_rollout.inference_rollout_common.InferenceRolloutFn
  rollout_global_dataset .......................... True
  rollout_health_check_first_wait ................. 0
  rollout_health_check_interval ................... 30.0
  rollout_health_check_timeout .................... 30.0
  rollout_max_context_len ......................... None
  rollout_max_prompt_len .......................... None
  rollout_max_response_len ........................ 64
  rollout_num_gpus ................................ 8
  rollout_num_gpus_per_engine ..................... 4
  rollout_sample_filter_path ...................... None
  rollout_seed .................................... 42
  rollout_shuffle ................................. True
  rollout_skip_special_tokens ..................... False
  rollout_stop .................................... None
  rollout_stop_token_ids .......................... None
  rollout_task_type ............................... math
  rollout_temperature ............................. 1.0
  rollout_top_k ................................... -1
  rollout_top_p ................................... 1.0
  rope_scaling_factor ............................. 8.0
  rope_type ....................................... rope
  rotary_base ..................................... 10000000
  rotary_interleaved .............................. False
  rotary_percent .................................. 0.25
  rotary_scaling_factor ........................... 1.0
  rotary_seq_len_interpolation_factor ............. None
  router_api_key .................................. None
  router_assignment_mode .......................... random
  router_backend .................................. sglang
  router_balance_abs_threshold .................... 64
  router_balance_rel_threshold .................... 1.5
  router_bucket_adjust_interval_secs .............. 5
  router_ca_cert_paths ............................ []
  router_cache_threshold .......................... 0.3
  router_cb_failure_threshold ..................... 10
  router_cb_success_threshold ..................... 3
  router_cb_timeout_duration_secs ................. 60
  router_cb_window_duration_secs .................. 120
  router_chat_template ............................ None
  router_client_cert_path ......................... None
  router_client_key_path .......................... None
  router_control_plane_api_keys ................... []
  router_control_plane_audit_enabled .............. False
  router_cors_allowed_origins ..................... []
  router_decode ................................... None
  router_decode_policy ............................ None
  router_decode_selector .......................... {}
  router_disable_circuit_breaker .................. False
  router_disable_health_check ..................... False
  router_disable_retries .......................... False
  router_dp_aware ................................. False
  router_enable_igw ............................... False
  router_enable_trace ............................. False
  router_eviction_interval_secs ................... 60
  router_health_check_endpoint .................... /health
  router_health_check_interval_secs ............... 60
  router_health_check_timeout_secs ................ 5
  router_health_failure_threshold ................. 3
  router_health_success_threshold ................. 2
  router_history_backend .......................... memory
  router_json_log ................................. False
  router_jwt_audience ............................. None
  router_jwt_issuer ............................... None
  router_jwt_jwks_uri ............................. None
  router_jwt_role_mapping ......................... []
  router_log_dir .................................. None
  router_log_level ................................ info
  router_max_concurrent_requests .................. -1
  router_max_idle_secs ............................ 14400
  router_max_payload_size ......................... 536870912
  router_max_tree_size ............................ 67108864
  router_mcp_config_path .......................... None
  router_mini_lb .................................. False
  router_model_path ............................... None
  router_oracle_connect_descriptor ................ None
  router_oracle_password .......................... None
  router_oracle_pool_max .......................... 16
  router_oracle_pool_min .......................... 1
  router_oracle_pool_timeout_secs ................. 30
  router_oracle_tns_alias ......................... None
  router_oracle_username .......................... None
  router_oracle_wallet_path ....................... None
  router_otlp_traces_endpoint ..................... localhost:4317
  router_pd_disaggregation ........................ False
  router_policy ................................... cache_aware
  router_postgres_db_url .......................... None
  router_postgres_pool_max ........................ 16
  router_prefill .................................. None
  router_prefill_policy ........................... None
  router_prefill_selector ......................... {}
  router_prometheus_duration_buckets .............. None
  router_prometheus_host .......................... 0.0.0.0
  router_prometheus_port .......................... 29000
  router_queue_size ............................... 100
  router_queue_timeout_secs ....................... 60
  router_rate_limit_tokens_per_second ............. None
  router_reasoning_parser ......................... None
  router_redis_pool_max ........................... 16
  router_redis_retention_days ..................... 30
  router_redis_url ................................ None
  router_request_id_headers ....................... None
  router_request_timeout_secs ..................... 1800
  router_retry_backoff_multiplier ................. 1.5
  router_retry_initial_backoff_ms ................. 50
  router_retry_jitter_factor ...................... 0.2
  router_retry_max_backoff_ms ..................... 30000
  router_retry_max_retries ........................ 5
  router_selector ................................. {}
  router_service_discovery ........................ False
  router_service_discovery_namespace .............. None
  router_service_discovery_port ................... 80
  router_shutdown_grace_period_secs ............... 180
  router_test_external_dp_routing ................. False
  router_tls_cert_path ............................ None
  router_tls_key_path ............................. None
  router_tokenizer_cache_enable_l0 ................ False
  router_tokenizer_cache_enable_l1 ................ False
  router_tokenizer_cache_l0_max_entries ........... 10000
  router_tokenizer_cache_l1_max_memory ............ 52428800
  router_tokenizer_path ........................... None
  router_tool_call_parser ......................... None
  router_worker_startup_check_interval ............ 30
  router_worker_startup_timeout_secs .............. 1800
  run_workload_inspector_server ................... False
  sample_rate ..................................... 1.0
  save ............................................ None
  save_debug_event_data ........................... None
  save_debug_rollout_data ......................... None
  save_debug_train_data ........................... None
  save_debug_trajectory_data ...................... None
  save_dgrads_interval ............................ None
  save_hf ......................................... None
  save_interval ................................... None
  save_local_weight_checksum ...................... False
  save_retain_interval ............................ None
  save_trigger_sentinel ........................... None
  save_wgrads_interval ............................ None
  scatter_gather_tensors_in_pipeline .............. True
  seed ............................................ 1234
  seq_length ...................................... 4096
  sequence_parallel ............................... True
  session_server_ip ............................... None
  session_server_port ............................. None
  sft ............................................. False
  sft_tokenizer_prompt_format ..................... nemotron-h-aligned
  sgd_momentum .................................... 0.9
  sglang_abort_on_priority_when_disabled .......... False
  sglang_admin_api_key ............................ None
  sglang_allow_auto_truncate ...................... False
  sglang_api_key .................................. None
  sglang_asr_max_buffer_seconds ................... 60
  sglang_asr_max_concurrent_sessions .............. 32
  sglang_attention_backend ........................ None
  sglang_attn_cp_size ............................. 1
  sglang_batch_notify_size ........................ 16
  sglang_bf16_gemm_backend ........................ auto
  sglang_bucket_e2e_request_latency ............... None
  sglang_bucket_inter_token_latency ............... None
  sglang_bucket_time_to_first_token ............... None
  sglang_chat_template ............................ None
  sglang_checkpoint_engine_wait_weights_before_ready  False
  sglang_chunked_prefill_size ..................... None
  sglang_collect_tokens_histogram ................. None
  sglang_completion_template ...................... None
  sglang_config ................................... None
  sglang_constrained_json_disable_any_whitespace .. False
  sglang_constrained_json_whitespace_pattern ...... None
  sglang_context_length ........................... None
  sglang_cp_strategy .............................. None
  sglang_cpu_offload_gb ........................... 0
  sglang_crash_dump_folder ........................ None
  sglang_cuda_graph_backend_decode ................ disabled
  sglang_cuda_graph_backend_prefill ............... disabled
  sglang_cuda_graph_bs_decode ..................... None
  sglang_cuda_graph_bs_prefill .................... None
  sglang_cuda_graph_config ........................ None
  sglang_cuda_graph_max_bs_decode ................. None
  sglang_cuda_graph_max_bs_prefill ................ None
  sglang_cuda_graph_tc_compiler ................... None
  sglang_custom_pull_weights_pre_read_hook ........ None
  sglang_custom_weight_loader ..................... None
  sglang_dcp_size ................................. 1
  sglang_debug_cuda_graph ......................... False
  sglang_debug_tensor_dump_input_file ............. None
  sglang_debug_tensor_dump_layers ................. None
  sglang_debug_tensor_dump_output_folder .......... None
  sglang_decode_attention_backend ................. None
  sglang_decode_log_interval ...................... 40
  sglang_decoupled_spec_bind_endpoint ............. None
  sglang_decoupled_spec_connect_endpoints ......... None
  sglang_decoupled_spec_rank ...................... None
  sglang_decoupled_spec_role ...................... null
  sglang_decrypted_config_file .................... None
  sglang_decrypted_draft_config_file .............. None
  sglang_deepep_config ............................ None
  sglang_deepep_dispatcher_output_dtype ........... auto
  sglang_deepep_mode .............................. auto
  sglang_default_priority_value ................... None
  sglang_delete_ckpt_after_loading ................ False
  sglang_detokenizer_worker_num ................... 1
  sglang_device ................................... None
  sglang_disable_attn_tp_gather ................... False
  sglang_disable_chunked_prefix_cache ............. False
  sglang_disable_cuda_graph ....................... False
  sglang_disable_cuda_graph_padding ............... False
  sglang_disable_custom_all_reduce ................ False
  sglang_disable_decode_cuda_graph ................ False
  sglang_disable_draft_cuda_graph ................. False
  sglang_disable_fast_image_processor ............. False
  sglang_disable_flashinfer_autotune .............. False
  sglang_disable_flashinfer_cutlass_moe_fp4_allgather  False
  sglang_disable_hybrid_swa_memory ................ False
  sglang_disable_outlines_disk_cache .............. False
  sglang_disable_overlap_schedule ................. False
  sglang_disable_prefill_cuda_graph ............... False
  sglang_disable_priority_preemption .............. False
  sglang_disable_radix_cache ...................... False
  sglang_disable_shared_experts_fusion ............ False
  sglang_disable_tokenizer_batch_decode ........... False
  sglang_disaggregation_bootstrap_port ............ 8998
  sglang_disaggregation_decode_enable_offload_kvcache  False
  sglang_disaggregation_decode_enable_radix_cache . False
  sglang_disaggregation_decode_extra_slots ........ None
  sglang_disaggregation_decode_polling_interval ... 1
  sglang_disaggregation_ib_device ................. None
  sglang_disaggregation_mode ...................... null
  sglang_disaggregation_transfer_backend .......... mooncake
  sglang_dist_timeout ............................. None
  sglang_dllm_algorithm ........................... None
  sglang_dllm_algorithm_config .................... None
  sglang_download_dir ............................. None
  sglang_dp_size .................................. 1
  sglang_dsa_decode_backend ....................... None
  sglang_dsa_paged_mqa_logits_backend ............. auto
  sglang_dsa_prefill_backend ...................... None
  sglang_dsa_prefill_cp_mode ...................... round-robin-split
  sglang_dsa_topk_backend ......................... sgl-kernel
  sglang_dtype .................................... bfloat16
  sglang_dynamic_batch_tokenizer_batch_size ....... 32
  sglang_dynamic_batch_tokenizer_batch_timeout .... 0.002
  sglang_elastic_ep_backend ....................... None
  sglang_elastic_ep_rejoin ........................ False
  sglang_enable_adaptive_dispatch_to_encoder ...... False
  sglang_enable_aiter_allreduce_fusion ............ False
  sglang_enable_attn_tp_input_scattered ........... False
  sglang_enable_broadcast_mm_inputs_process ....... False
  sglang_enable_cache_report ...................... False
  sglang_enable_cudagraph_gc ...................... False
  sglang_enable_custom_logit_processor ............ False
  sglang_enable_deepep_waterfill .................. False
  sglang_enable_deepseek_v4_fp4_indexer ........... False
  sglang_enable_deterministic_inference ........... False
  sglang_enable_dp_attention ...................... False
  sglang_enable_dp_attention_local_control_broadcast  False
  sglang_enable_dp_lm_head ........................ False
  sglang_enable_draft_weights_cpu_backup .......... False
  sglang_enable_dsa_prefill_context_parallel ...... False
  sglang_enable_dynamic_batch_tokenizer ........... False
  sglang_enable_dynamic_chunking .................. False
  sglang_enable_elastic_expert_backup ............. False
  sglang_enable_eplb .............................. False
  sglang_enable_expert_distribution_metrics ....... False
  sglang_enable_flashinfer_allreduce_fusion ....... False
  sglang_enable_forward_pass_metrics .............. False
  sglang_enable_fp32_lm_head ...................... False
  sglang_enable_fused_moe_sum_all_reduce .......... False
  sglang_enable_fused_qk_norm_rope ................ False
  sglang_enable_hierarchical_cache ................ False
  sglang_enable_hisparse .......................... False
  sglang_enable_http2 ............................. False
  sglang_enable_int8_mamba_checkpoint ............. False
  sglang_enable_layerwise_nvtx_marker ............. False
  sglang_enable_linear_replayssm .................. False
  sglang_enable_lmcache ........................... False
  sglang_enable_lora .............................. None
  sglang_enable_lora_overlap_loading .............. None
  sglang_enable_mamba_cache_stochastic_rounding ... False
  sglang_enable_metrics ........................... False
  sglang_enable_metrics_for_all_schedulers ........ False
  sglang_enable_mfu_metrics ....................... False
  sglang_enable_mis ............................... False
  sglang_enable_mixed_chunk ....................... False
  sglang_enable_mm_global_cache ................... False
  sglang_enable_mscclpp ........................... False
  sglang_enable_multi_layer_eagle ................. False
  sglang_enable_multimodal ........................ None
  sglang_enable_nccl_nvls ......................... False
  sglang_enable_p2p_check ......................... False
  sglang_enable_page_major_kv_layout .............. False
  sglang_enable_pdmux ............................. False
  sglang_enable_precise_embedding_interpolation ... False
  sglang_enable_prefill_context_parallel .......... False
  sglang_enable_prefill_cp ........................ False
  sglang_enable_prefill_delayer ................... False
  sglang_enable_prefill_only_deterministic_inference  False
  sglang_enable_prefix_mm_cache ................... False
  sglang_enable_priority_scheduling ............... False
  sglang_enable_profile_cuda_graph ................ False
  sglang_enable_quant_communications .............. False
  sglang_enable_request_time_stats_logging ........ False
  sglang_enable_return_hidden_states .............. False
  sglang_enable_session_radix_cache ............... False
  sglang_enable_single_batch_overlap .............. False
  sglang_enable_ssl_refresh ....................... False
  sglang_enable_streaming_session ................. False
  sglang_enable_strict_thinking ................... False
  sglang_enable_symm_mem .......................... False
  sglang_enable_tf32_matmul ....................... False
  sglang_enable_tokenizer_batch_encode ............ False
  sglang_enable_torch_compile ..................... False
  sglang_enable_torch_compile_debug_mode .......... False
  sglang_enable_torch_symm_mem .................... False
  sglang_enable_trace ............................. False
  sglang_enable_two_batch_overlap ................. False
  sglang_enable_unified_memory .................... False
  sglang_enable_weights_cpu_backup ................ False
  sglang_encoder_bootstrap_port ................... 8997
  sglang_encoder_only ............................. False
  sglang_encoder_register_urls .................... []
  sglang_encoder_transfer_backend ................. zmq_to_scheduler
  sglang_encoder_urls ............................. []
  sglang_enforce_disable_flashinfer_allreduce_fusion  False
  sglang_enforce_shared_experts_fusion ............ False
  sglang_engine_info_bootstrap_port ............... 6789
  sglang_ep_dispatch_algorithm .................... None
  sglang_ep_num_redundant_experts ................. 0
  sglang_ep_size .................................. 1
  sglang_eplb_algorithm ........................... auto
  sglang_eplb_min_rebalancing_utilization_threshold  1.0
  sglang_eplb_rebalance_layers_per_chunk .......... None
  sglang_eplb_rebalance_num_iterations ............ 1000
  sglang_expert_distribution_recorder_buffer_size . None
  sglang_expert_distribution_recorder_mode ........ None
  sglang_experts_shared_outer_loras ............... True
  sglang_export_metrics_to_file ................... False
  sglang_export_metrics_to_file_dir ............... None
  sglang_extra_metric_labels ...................... None
  sglang_fastapi_root_path ........................ 
  sglang_file_storage_path ........................ sglang_storage
  sglang_flashinfer_allreduce_fusion_backend ...... None
  sglang_flashinfer_mla_disable_ragged ............ False
  sglang_flashinfer_mxfp4_moe_precision ........... default
  sglang_forward_hooks ............................ None
  sglang_forward_pass_metrics_ipc_name ............ None
  sglang_forward_pass_metrics_worker_id ........... 
  sglang_fp4_gemm_runner_backend .................. auto
  sglang_fp8_gemm_runner_backend .................. auto
  sglang_gc_threshold ............................. None
  sglang_gc_warning_threshold_secs ................ 0.0
  sglang_generation_tokens_buckets ................ None
  sglang_grammar_backend .......................... None
  sglang_grpc_http_sidecar_port ................... None
  sglang_grpc_mode ................................ False
  sglang_hf_chat_template_name .................... None
  sglang_hicache_io_backend ....................... kernel
  sglang_hicache_mem_layout ....................... page_first
  sglang_hicache_ratio ............................ 2.0
  sglang_hicache_size ............................. 0
  sglang_hicache_storage_backend .................. None
  sglang_hicache_storage_backend_extra_config ..... None
  sglang_hicache_storage_prefetch_policy .......... timeout
  sglang_hicache_write_policy ..................... write_through
  sglang_hisparse_config .......................... None
  sglang_host ..................................... 127.0.0.1
  sglang_incremental_streaming_output ............. False
  sglang_init_expert_location ..................... trivial
  sglang_int8_mamba_ckpt_size ..................... None
  sglang_is_embedding ............................. False
  sglang_json_model_override_args ................. {}
  sglang_keep_mm_feature_on_device ................ False
  sglang_kt_cpuinfer .............................. None
  sglang_kt_max_deferred_experts_per_token ........ None
  sglang_kt_method ................................ AMXINT4
  sglang_kt_num_gpu_experts ....................... None
  sglang_kt_threadpool_count ...................... 2
  sglang_kt_weight_path ........................... None
  sglang_kv_cache_dtype ........................... auto
  sglang_kv_canary ................................ none
  sglang_kv_canary_real_data ...................... none
  sglang_kv_canary_sweep_interval ................. 0
  sglang_kv_events_config ......................... None
  sglang_language_only ............................ False
  sglang_limit_mm_data_per_request ................ None
  sglang_linear_attn_backend ...................... triton
  sglang_linear_attn_decode_backend ............... None
  sglang_linear_attn_prefill_backend .............. None
  sglang_linear_replayssm_cache_len ............... 16
  sglang_lmcache_config_file ...................... None
  sglang_load_balance_method ...................... auto
  sglang_load_format .............................. auto
  sglang_load_snapshot_publish_interval ........... 15
  sglang_log_level ................................ info
  sglang_log_level_http ........................... None
  sglang_log_requests ............................. False
  sglang_log_requests_format ...................... text
  sglang_log_requests_level ....................... 2
  sglang_log_requests_target ...................... None
  sglang_lora_backend ............................. triton
  sglang_lora_drain_wait_threshold ................ 0.0
  sglang_lora_eviction_policy ..................... lru
  sglang_lora_paths ............................... None
  sglang_lora_strict_loading ...................... False
  sglang_lora_target_modules ...................... None
  sglang_lora_use_virtual_experts ................. True
  sglang_mamba_backend ............................ triton
  sglang_mamba_cache_philox_rounds ................ 0
  sglang_mamba_full_memory_ratio .................. 0.9
  sglang_mamba_radix_cache_strategy ............... auto
  sglang_mamba_ssm_dtype .......................... None
  sglang_mamba_track_interval ..................... 256
  sglang_max_loaded_loras ......................... None
  sglang_max_lora_chunk_size ...................... 16
  sglang_max_lora_rank ............................ 32
  sglang_max_loras_per_batch ...................... 8
  sglang_max_mamba_cache_size ..................... None
  sglang_max_prefill_tokens ....................... 16384
  sglang_max_queued_requests ...................... None
  sglang_max_running_requests ..................... 64
  sglang_max_total_tokens ......................... None
  sglang_mem_fraction_static ...................... 0.4
  sglang_min_free_slots_delay ..................... None
  sglang_mm_attention_backend ..................... None
  sglang_mm_enable_dp_encoder ..................... False
  sglang_mm_process_config ........................ None
  sglang_model_checksum ........................... None
  sglang_model_config_parser ...................... auto
  sglang_model_impl ............................... auto
  sglang_model_loader_extra_config ................ {}
  sglang_modelexpress_config ...................... None
  sglang_modelopt_checkpoint_restore_path ......... None
  sglang_modelopt_checkpoint_save_path ............ None
  sglang_modelopt_export_path ..................... None
  sglang_modelopt_quant ........................... None
  sglang_moe_a2a_backend .......................... none
  sglang_moe_dense_tp_size ........................ None
  sglang_moe_dp_size .............................. 1
  sglang_moe_runner_backend ....................... triton
  sglang_mooncake_ib_device ....................... None
  sglang_msprobe_dump_config ...................... None
  sglang_num_continuous_decode_steps .............. 1
  sglang_num_reserved_decode_tokens ............... 512
  sglang_numa_node ................................ None
  sglang_offload_group_size ....................... -1
  sglang_offload_mode ............................. cpu
  sglang_offload_num_in_group ..................... 1
  sglang_offload_prefetch_step .................... 1
  sglang_optimistic_prefill_retries ............... 0
  sglang_otlp_traces_endpoint ..................... localhost:4317
  sglang_page_size ................................ None
  sglang_pdmux_config_path ........................ None
  sglang_pp_async_batch_depth ..................... 0
  sglang_pp_max_micro_batch_size .................. None
  sglang_pp_size .................................. 1
  sglang_pre_warm_nccl ............................ False
  sglang_preferred_sampling_params ................ None
  sglang_prefill_attention_backend ................ None
  sglang_prefill_cp_mode .......................... in-seq-split
  sglang_prefill_delayer_forward_passes_buckets ... None
  sglang_prefill_delayer_max_delay_ms ............. None
  sglang_prefill_delayer_max_delay_passes ......... 30
  sglang_prefill_delayer_queue_min_ratio .......... None
  sglang_prefill_delayer_token_usage_low_watermark  None
  sglang_prefill_delayer_wait_seconds_buckets ..... None
  sglang_prefill_max_requests ..................... None
  sglang_prefill_only_disable_kv_cache ............ False
  sglang_prefill_round_robin_balance .............. None
  sglang_priority_scheduling_preemption_threshold . 10
  sglang_prompt_tokens_buckets .................... None
  sglang_quantization ............................. None
  sglang_quantization_param_path .................. None
  sglang_quantize_and_serve ....................... False
  sglang_radix_cache_backend ...................... None
  sglang_radix_eviction_policy .................... lru
  sglang_reasoning_parser ......................... None
  sglang_remote_instance_weight_loader_backend .... nccl
  sglang_remote_instance_weight_loader_seed_instance_ip  None
  sglang_remote_instance_weight_loader_seed_instance_service_port  None
  sglang_remote_instance_weight_loader_send_weights_group_ports  None
  sglang_remote_instance_weight_loader_start_seed_via_transfer_engine  False
  sglang_revision ................................. None
  sglang_rl_on_policy_target ...................... None
  sglang_rl_quant_profile ......................... None
  sglang_router_ip ................................ None
  sglang_router_policy ............................ None
  sglang_router_port .............................. None
  sglang_router_request_timeout_secs .............. 14400
  sglang_sampling_backend ......................... None
  sglang_sampling_defaults ........................ model
  sglang_schedule_conservativeness ................ 1.0
  sglang_schedule_low_priority_values_first ....... False
  sglang_schedule_policy .......................... fcfs
  sglang_scheduler_recv_interval .................. 1
  sglang_served_model_name ........................ None
  sglang_server_concurrency ....................... 512
  sglang_show_time_cost ........................... False
  sglang_skip_tokenizer_init ...................... False
  sglang_sleep_on_idle ............................ False
  sglang_sm_group_num ............................. 8
  sglang_soft_watchdog_timeout .................... None
  sglang_spec_trace_dir ........................... None
  sglang_speculative_accept_threshold_acc ......... 1.0
  sglang_speculative_accept_threshold_single ...... 1.0
  sglang_speculative_adaptive ..................... False
  sglang_speculative_adaptive_config .............. None
  sglang_speculative_algorithm .................... None
  sglang_speculative_attention_mode ............... prefill
  sglang_speculative_dflash_block_size ............ None
  sglang_speculative_draft_attention_backend ...... None
  sglang_speculative_draft_load_format ............ None
  sglang_speculative_draft_model_path ............. None
  sglang_speculative_draft_model_quantization ..... None
  sglang_speculative_draft_model_revision ......... None
  sglang_speculative_draft_window_size ............ None
  sglang_speculative_eagle_topk ................... None
  sglang_speculative_moe_a2a_backend .............. None
  sglang_speculative_moe_runner_backend ........... None
  sglang_speculative_ngram_capacity ............... 10000000
  sglang_speculative_ngram_external_corpus_max_tokens  10000000
  sglang_speculative_ngram_external_corpus_path ... None
  sglang_speculative_ngram_external_sam_budget .... 0
  sglang_speculative_ngram_match_type ............. BFS
  sglang_speculative_ngram_max_bfs_breadth ........ 10
  sglang_speculative_ngram_max_trie_depth ......... 18
  sglang_speculative_ngram_min_bfs_breadth ........ 1
  sglang_speculative_num_draft_tokens ............. None
  sglang_speculative_num_steps .................... None
  sglang_speculative_skip_dp_mlp_sync ............. False
  sglang_speculative_token_map .................... None
  sglang_speculative_use_rejection_sampling ....... False
  sglang_ssl_ca_certs ............................. None
  sglang_ssl_certfile ............................. None
  sglang_ssl_keyfile .............................. None
  sglang_ssl_keyfile_password ..................... None
  sglang_stream_interval .......................... 1
  sglang_stream_response_default_include_usage .... False
  sglang_strip_thinking_cache ..................... False
  sglang_swa_full_tokens_ratio .................... 0.8
  sglang_tbo_token_distribution_threshold ......... 0.48
  sglang_tokenizer_backend ........................ huggingface
  sglang_tokenizer_metrics_allowed_custom_labels .. None
  sglang_tokenizer_metrics_custom_labels_header ... x-custom-labels
  sglang_tokenizer_mode ........................... auto
  sglang_tokenizer_path ........................... None
  sglang_tokenizer_worker_num ..................... 1
  sglang_tool_call_parser ......................... None
  sglang_tool_server .............................. None
  sglang_torch_compile_max_bs ..................... 32
  sglang_torchao_config ........................... 
  sglang_tp_size .................................. 1
  sglang_trace_modules ............................ request
  sglang_triton_attention_num_kv_splits ........... 8
  sglang_triton_attention_reduce_in_fp32 .......... False
  sglang_triton_attention_split_tile_size ......... None
  sglang_true_on_policy_contract .................. None
  sglang_use_ray .................................. False
  sglang_uvicorn_access_log_exclude_prefixes ...... []
  sglang_warmups .................................. None
  sglang_watchdog_timeout ......................... 300
  sglang_weight_loader_disable_mmap ............... False
  sglang_weight_loader_drop_cache_after_load ...... False
  sglang_weight_loader_prefetch_checkpoints ....... False
  sglang_weight_loader_prefetch_num_threads ....... 4
  sglang_weight_version ........................... default
  sharp_enabled_group ............................. None
  short_seq_prob .................................. 0.1
  skip_eval_before_train .......................... True
  skip_train ...................................... False
  skipped_train_samples ........................... 0
  softmax_type .................................... vanilla
  spec ............................................ ['miles_plugins.models.qwen3_5', 'get_qwen3_5_spec']
  split ........................................... None
  squared_relu .................................... False
  start_rollout_id ................................ 0
  start_weight_decay .............................. 0.1
  straggler_ctrlr_port ............................ 65535
  straggler_minmax_count .......................... 1
  strict_fsdp_dtensor_load ........................ True
  suggested_communication_unit_size ............... None
  swiglu .......................................... True
  swin_backbone_type .............................. tiny
  symmetric_ar_type ............................... None
  target_modules .................................. ['language_model.decoder.layers.*.self_attention.linear_qkv', 'language_model.decoder.layers.*.self_attention.linear_proj', 'language_model.decoder.layers.*.mlp.experts.linear_fc1', 'language_model.decoder.layers.*.mlp.experts.linear_fc2', 'language_model.decoder.layers.*.mlp.shared_experts.linear_fc1', 'language_model.decoder.layers.*.mlp.shared_experts.linear_fc2', 'language_model.decoder.layers.*.self_attention.in_proj', 'language_model.decoder.layers.*.self_attention.out_proj']
  tb_experiment_name .............................. None
  tb_project_name ................................. None
  te_precision_config_file ........................ None
  te_rng_tracker .................................. False
  tensor_model_parallel_size ...................... 2
  tensorboard_dir ................................. None
  tensorboard_log_interval ........................ 1
  tensorboard_queue_size .......................... 1000
  test_data_path .................................. None
  test_mode ....................................... False
  tiktoken_num_special_tokens ..................... 1000
  tiktoken_pattern ................................ None
  tiktoken_special_tokens ......................... None
  timing_log_level ................................ 0
  timing_log_option ............................... minmax
  tis_clip ........................................ 2.0
  tis_clip_low .................................... 0
  titles_data_path ................................ None
  tito_model ...................................... default
  tokenizer_hf_include_special_tokens ............. False
  tokenizer_hf_use_fast ........................... False
  tokenizer_metadata .............................. None
  tokenizer_model ................................. /workspace/ablations/qwen3-5-35b-matrix/models/Qwen3.5-35B-A3B-rand-bf16
  tokenizer_sentencepiece_legacy .................. False
  tokenizer_special_tokens ........................ None
  tokenizer_type .................................. HuggingFaceTokenizer
  tool_key ........................................ tools
  torch_fsdp2_reshard_after_forward ............... True
  tp_comm_bootstrap_backend ....................... nccl
  tp_comm_bulk_dgrad .............................. True
  tp_comm_bulk_wgrad .............................. True
  tp_comm_overlap ................................. False
  tp_comm_overlap_ag .............................. True
  tp_comm_overlap_cfg ............................. None
  tp_comm_overlap_rs .............................. True
  tp_comm_overlap_rs_dgrad ........................ False
  tp_comm_split_ag ................................ True
  tp_comm_split_rs ................................ True
  train_backend ................................... megatron
  train_data_path ................................. None
  train_env_vars .................................. {}
  train_iters ..................................... None
  train_memory_margin_bytes ....................... 1073741824
  train_samples ................................... None
  train_sync_interval ............................. None
  trainer_heartbeat_checker_failure_threshold ..... 3
  trainer_heartbeat_checker_first_wait ............ 300.0
  trainer_heartbeat_checker_interval .............. 10.0
  trainer_heartbeat_checker_timeout ............... 10.0
  transformer_impl ................................ transformer_engine
  transformer_pipeline_model_parallel_size ........ 1
  true_on_policy_contract ......................... None
  true_on_policy_mode ............................. False
  true_on_policy_vocab_size ....................... None
  trust_remote_code ............................... False
  untie_embeddings_and_output_weights ............. True
  update_weight_buffer_size ....................... 536870912
  update_weight_delta_checksum .................... xxh3-128
  update_weight_delta_encoding .................... xor
  update_weight_disk_dir .......................... None
  update_weight_local_checkpoint_dir .............. None
  update_weight_transfer_mode ..................... broadcast
  update_weights_interval ......................... 1
  use_checkpoint_args ............................. False
  use_checkpoint_opt_param_scheduler .............. False
  use_chunked_tp_logprob_loss ..................... True
  use_cpu_initialization .......................... None
  use_critic ...................................... False
  use_dist_ckpt ................................... True
  use_dist_ckpt_deprecated ........................ False
  use_distributed_optimizer ....................... True
  use_distributed_post ............................ False
  use_dynamic_batch_size .......................... False
  use_dynamic_global_batch_size ................... False
  use_fault_tolerance ............................. False
  use_flash_attn .................................. False
  use_fused_tp_logprob_kernel ..................... True
  use_fused_weighted_squared_relu ................. False
  use_indexer_replay .............................. False
  use_kitchen_attention ........................... False
  use_kl_loss ..................................... False
  use_legacy_models ............................... False
  use_legacy_static_engine ........................ False
  use_mamba_mem_eff_path .......................... True
  use_megatron_fsdp ............................... False
  use_miles_dashboard ............................. False
  use_miles_router ................................ False
  use_mlflow ...................................... False
  use_mp_args_from_checkpoint_args ................ False
  use_one_sent_docs ............................... False
  use_opd ......................................... False
  use_opsm ........................................ False
  use_persistent_ckpt_worker ...................... False
  use_precision_aware_optimizer ................... False
  use_prometheus .................................. False
  use_pytorch_profiler ............................ False
  use_ring_exchange_p2p ........................... False
  use_rollout_entropy ............................. False
  use_rollout_indexer_replay ...................... False
  use_rollout_logprobs ............................ False
  use_rollout_routing_replay ...................... False
  use_rope_scaling ................................ False
  use_rotary_position_embeddings .................. False
  use_routing_replay .............................. False
  use_session_server .............................. False
  use_sharp ....................................... False
  use_te_activation_func .......................... False
  use_tensorboard ................................. False
  use_tis ......................................... True
  use_tokenizer_model_from_checkpoint_args ........ True
  use_torch_fsdp2 ................................. False
  use_torch_optimizer_for_cpu_offload ............. False
  use_tp_pp_dp_mapping ............................ False
  use_unbiased_kl ................................. False
  use_wandb ....................................... False
  v_head_dim ...................................... 128
  valid_data_path ................................. None
  value_clip ...................................... 0.2
  variable_seq_lengths ............................ False
  virtual_pipeline_model_parallel_size ............ None
  vision_backbone_type ............................ vit
  vision_pretraining .............................. False
  vision_pretraining_type ......................... classify
  vocab_extra_ids ................................. 0
  vocab_file ...................................... None
  vocab_size ...................................... 248320
  wandb_always_use_train_step ..................... False
  wandb_dir ....................................... None
  wandb_entity .................................... None
  wandb_exp_name .................................. None
  wandb_group ..................................... None
  wandb_host ...................................... None
  wandb_key ....................................... None
  wandb_mode ...................................... None
  wandb_project ................................... None
  wandb_random_suffix ............................. True
  wandb_run_id .................................... None
  wandb_save_dir .................................. None
  wandb_team ...................................... None
  weight_decay .................................... 0.1
  weight_decay_incr_style ......................... constant
  wgrad_deferral_limit ............................ 0
  window_attn_skip_freq ........................... None
  window_size ..................................... None
  witness_buffer_size ............................. 1048576
  worker_urls ..................................... []
  world_size ...................................... 8
  yaml_cfg ........................................ None
-------------------- end of arguments ---------------------
[2026-07-28 10:36:22.104 main] placement_group.py:117 - Creating placement group with 8 GPUs...
2026-07-28 10:36:22,104	INFO worker.py:1683 -- Using address 10.56.0.7:6379 set in the environment variable RAY_ADDRESS
2026-07-28 10:36:22,113	INFO worker.py:1833 -- Connecting to existing Ray cluster at address: 10.56.0.7:6379...
2026-07-28 10:36:22,194	INFO worker.py:2015 -- Connected to Ray cluster. View the dashboard at [1m[32mhttp://10.56.0.7:8265 [39m[22m
[2026-07-28 10:36:23.103 main] placement_group.py:82 -   bundle    0, actual_bundle_index:    0, node: 10.56.0.7, gpu: 0
[2026-07-28 10:36:23.103 main] placement_group.py:82 -   bundle    1, actual_bundle_index:    1, node: 10.56.0.7, gpu: 1
[2026-07-28 10:36:23.103 main] placement_group.py:82 -   bundle    2, actual_bundle_index:    2, node: 10.56.0.7, gpu: 2
[2026-07-28 10:36:23.103 main] placement_group.py:82 -   bundle    3, actual_bundle_index:    3, node: 10.56.0.7, gpu: 3
[2026-07-28 10:36:23.103 main] placement_group.py:82 -   bundle    4, actual_bundle_index:    4, node: 10.56.0.7, gpu: 4
[2026-07-28 10:36:23.103 main] placement_group.py:82 -   bundle    5, actual_bundle_index:    5, node: 10.56.0.7, gpu: 5
[2026-07-28 10:36:23.103 main] placement_group.py:82 -   bundle    6, actual_bundle_index:    6, node: 10.56.0.7, gpu: 6
[2026-07-28 10:36:23.103 main] placement_group.py:82 -   bundle    7, actual_bundle_index:    7, node: 10.56.0.7, gpu: 7
[36m(pid=72999)[0m Unable to import `torchao` Tensor objects. This may affect loading checkpoints serialized with `torchao`
[36m(pid=72999)[0m /usr/local/lib/python3.12/dist-packages/modelopt/torch/__init__.py:51: UserWarning: transformers 5.12.1 is not tested with current version of modelopt and may cause issues. Please install recommended version with `pip install -U nvidia-modelopt[hf]` if working with HF models.
[36m(pid=72999)[0m   _warnings.warn(
[36m(pid=72999)[0m [ERROR] `cache_position` is part of Qwen3ASRThinkerTextModel.forward's signature, but not documented. Make sure to add it to the docstring of the function in /usr/local/lib/python3.12/dist-packages/megatron/bridge/models/qwen3_asr/hf_qwen3_asr/modeling_qwen3_asr.py.
[36m(pid=72999)[0m [ERROR] `cache_position` is part of Qwen3ASRThinkerForConditionalGeneration.forward's signature, but not documented. Make sure to add it to the docstring of the function in /usr/local/lib/python3.12/dist-packages/megatron/bridge/models/qwen3_asr/hf_qwen3_asr/modeling_qwen3_asr.py.
[36m(RolloutManager pid=72999)[0m MILES_EXPERIMENTAL_ROLLOUT_REFACTOR=1 is enabled (experimental feature)
[36m(RolloutManager pid=72999)[0m [2026-07-28 10:36:42.733 rollout_manager] rollout_manager.py:81 - import miles.rollout.inference_rollout.inference_rollout_common.InferenceRolloutFn as generate_rollout function.
[36m(RolloutManager pid=72999)[0m [2026-07-28 10:36:42.733 rollout_manager] rollout_manager.py:82 - import miles.rollout.inference_rollout.inference_rollout_common.InferenceRolloutFn as eval_generate_rollout function.
[36m(RolloutManager pid=72999)[0m [2026-07-28 10:36:42.752 rollout_manager] router_manager.py:58 - Launch router with args: RouterArgs(worker_urls=[], host='10.56.0.7', port=4077, mini_lb=False, test_external_dp_routing=False, pd_disaggregation=False, prefill_urls=[], decode_urls=[], policy='cache_aware', prefill_policy=None, decode_policy=None, worker_startup_timeout_secs=1800, worker_startup_check_interval=30, cache_threshold=0.3, balance_abs_threshold=64, balance_rel_threshold=1.5, eviction_interval_secs=60, max_tree_size=67108864, max_idle_secs=14400, assignment_mode='random', max_payload_size=536870912, bucket_adjust_interval_secs=5, dp_aware=False, enable_igw=False, api_key=None, log_dir=None, log_level='warn', json_log=False, service_discovery=False, selector={}, service_discovery_port=80, service_discovery_namespace=None, prefill_selector={}, decode_selector={}, bootstrap_port_annotation='sglang.ai/bootstrap-port', prometheus_port=4905, prometheus_host='0.0.0.0', prometheus_duration_buckets=None, request_id_headers=None, request_timeout_secs=14400, shutdown_grace_period_secs=180, max_concurrent_requests=-1, queue_size=100, queue_timeout_secs=60, rate_limit_tokens_per_second=None, cors_allowed_origins=[], retry_max_retries=5, retry_initial_backoff_ms=50, retry_max_backoff_ms=30000, retry_backoff_multiplier=1.5, retry_jitter_factor=0.2, disable_retries=False, health_failure_threshold=3, health_success_threshold=2, health_check_timeout_secs=5, health_check_interval_secs=60, health_check_endpoint='/health', disable_health_check=False, cb_failure_threshold=10, cb_success_threshold=3, cb_timeout_duration_secs=60, cb_window_duration_secs=120, disable_circuit_breaker=False, model_path=None, tokenizer_path=None, chat_template=None, tokenizer_cache_enable_l0=False, tokenizer_cache_l0_max_entries=10000, tokenizer_cache_enable_l1=False, tokenizer_cache_l1_max_memory=52428800, reasoning_parser=None, tool_call_parser=None, mcp_config_path=None, backend='sglang', history_backend='memory', oracle_wallet_path=None, oracle_tns_alias=None, oracle_connect_descriptor=None, oracle_username=None, oracle_password=None, oracle_pool_min=1, oracle_pool_max=16, oracle_pool_timeout_secs=30, postgres_db_url=None, postgres_pool_max=16, redis_url=None, redis_pool_max=16, redis_retention_days=30, client_cert_path=None, client_key_path=None, ca_cert_paths=[], server_cert_path=None, server_key_path=None, enable_trace=False, otlp_traces_endpoint='localhost:4317', control_plane_api_keys=[], control_plane_audit_enabled=False, jwt_issuer=None, jwt_audience=None, jwt_jwks_uri=None, jwt_role_mapping={})
[36m(RolloutManager pid=72999)[0m Unable to import `torchao` Tensor objects. This may affect loading checkpoints serialized with `torchao`
[36m(RolloutManager pid=72999)[0m /usr/local/lib/python3.12/dist-packages/modelopt/torch/__init__.py:51: UserWarning: transformers 5.12.1 is not tested with current version of modelopt and may cause issues. Please install recommended version with `pip install -U nvidia-modelopt[hf]` if working with HF models.
[36m(RolloutManager pid=72999)[0m   _warnings.warn(
[36m(RolloutManager pid=72999)[0m [ERROR] `cache_position` is part of Qwen3ASRThinkerTextModel.forward's signature, but not documented. Make sure to add it to the docstring of the function in /usr/local/lib/python3.12/dist-packages/megatron/bridge/models/qwen3_asr/hf_qwen3_asr/modeling_qwen3_asr.py.
[36m(RolloutManager pid=72999)[0m [ERROR] `cache_position` is part of Qwen3ASRThinkerForConditionalGeneration.forward's signature, but not documented. Make sure to add it to the docstring of the function in /usr/local/lib/python3.12/dist-packages/megatron/bridge/models/qwen3_asr/hf_qwen3_asr/modeling_qwen3_asr.py.
[36m(RolloutManager pid=72999)[0m [2026-07-28 10:36:56.261 rollout_manager] router_manager.py:76 - Router launched at 10.56.0.7:4077
[36m(RolloutManager pid=72999)[0m [2026-07-28 10:36:56.261 rollout_manager] rollout_server.py:55 - Engine group 'regular' gpu_offset=0 (abs=0): needs_offload=True
[36m(RolloutManager pid=72999)[0m [2026-07-28 10:36:56.297 rollout_manager] server_engine.py:56 - mark_allocated start old=
[36m(RolloutManager pid=72999)[0m [2026-07-28 10:36:56.297 rollout_manager] server_engine.py:59 - mark_allocated end new=actor_handle=Actor(SGLangEngine, 659cfd92f4a25e44666f54c202000000)
[36m(RolloutManager pid=72999)[0m [2026-07-28 10:36:56.299 rollout_manager] server_engine.py:56 - mark_allocated start old=
[36m(RolloutManager pid=72999)[0m [2026-07-28 10:36:56.299 rollout_manager] server_engine.py:59 - mark_allocated end new=actor_handle=Actor(SGLangEngine, e7184cf19657c3de8c7e700102000000)
[36m(RolloutManager pid=72999)[0m Using blocking ray.get inside async actor. This blocks the event loop. Please use `await` on object ref with asyncio.gather if you want to yield execution to the event loop instead.
[36m(pid=73621)[0m Unable to import `torchao` Tensor objects. This may affect loading checkpoints serialized with `torchao`
[36m(pid=73622)[0m Unable to import `torchao` Tensor objects. This may affect loading checkpoints serialized with `torchao`
[36m(pid=73621)[0m /usr/local/lib/python3.12/dist-packages/modelopt/torch/__init__.py:51: UserWarning: transformers 5.12.1 is not tested with current version of modelopt and may cause issues. Please install recommended version with `pip install -U nvidia-modelopt[hf]` if working with HF models.
[36m(pid=73621)[0m   _warnings.warn(
[36m(pid=73621)[0m [ERROR] `cache_position` is part of Qwen3ASRThinkerForConditionalGeneration.forward's signature, but not documented. Make sure to add it to the docstring of the function in /usr/local/lib/python3.12/dist-packages/megatron/bridge/models/qwen3_asr/hf_qwen3_asr/modeling_qwen3_asr.py.[32m [repeated 2x across cluster] (Ray deduplicates logs by default. Set RAY_DEDUP_LOGS=0 to disable log deduplication, or see https://docs.ray.io/en/master/ray-observability/user-guides/configure-logging.html#log-deduplication for more options.)[0m
[36m(RolloutManager pid=72999)[0m [2026-07-28 10:37:12.189 rollout_manager] addr_allocator.py:110 - Ports for engine 0: {'host': '10.56.0.7', 'port': 15000, 'nccl_port': 15001, 'engine_info_bootstrap_port': 15002, 'dist_init_addr': '10.56.0.7:15006'}
[36m(RolloutManager pid=72999)[0m [2026-07-28 10:37:12.190 rollout_manager] addr_allocator.py:110 - Ports for engine 1: {'host': '10.56.0.7', 'port': 15003, 'nccl_port': 15004, 'engine_info_bootstrap_port': 15005, 'dist_init_addr': '10.56.0.7:15037'}
[36m(SGLangEngine pid=73621)[0m [2026-07-28 10:37:23] Virtual expert computation enabled.
[36m(SGLangEngine pid=73621)[0m [2026-07-28 10:37:23] server_args=ServerArgs(model_path='/workspace/ablations/qwen3-5-35b-matrix/models/Qwen3.5-35B-A3B-rand-bf16', tokenizer_path='/workspace/ablations/qwen3-5-35b-matrix/models/Qwen3.5-35B-A3B-rand-bf16', tokenizer_mode='auto', tokenizer_backend='huggingface', tokenizer_worker_num=1, detokenizer_worker_num=1, skip_tokenizer_init=False, load_format='auto', model_loader_extra_config='{}', trust_remote_code=True, context_length=None, is_embedding=False, enable_multimodal=None, revision=None, model_impl='auto', model_config_parser='auto', json_model_override_args='{}', dtype='bfloat16', quantization=None, quantization_param_path=None, kv_cache_dtype='auto', enable_fp32_lm_head=False, modelopt_quant=None, modelopt_checkpoint_restore_path=None, modelopt_checkpoint_save_path=None, modelopt_export_path=None, quantize_and_serve=False, rl_quant_profile=None, enable_tf32_matmul=False, mem_fraction_static=0.4, max_running_requests=64, max_queued_requests=None, max_total_tokens=None, chunked_prefill_size=8192, enable_dynamic_chunking=False, max_prefill_tokens=16384, prefill_max_requests=None, schedule_policy='fcfs', enable_priority_scheduling=False, disable_priority_preemption=False, default_priority_value=None, abort_on_priority_when_disabled=False, schedule_low_priority_values_first=False, priority_scheduling_preemption_threshold=10, schedule_conservativeness=1.0, page_size=1, swa_full_tokens_ratio=0.8, disable_hybrid_swa_memory=False, radix_eviction_policy='lru', prefill_only_disable_kv_cache=False, disable_radix_cache=False, enable_page_major_kv_layout=False, enable_unified_memory=False, disable_chunked_prefix_cache=False, disable_overlap_schedule=False, num_continuous_decode_steps=1, scheduler_recv_interval=1, enable_mixed_chunk=False, nccl_port=15001, dist_timeout=None, dist_init_addr='10.56.0.7:15006', nnodes=1, node_rank=0, tp_size=4, dcp_size=1, pp_size=1, pp_max_micro_batch_size=None, pp_async_batch_depth=0, dp_size=1, load_balance_method='round_robin', attn_cp_size=1, moe_dp_size=1, enable_prefill_cp=False, cp_strategy=None, enable_dsa_prefill_context_parallel=False, dsa_prefill_cp_mode='round-robin-split', enable_prefill_context_parallel=False, prefill_cp_mode='in-seq-split', enable_dp_attention=False, enable_dp_attention_local_control_broadcast=False, enable_dp_lm_head=False, enable_attn_tp_input_scattered=False, disable_attn_tp_gather=False, enable_p2p_check=False, device='cuda', base_gpu_id=0, gpu_id_step=1, random_seed=1234, watchdog_timeout=300, soft_watchdog_timeout=None, sleep_on_idle=False, use_ray=False, custom_sigquit_handler=None, numa_node=None, gc_threshold=None, host='10.56.0.7', port=15000, fastapi_root_path='', grpc_mode=False, skip_server_warmup=True, warmups=None, enable_http2=False, ssl_keyfile=None, ssl_certfile=None, ssl_ca_certs=None, ssl_keyfile_password=None, enable_ssl_refresh=False, api_key=None, admin_api_key=None, served_model_name='/workspace/ablations/qwen3-5-35b-matrix/models/Qwen3.5-35B-A3B-rand-bf16', weight_version='default', chat_template=None, hf_chat_template_name=None, completion_template=None, file_storage_path='sglang_storage', enable_cache_report=False, reasoning_parser=None, strip_thinking_cache=False, enable_strict_thinking=False, tool_call_parser=None, tool_server=None, sampling_defaults='model', asr_max_buffer_seconds=60, asr_max_concurrent_sessions=32, preferred_sampling_params=None, allow_auto_truncate=False, stream_interval=1, batch_notify_size=16, stream_response_default_include_usage=False, incremental_streaming_output=False, enable_streaming_session=False, enable_session_radix_cache=False, log_level='info', log_level_http=None, log_requests=False, log_requests_level=2, log_requests_format='text', log_requests_target=None, uvicorn_access_log_exclude_prefixes=[], crash_dump_folder=None, show_time_cost=False, enable_metrics=True, grpc_http_sidecar_port=None, enable_mfu_metrics=False, enable_metrics_for_all_schedulers=False, load_snapshot_publish_interval=15, tokenizer_metrics_custom_labels_header='x-custom-labels', tokenizer_metrics_allowed_custom_labels=None, extra_metric_labels=None, bucket_time_to_first_token=None, bucket_inter_token_latency=None, bucket_e2e_request_latency=None, prompt_tokens_buckets=None, generation_tokens_buckets=None, gc_warning_threshold_secs=0.0, decode_log_interval=40, enable_request_time_stats_logging=False, kv_events_config=None, enable_forward_pass_metrics=False, forward_pass_metrics_worker_id='', forward_pass_metrics_ipc_name=None, enable_trace=False, trace_modules='request', otlp_traces_endpoint='localhost:4317', export_metrics_to_file=False, export_metrics_to_file_dir=None, stat_loggers=None, constrained_json_whitespace_pattern=None, constrained_json_disable_any_whitespace=False, attention_backend='fa3', decode_attention_backend=None, prefill_attention_backend=None, sampling_backend='flashinfer', grammar_backend='xgrammar', radix_cache_backend=None, mm_attention_backend=None, fp8_gemm_runner_backend='auto', fp4_gemm_runner_backend='auto', bf16_gemm_backend='auto', dsa_prefill_backend=None, dsa_decode_backend=None, dsa_paged_mqa_logits_backend='auto', dsa_topk_backend='sgl-kernel', disable_flashinfer_autotune=False, mamba_backend='triton', cuda_graph_config=CudaGraphConfig(decode=PhaseConfig(backend='disabled', max_bs=512, bs=[1, 2, 4, 8, 12, 16, 24, 32, 40, 48, 56, 64, 72, 80, 88, 96, 104, 112, 120, 128, 136, 144, 152, 160, 168, 176, 184, 192, 200, 208, 216, 224, 232, 240, 248, 256, 272, 288, 304, 320, 336, 352, 368, 384, 400, 416, 432, 448, 464, 480, 496, 512], tc_compiler='eager', full_prefill_max_req=None), prefill=PhaseConfig(backend='disabled', max_bs=8192, bs=[4, 8, 12, 16, 20, 24, 28, 32, 48, 64, 80, 96, 112, 128, 144, 160, 176, 192, 208, 224, 240, 256, 288, 320, 352, 384, 416, 448, 480, 512, 576, 640, 704, 768, 832, 896, 960, 1024, 1280, 1536, 1792, 2048, 2304, 2560, 2816, 3072, 3328, 3584, 3840, 4096, 4608, 5120, 5632, 6144, 6656, 7168, 7680, 8192], tc_compiler='eager', full_prefill_max_req=None)), cuda_graph_backend_decode='disabled', cuda_graph_backend_prefill='disabled', cuda_graph_max_bs_decode=None, cuda_graph_max_bs_prefill=None, cuda_graph_bs_decode=None, cuda_graph_bs_prefill=None, cuda_graph_tc_compiler=None, disable_prefill_cuda_graph=False, disable_decode_cuda_graph=False, disable_cuda_graph=False, disable_draft_cuda_graph=False, disable_cuda_graph_padding=False, enable_profile_cuda_graph=False, enable_cudagraph_gc=False, debug_cuda_graph=False, enable_layerwise_nvtx_marker=False, enable_nccl_nvls=False, enable_symm_mem=False, triton_attention_reduce_in_fp32=False, triton_attention_num_kv_splits=8, triton_attention_split_tile_size=None, flashinfer_mla_disable_ragged=False, enable_fused_qk_norm_rope=False, enable_precise_embedding_interpolation=False, enable_fused_moe_sum_all_reduce=False, enable_deepseek_v4_fp4_indexer=False, disable_custom_all_reduce=False, enable_mscclpp=False, enable_torch_symm_mem=False, pre_warm_nccl=False, enable_quant_communications=False, enable_flashinfer_allreduce_fusion=False, enforce_disable_flashinfer_allreduce_fusion=False, flashinfer_allreduce_fusion_backend='auto', enable_aiter_allreduce_fusion=False, enable_torch_compile=False, enable_torch_compile_debug_mode=False, torch_compile_max_bs=32, torchao_config='', speculative_algorithm=None, speculative_draft_model_path=None, speculative_draft_model_revision=None, speculative_draft_load_format=None, speculative_num_steps=None, speculative_eagle_topk=None, speculative_num_draft_tokens=None, speculative_dflash_block_size=None, speculative_accept_threshold_single=1.0, speculative_accept_threshold_acc=1.0, speculative_use_rejection_sampling=False, speculative_token_map=None, speculative_attention_mode='prefill', speculative_draft_attention_backend=None, speculative_draft_window_size=None, speculative_moe_runner_backend='triton', speculative_moe_a2a_backend=None, speculative_draft_model_quantization=None, speculative_skip_dp_mlp_sync=False, enable_multi_layer_eagle=False, speculative_adaptive=False, speculative_adaptive_config=None, decoupled_spec_bind_endpoint=None, decoupled_spec_connect_endpoints=None, decoupled_spec_rank=None, decoupled_spec_role='null', spec_trace_dir=None, speculative_ngram_min_bfs_breadth=1, speculative_ngram_max_bfs_breadth=10, speculative_ngram_match_type='BFS', speculative_ngram_max_trie_depth=18, speculative_ngram_capacity=10000000, speculative_ngram_external_corpus_path=None, speculative_ngram_external_sam_budget=0, speculative_ngram_external_corpus_max_tokens=10000000, ep_size=1, moe_a2a_backend='none', moe_runner_backend='triton', flashinfer_mxfp4_moe_precision='default', deepep_mode='auto', deepep_dispatcher_output_dtype='auto', ep_num_redundant_experts=0, ep_dispatch_algorithm=None, init_expert_location='trivial', enable_eplb=False, eplb_algorithm='auto', eplb_rebalance_num_iterations=1000, eplb_rebalance_layers_per_chunk=None, eplb_min_rebalancing_utilization_threshold=1.0, expert_distribution_recorder_mode=None, expert_distribution_recorder_buffer_size=1000, enable_expert_distribution_metrics=False, deepep_config=None, moe_dense_tp_size=None, elastic_ep_backend=None, enable_elastic_expert_backup=False, mooncake_ib_device=None, enable_deepep_waterfill=False, elastic_ep_rejoin=False, disable_flashinfer_cutlass_moe_fp4_allgather=False, disable_shared_experts_fusion=False, enforce_shared_experts_fusion=False, max_mamba_cache_size=None, mamba_ssm_dtype=None, enable_mamba_cache_stochastic_rounding=False, mamba_cache_philox_rounds=0, mamba_full_memory_ratio=0.9, mamba_radix_cache_strategy='extra_buffer', uses_mamba_radix_cache=True, mamba_track_interval=256, enable_int8_mamba_checkpoint=False, int8_mamba_ckpt_size=None, linear_attn_backend='triton', linear_attn_decode_backend=None, linear_attn_prefill_backend=None, enable_linear_replayssm=False, linear_replayssm_cache_len=16, enable_hierarchical_cache=False, hicache_ratio=2.0, hicache_size=0, hicache_write_policy='write_through', hicache_io_backend='kernel', hicache_mem_layout='page_first', hicache_storage_backend=None, hicache_storage_prefetch_policy='timeout', hicache_storage_backend_extra_config=None, enable_hisparse=False, hisparse_config=None, enable_broadcast_mm_inputs_process=False, enable_prefix_mm_cache=False, mm_enable_dp_encoder=False, mm_process_config={}, limit_mm_data_per_request=None, enable_mm_global_cache=False, disable_fast_image_processor=False, keep_mm_feature_on_device=False, enable_lora=True, enable_lora_overlap_loading=False, max_lora_rank=32, lora_target_modules={'in_proj_qkvz', 'out_proj', 'v_proj', 'q_proj', 'down_proj', 'o_proj', 'up_proj', 'gate_proj', 'k_proj', 'in_proj_ba'}, lora_paths=[], max_loaded_loras=None, max_loras_per_batch=1, lora_eviction_policy='lru', lora_backend='triton', max_lora_chunk_size=16, experts_shared_outer_loras=True, lora_use_virtual_experts=True, lora_strict_loading=False, lora_drain_wait_threshold=0.0, enable_two_batch_overlap=False, enable_single_batch_overlap=False, tbo_token_distribution_threshold=0.48, cpu_offload_gb=0, offload_group_size=-1, offload_num_in_group=1, offload_prefetch_step=1, offload_mode='cpu', enable_lmcache=False, lmcache_config_file=None, kt_weight_path=None, kt_method='AMXINT4', kt_cpuinfer=None, kt_threadpool_count=2, kt_num_gpu_experts=None, kt_max_deferred_experts_per_token=None, dllm_algorithm=None, dllm_algorithm_config=None, disaggregation_mode='null', disaggregation_transfer_backend='mooncake', disaggregation_bootstrap_port=8998, disaggregation_ib_device=None, disaggregation_decode_enable_radix_cache=False, disaggregation_decode_enable_offload_kvcache=False, num_reserved_decode_tokens=512, disaggregation_decode_extra_slots=None, disaggregation_decode_polling_interval=1, optimistic_prefill_retries=0, encoder_only=False, language_only=False, encoder_transfer_backend='zmq_to_scheduler', encoder_urls=[], encoder_bootstrap_port=8997, encoder_register_urls=[], enable_adaptive_dispatch_to_encoder=False, enable_pdmux=False, pdmux_config_path=None, sm_group_num=8, custom_weight_loader=[], custom_pull_weights_pre_read_hook=None, weight_loader_disable_mmap=False, weight_loader_prefetch_checkpoints=False, weight_loader_prefetch_num_threads=4, weight_loader_drop_cache_after_load=False, remote_instance_weight_loader_seed_instance_ip=None, remote_instance_weight_loader_seed_instance_service_port=None, remote_instance_weight_loader_send_weights_group_ports=None, remote_instance_weight_loader_backend='nccl', remote_instance_weight_loader_start_seed_via_transfer_engine=False, engine_info_bootstrap_port=15002, modelexpress_config=None, download_dir=None, model_checksum=None, delete_ckpt_after_loading=False, decrypted_config_file=None, decrypted_draft_config_file=None, checkpoint_engine_wait_weights_before_ready=False, enable_prefill_delayer=False, prefill_delayer_max_delay_passes=30, prefill_delayer_token_usage_low_watermark=None, prefill_delayer_forward_passes_buckets=None, prefill_delayer_wait_seconds_buckets=None, prefill_delayer_queue_min_ratio=None, prefill_delayer_max_delay_ms=None, min_free_slots_delay=None, enable_deterministic_inference=False, enable_prefill_only_deterministic_inference=False, true_on_policy_contract=None, rl_on_policy_target=None, kv_canary='none', kv_canary_real_data='none', kv_canary_sweep_interval=0, enable_dynamic_batch_tokenizer=False, dynamic_batch_tokenizer_batch_size=32, dynamic_batch_tokenizer_batch_timeout=0.002, enable_tokenizer_batch_encode=False, disable_tokenizer_batch_decode=False, debug_tensor_dump_output_folder=None, debug_tensor_dump_layers=None, debug_tensor_dump_input_file=None, enable_memory_saver=True, enable_weights_cpu_backup=True, enable_draft_weights_cpu_backup=True, enable_custom_logit_processor=False, enable_return_hidden_states=False, enable_return_routed_experts=False, enable_return_indexer_topk=False, disable_outlines_disk_cache=False, enable_mis=False, forward_hooks=None, msprobe_dump_config=None)
[36m(pid=73622)[0m /usr/local/lib/python3.12/dist-packages/modelopt/torch/__init__.py:51: UserWarning: transformers 5.12.1 is not tested with current version of modelopt and may cause issues. Please install recommended version with `pip install -U nvidia-modelopt[hf]` if working with HF models.
[36m(pid=73622)[0m   _warnings.warn(
[36m(SGLangEngine pid=73622)[0m [2026-07-28 10:37:24] server_args=ServerArgs(model_path='/workspace/ablations/qwen3-5-35b-matrix/models/Qwen3.5-35B-A3B-rand-bf16', tokenizer_path='/workspace/ablations/qwen3-5-35b-matrix/models/Qwen3.5-35B-A3B-rand-bf16', tokenizer_mode='auto', tokenizer_backend='huggingface', tokenizer_worker_num=1, detokenizer_worker_num=1, skip_tokenizer_init=False, load_format='auto', model_loader_extra_config='{}', trust_remote_code=True, context_length=None, is_embedding=False, enable_multimodal=None, revision=None, model_impl='auto', model_config_parser='auto', json_model_override_args='{}', dtype='bfloat16', quantization=None, quantization_param_path=None, kv_cache_dtype='auto', enable_fp32_lm_head=False, modelopt_quant=None, modelopt_checkpoint_restore_path=None, modelopt_checkpoint_save_path=None, modelopt_export_path=None, quantize_and_serve=False, rl_quant_profile=None, enable_tf32_matmul=False, mem_fraction_static=0.4, max_running_requests=64, max_queued_requests=None, max_total_tokens=None, chunked_prefill_size=8192, enable_dynamic_chunking=False, max_prefill_tokens=16384, prefill_max_requests=None, schedule_policy='fcfs', enable_priority_scheduling=False, disable_priority_preemption=False, default_priority_value=None, abort_on_priority_when_disabled=False, schedule_low_priority_values_first=False, priority_scheduling_preemption_threshold=10, schedule_conservativeness=1.0, page_size=1, swa_full_tokens_ratio=0.8, disable_hybrid_swa_memory=False, radix_eviction_policy='lru', prefill_only_disable_kv_cache=False, disable_radix_cache=False, enable_page_major_kv_layout=False, enable_unified_memory=False, disable_chunked_prefix_cache=False, disable_overlap_schedule=False, num_continuous_decode_steps=1, scheduler_recv_interval=1, enable_mixed_chunk=False, nccl_port=15004, dist_timeout=None, dist_init_addr='10.56.0.7:15037', nnodes=1, node_rank=0, tp_size=4, dcp_size=1, pp_size=1, pp_max_micro_batch_size=None, pp_async_batch_depth=0, dp_size=1, load_balance_method='round_robin', attn_cp_size=1, moe_dp_size=1, enable_prefill_cp=False, cp_strategy=None, enable_dsa_prefill_context_parallel=False, dsa_prefill_cp_mode='round-robin-split', enable_prefill_context_parallel=False, prefill_cp_mode='in-seq-split', enable_dp_attention=False, enable_dp_attention_local_control_broadcast=False, enable_dp_lm_head=False, enable_attn_tp_input_scattered=False, disable_attn_tp_gather=False, enable_p2p_check=False, device='cuda', base_gpu_id=4, gpu_id_step=1, random_seed=1235, watchdog_timeout=300, soft_watchdog_timeout=None, sleep_on_idle=False, use_ray=False, custom_sigquit_handler=None, numa_node=None, gc_threshold=None, host='10.56.0.7', port=15003, fastapi_root_path='', grpc_mode=False, skip_server_warmup=True, warmups=None, enable_http2=False, ssl_keyfile=None, ssl_certfile=None, ssl_ca_certs=None, ssl_keyfile_password=None, enable_ssl_refresh=False, api_key=None, admin_api_key=None, served_model_name='/workspace/ablations/qwen3-5-35b-matrix/models/Qwen3.5-35B-A3B-rand-bf16', weight_version='default', chat_template=None, hf_chat_template_name=None, completion_template=None, file_storage_path='sglang_storage', enable_cache_report=False, reasoning_parser=None, strip_thinking_cache=False, enable_strict_thinking=False, tool_call_parser=None, tool_server=None, sampling_defaults='model', asr_max_buffer_seconds=60, asr_max_concurrent_sessions=32, preferred_sampling_params=None, allow_auto_truncate=False, stream_interval=1, batch_notify_size=16, stream_response_default_include_usage=False, incremental_streaming_output=False, enable_streaming_session=False, enable_session_radix_cache=False, log_level='info', log_level_http=None, log_requests=False, log_requests_level=2, log_requests_format='text', log_requests_target=None, uvicorn_access_log_exclude_prefixes=[], crash_dump_folder=None, show_time_cost=False, enable_metrics=True, grpc_http_sidecar_port=None, enable_mfu_metrics=False, enable_metrics_for_all_schedulers=False, load_snapshot_publish_interval=15, tokenizer_metrics_custom_labels_header='x-custom-labels', tokenizer_metrics_allowed_custom_labels=None, extra_metric_labels=None, bucket_time_to_first_token=None, bucket_inter_token_latency=None, bucket_e2e_request_latency=None, prompt_tokens_buckets=None, generation_tokens_buckets=None, gc_warning_threshold_secs=0.0, decode_log_interval=40, enable_request_time_stats_logging=False, kv_events_config=None, enable_forward_pass_metrics=False, forward_pass_metrics_worker_id='', forward_pass_metrics_ipc_name=None, enable_trace=False, trace_modules='request', otlp_traces_endpoint='localhost:4317', export_metrics_to_file=False, export_metrics_to_file_dir=None, stat_loggers=None, constrained_json_whitespace_pattern=None, constrained_json_disable_any_whitespace=False, attention_backend='fa3', decode_attention_backend=None, prefill_attention_backend=None, sampling_backend='flashinfer', grammar_backend='xgrammar', radix_cache_backend=None, mm_attention_backend=None, fp8_gemm_runner_backend='auto', fp4_gemm_runner_backend='auto', bf16_gemm_backend='auto', dsa_prefill_backend=None, dsa_decode_backend=None, dsa_paged_mqa_logits_backend='auto', dsa_topk_backend='sgl-kernel', disable_flashinfer_autotune=False, mamba_backend='triton', cuda_graph_config=CudaGraphConfig(decode=PhaseConfig(backend='disabled', max_bs=512, bs=[1, 2, 4, 8, 12, 16, 24, 32, 40, 48, 56, 64, 72, 80, 88, 96, 104, 112, 120, 128, 136, 144, 152, 160, 168, 176, 184, 192, 200, 208, 216, 224, 232, 240, 248, 256, 272, 288, 304, 320, 336, 352, 368, 384, 400, 416, 432, 448, 464, 480, 496, 512], tc_compiler='eager', full_prefill_max_req=None), prefill=PhaseConfig(backend='disabled', max_bs=8192, bs=[4, 8, 12, 16, 20, 24, 28, 32, 48, 64, 80, 96, 112, 128, 144, 160, 176, 192, 208, 224, 240, 256, 288, 320, 352, 384, 416, 448, 480, 512, 576, 640, 704, 768, 832, 896, 960, 1024, 1280, 1536, 1792, 2048, 2304, 2560, 2816, 3072, 3328, 3584, 3840, 4096, 4608, 5120, 5632, 6144, 6656, 7168, 7680, 8192], tc_compiler='eager', full_prefill_max_req=None)), cuda_graph_backend_decode='disabled', cuda_graph_backend_prefill='disabled', cuda_graph_max_bs_decode=None, cuda_graph_max_bs_prefill=None, cuda_graph_bs_decode=None, cuda_graph_bs_prefill=None, cuda_graph_tc_compiler=None, disable_prefill_cuda_graph=False, disable_decode_cuda_graph=False, disable_cuda_graph=False, disable_draft_cuda_graph=False, disable_cuda_graph_padding=False, enable_profile_cuda_graph=False, enable_cudagraph_gc=False, debug_cuda_graph=False, enable_layerwise_nvtx_marker=False, enable_nccl_nvls=False, enable_symm_mem=False, triton_attention_reduce_in_fp32=False, triton_attention_num_kv_splits=8, triton_attention_split_tile_size=None, flashinfer_mla_disable_ragged=False, enable_fused_qk_norm_rope=False, enable_precise_embedding_interpolation=False, enable_fused_moe_sum_all_reduce=False, enable_deepseek_v4_fp4_indexer=False, disable_custom_all_reduce=False, enable_mscclpp=False, enable_torch_symm_mem=False, pre_warm_nccl=False, enable_quant_communications=False, enable_flashinfer_allreduce_fusion=False, enforce_disable_flashinfer_allreduce_fusion=False, flashinfer_allreduce_fusion_backend='auto', enable_aiter_allreduce_fusion=False, enable_torch_compile=False, enable_torch_compile_debug_mode=False, torch_compile_max_bs=32, torchao_config='', speculative_algorithm=None, speculative_draft_model_path=None, speculative_draft_model_revision=None, speculative_draft_load_format=None, speculative_num_steps=None, speculative_eagle_topk=None, speculative_num_draft_tokens=None, speculative_dflash_block_size=None, speculative_accept_threshold_single=1.0, speculative_accept_threshold_acc=1.0, speculative_use_rejection_sampling=False, speculative_token_map=None, speculative_attention_mode='prefill', speculative_draft_attention_backend=None, speculative_draft_window_size=None, speculative_moe_runner_backend='triton', speculative_moe_a2a_backend=None, speculative_draft_model_quantization=None, speculative_skip_dp_mlp_sync=False, enable_multi_layer_eagle=False, speculative_adaptive=False, speculative_adaptive_config=None, decoupled_spec_bind_endpoint=None, decoupled_spec_connect_endpoints=None, decoupled_spec_rank=None, decoupled_spec_role='null', spec_trace_dir=None, speculative_ngram_min_bfs_breadth=1, speculative_ngram_max_bfs_breadth=10, speculative_ngram_match_type='BFS', speculative_ngram_max_trie_depth=18, speculative_ngram_capacity=10000000, speculative_ngram_external_corpus_path=None, speculative_ngram_external_sam_budget=0, speculative_ngram_external_corpus_max_tokens=10000000, ep_size=1, moe_a2a_backend='none', moe_runner_backend='triton', flashinfer_mxfp4_moe_precision='default', deepep_mode='auto', deepep_dispatcher_output_dtype='auto', ep_num_redundant_experts=0, ep_dispatch_algorithm=None, init_expert_location='trivial', enable_eplb=False, eplb_algorithm='auto', eplb_rebalance_num_iterations=1000, eplb_rebalance_layers_per_chunk=None, eplb_min_rebalancing_utilization_threshold=1.0, expert_distribution_recorder_mode=None, expert_distribution_recorder_buffer_size=1000, enable_expert_distribution_metrics=False, deepep_config=None, moe_dense_tp_size=None, elastic_ep_backend=None, enable_elastic_expert_backup=False, mooncake_ib_device=None, enable_deepep_waterfill=False, elastic_ep_rejoin=False, disable_flashinfer_cutlass_moe_fp4_allgather=False, disable_shared_experts_fusion=False, enforce_shared_experts_fusion=False, max_mamba_cache_size=None, mamba_ssm_dtype=None, enable_mamba_cache_stochastic_rounding=False, mamba_cache_philox_rounds=0, mamba_full_memory_ratio=0.9, mamba_radix_cache_strategy='extra_buffer', uses_mamba_radix_cache=True, mamba_track_interval=256, enable_int8_mamba_checkpoint=False, int8_mamba_ckpt_size=None, linear_attn_backend='triton', linear_attn_decode_backend=None, linear_attn_prefill_backend=None, enable_linear_replayssm=False, linear_replayssm_cache_len=16, enable_hierarchical_cache=False, hicache_ratio=2.0, hicache_size=0, hicache_write_policy='write_through', hicache_io_backend='kernel', hicache_mem_layout='page_first', hicache_storage_backend=None, hicache_storage_prefetch_policy='timeout', hicache_storage_backend_extra_config=None, enable_hisparse=False, hisparse_config=None, enable_broadcast_mm_inputs_process=False, enable_prefix_mm_cache=False, mm_enable_dp_encoder=False, mm_process_config={}, limit_mm_data_per_request=None, enable_mm_global_cache=False, disable_fast_image_processor=False, keep_mm_feature_on_device=False, enable_lora=True, enable_lora_overlap_loading=False, max_lora_rank=32, lora_target_modules={'v_proj', 'o_proj', 'in_proj_qkvz', 'out_proj', 'up_proj', 'in_proj_ba', 'gate_proj', 'k_proj', 'q_proj', 'down_proj'}, lora_paths=[], max_loaded_loras=None, max_loras_per_batch=1, lora_eviction_policy='lru', lora_backend='triton', max_lora_chunk_size=16, experts_shared_outer_loras=True, lora_use_virtual_experts=True, lora_strict_loading=False, lora_drain_wait_threshold=0.0, enable_two_batch_overlap=False, enable_single_batch_overlap=False, tbo_token_distribution_threshold=0.48, cpu_offload_gb=0, offload_group_size=-1, offload_num_in_group=1, offload_prefetch_step=1, offload_mode='cpu', enable_lmcache=False, lmcache_config_file=None, kt_weight_path=None, kt_method='AMXINT4', kt_cpuinfer=None, kt_threadpool_count=2, kt_num_gpu_experts=None, kt_max_deferred_experts_per_token=None, dllm_algorithm=None, dllm_algorithm_config=None, disaggregation_mode='null', disaggregation_transfer_backend='mooncake', disaggregation_bootstrap_port=8998, disaggregation_ib_device=None, disaggregation_decode_enable_radix_cache=False, disaggregation_decode_enable_offload_kvcache=False, num_reserved_decode_tokens=512, disaggregation_decode_extra_slots=None, disaggregation_decode_polling_interval=1, optimistic_prefill_retries=0, encoder_only=False, language_only=False, encoder_transfer_backend='zmq_to_scheduler', encoder_urls=[], encoder_bootstrap_port=8997, encoder_register_urls=[], enable_adaptive_dispatch_to_encoder=False, enable_pdmux=False, pdmux_config_path=None, sm_group_num=8, custom_weight_loader=[], custom_pull_weights_pre_read_hook=None, weight_loader_disable_mmap=False, weight_loader_prefetch_checkpoints=False, weight_loader_prefetch_num_threads=4, weight_loader_drop_cache_after_load=False, remote_instance_weight_loader_seed_instance_ip=None, remote_instance_weight_loader_seed_instance_service_port=None, remote_instance_weight_loader_send_weights_group_ports=None, remote_instance_weight_loader_backend='nccl', remote_instance_weight_loader_start_seed_via_transfer_engine=False, engine_info_bootstrap_port=15005, modelexpress_config=None, download_dir=None, model_checksum=None, delete_ckpt_after_loading=False, decrypted_config_file=None, decrypted_draft_config_file=None, checkpoint_engine_wait_weights_before_ready=False, enable_prefill_delayer=False, prefill_delayer_max_delay_passes=30, prefill_delayer_token_usage_low_watermark=None, prefill_delayer_forward_passes_buckets=None, prefill_delayer_wait_seconds_buckets=None, prefill_delayer_queue_min_ratio=None, prefill_delayer_max_delay_ms=None, min_free_slots_delay=None, enable_deterministic_inference=False, enable_prefill_only_deterministic_inference=False, true_on_policy_contract=None, rl_on_policy_target=None, kv_canary='none', kv_canary_real_data='none', kv_canary_sweep_interval=0, enable_dynamic_batch_tokenizer=False, dynamic_batch_tokenizer_batch_size=32, dynamic_batch_tokenizer_batch_timeout=0.002, enable_tokenizer_batch_encode=False, disable_tokenizer_batch_decode=False, debug_tensor_dump_output_folder=None, debug_tensor_dump_layers=None, debug_tensor_dump_input_file=None, enable_memory_saver=True, enable_weights_cpu_backup=True, enable_draft_weights_cpu_backup=True, enable_custom_logit_processor=False, enable_return_hidden_states=False, enable_return_routed_experts=False, enable_return_indexer_topk=False, disable_outlines_disk_cache=False, enable_mis=False, forward_hooks=None, msprobe_dump_config=None)
[36m(SGLangEngine pid=73621)[0m [2026-07-28 10:37:24] Detected Megatron Core, using Megatron-FSDP with Megatron.
[36m(SGLangEngine pid=73621)[0m [2026-07-28 10:37:24] Detected Megatron Core, using Megatron-FSDP with Megatron.
[36m(SGLangEngine pid=73621)[0m [transformers] The `use_fast` parameter is deprecated and will be removed in a future version. Use `backend="torchvision"` instead of `use_fast=True`, or `backend="pil"` instead of `use_fast=False`.
[36m(SGLangEngine pid=73621)[0m [2026-07-28 10:37:29] Using default HuggingFace chat template with detected content format: string
[36m(SGLangEngine pid=73622)[0m [2026-07-28 10:37:24] Virtual expert computation enabled.
[36m(SGLangEngine pid=73621)[0m [2026-07-28 10:37:29] Auto-detected template features: reasoning_parser=deepseek-r1
[36m(SGLangEngine pid=73622)[0m [2026-07-28 10:37:26] Detected Megatron Core, using Megatron-FSDP with Megatron.[32m [repeated 2x across cluster][0m
[36m(SGLangEngine pid=73621)[0m [transformers] The `use_fast` parameter is deprecated and will be removed in a future version. Use `backend="torchvision"` instead of `use_fast=True`, or `backend="pil"` instead of `use_fast=False`.[32m [repeated 2x across cluster][0m
[36m(SGLangEngine pid=73622)[0m [2026-07-28 10:37:31] Using default HuggingFace chat template with detected content format: string
[36m(SGLangEngine pid=73622)[0m [2026-07-28 10:37:31] Auto-detected template features: reasoning_parser=deepseek-r1
[36m(SGLangEngine pid=73621)[0m [2026-07-28 10:37:36 TP3] Detected Megatron Core, using Megatron-FSDP with Megatron.[32m [repeated 6x across cluster][0m
[36m(SGLangEngine pid=73621)[0m [2026-07-28 10:37:38 TP2] Init torch distributed begin.
[36m(SGLangEngine pid=73621)[0m [2026-07-28 10:37:38 TP1] Init torch distributed begin.
[36m(SGLangEngine pid=73621)[0m [2026-07-28 10:37:38 TP3] Init torch distributed begin.
[36m(SGLangEngine pid=73622)[0m [transformers] The `use_fast` parameter is deprecated and will be removed in a future version. Use `backend="torchvision"` instead of `use_fast=True`, or `backend="pil"` instead of `use_fast=False`.[32m [repeated 7x across cluster][0m
[36m(SGLangEngine pid=73621)[0m [rank2]:[W728 10:37:41.904889834 ProcessGroupGloo.cpp:524] Warning: Unable to resolve hostname to a (local) address. Using the loopback address as fallback. Manually set the network interface to bind to with GLOO_SOCKET_IFNAME. (function operator())
[36m(SGLangEngine pid=73621)[0m [rank3]:[W728 10:37:41.114896152 ProcessGroupGloo.cpp:524] Warning: Unable to resolve hostname to a (local) address. Using the loopback address as fallback. Manually set the network interface to bind to with GLOO_SOCKET_IFNAME. (function operator())
[36m(SGLangEngine pid=73622)[0m [2026-07-28 10:37:38 TP0] Detected Megatron Core, using Megatron-FSDP with Megatron.[32m [repeated 10x across cluster][0m
[36m(SGLangEngine pid=73621)[0m [2026-07-28 10:37:41 TP0] sglang is using nccl==2.28.9
[36m(SGLangEngine pid=73621)[0m [2026-07-28 10:37:43 TP0] Init torch distributed ends. elapsed=3.47 s, mem usage=1.37 GB
[36m(SGLangEngine pid=73621)[0m [2026-07-28 10:37:43 TP3] Init torch distributed ends. elapsed=4.70 s, mem usage=1.18 GB
[36m(SGLangEngine pid=73621)[0m [2026-07-28 10:37:43 TP2] Init torch distributed ends. elapsed=5.30 s, mem usage=1.42 GB
[36m(SGLangEngine pid=73621)[0m [2026-07-28 10:37:43 TP1] Init torch distributed ends. elapsed=5.28 s, mem usage=1.42 GB
[36m(SGLangEngine pid=73622)[0m [2026-07-28 10:37:40 TP0] Init torch distributed begin.[32m [repeated 5x across cluster][0m
[36m(SGLangEngine pid=73621)[0m [2026-07-28 10:37:44 TP0] Load weight begin. avail mem=137.86 GB
[36m(SGLangEngine pid=73621)[0m [2026-07-28 10:37:44 TP2] Load weight begin. avail mem=137.81 GB
[36m(SGLangEngine pid=73621)[0m [2026-07-28 10:37:44 TP1] Load weight begin. avail mem=137.81 GB
[36m(SGLangEngine pid=73621)[0m [2026-07-28 10:37:44 TP3] Load weight begin. avail mem=138.05 GB
[36m(SGLangEngine pid=73621)[0m [2026-07-28 10:37:44 TP0] Multimodal attention backend not set. Use fa3.
[36m(SGLangEngine pid=73621)[0m [2026-07-28 10:37:44 TP0] Using fa3 as multimodal attention backend.
[36m(SGLangEngine pid=73621)[0m [2026-07-28 10:37:44 TP2] Multimodal attention backend not set. Use fa3.
[36m(SGLangEngine pid=73621)[0m [2026-07-28 10:37:44 TP2] Using fa3 as multimodal attention backend.
[36m(SGLangEngine pid=73621)[0m [2026-07-28 10:37:44 TP1] Multimodal attention backend not set. Use fa3.
[36m(SGLangEngine pid=73621)[0m [2026-07-28 10:37:44 TP1] Using fa3 as multimodal attention backend.
[36m(SGLangEngine pid=73621)[0m [2026-07-28 10:37:44 TP3] Multimodal attention backend not set. Use fa3.
[36m(SGLangEngine pid=73621)[0m [2026-07-28 10:37:44 TP3] Using fa3 as multimodal attention backend.
[36m(SGLangEngine pid=73621)[0m [transformers] `torch_dtype` is deprecated! Use `dtype` instead!
[36m(SGLangEngine pid=73621)[0m [2026-07-28 10:37:44 TP0] FlashInfer TRTLLM MoE deferred finalize is disabled (moe_runner_backend=triton, quant_method=UnquantizedFusedMoEMethod).
[36m(SGLangEngine pid=73621)[0m [transformers] `torch_dtype` is deprecated! Use `dtype` instead!
[36m(SGLangEngine pid=73621)[0m [2026-07-28 10:37:44 TP2] FlashInfer TRTLLM MoE deferred finalize is disabled (moe_runner_backend=triton, quant_method=UnquantizedFusedMoEMethod).
[36m(SGLangEngine pid=73621)[0m [transformers] `torch_dtype` is deprecated! Use `dtype` instead!
[36m(SGLangEngine pid=73621)[0m [2026-07-28 10:37:44 TP1] FlashInfer TRTLLM MoE deferred finalize is disabled (moe_runner_backend=triton, quant_method=UnquantizedFusedMoEMethod).
[36m(SGLangEngine pid=73621)[0m [2026-07-28 10:37:44 TP0] using attn output gate!
[36m(SGLangEngine pid=73621)[0m [transformers] `torch_dtype` is deprecated! Use `dtype` instead!
[36m(SGLangEngine pid=73621)[0m [2026-07-28 10:37:44 TP2] using attn output gate!
[36m(SGLangEngine pid=73621)[0m [2026-07-28 10:37:44 TP3] FlashInfer TRTLLM MoE deferred finalize is disabled (moe_runner_backend=triton, quant_method=UnquantizedFusedMoEMethod).
[36m(SGLangEngine pid=73621)[0m [2026-07-28 10:37:44 TP1] using attn output gate!
[36m(SGLangEngine pid=73621)[0m [2026-07-28 10:37:44 TP3] using attn output gate!
[36m(SGLangEngine pid=73621)[0m 
Multi-thread loading shards:   0% Completed | 0/14 [00:00<?, ?it/s]
[36m(SGLangEngine pid=73621)[0m 
Multi-thread loading shards:   7% Completed | 1/14 [00:00<00:05,  2.57it/s]
[36m(SGLangEngine pid=73622)[0m [rank0]:[W728 10:37:41.728574109 ProcessGroupGloo.cpp:524] Warning: Unable to resolve hostname to a (local) address. Using the loopback address as fallback. Manually set the network interface to bind to with GLOO_SOCKET_IFNAME. (function operator())[32m [repeated 6x across cluster][0m
[36m(SGLangEngine pid=73622)[0m [2026-07-28 10:37:41 TP0] sglang is using nccl==2.28.9
[36m(SGLangEngine pid=73622)[0m [2026-07-28 10:37:43 TP1] Init torch distributed ends. elapsed=3.08 s, mem usage=1.42 GB[32m [repeated 4x across cluster][0m
[36m(SGLangEngine pid=73622)[0m [2026-07-28 10:37:44 TP0] Load weight begin. avail mem=137.86 GB[32m [repeated 4x across cluster][0m
[36m(SGLangEngine pid=73622)[0m [2026-07-28 10:37:44 TP0] Multimodal attention backend not set. Use fa3.[32m [repeated 4x across cluster][0m
[36m(SGLangEngine pid=73622)[0m [2026-07-28 10:37:44 TP0] Using fa3 as multimodal attention backend.[32m [repeated 4x across cluster][0m
[36m(SGLangEngine pid=73622)[0m [transformers] `torch_dtype` is deprecated! Use `dtype` instead![32m [repeated 4x across cluster][0m
[36m(SGLangEngine pid=73622)[0m [2026-07-28 10:37:44 TP0] FlashInfer TRTLLM MoE deferred finalize is disabled (moe_runner_backend=triton, quant_method=UnquantizedFusedMoEMethod).[32m [repeated 4x across cluster][0m
[36m(SGLangEngine pid=73622)[0m [2026-07-28 10:37:44 TP0] using attn output gate![32m [repeated 4x across cluster][0m
[36m(SGLangEngine pid=73622)[0m 
Multi-thread loading shards:   0% Completed | 0/14 [00:00<?, ?it/s]
[36m(SGLangEngine pid=73621)[0m 
Multi-thread loading shards:  79% Completed | 11/14 [00:06<00:02,  1.21it/s][32m [repeated 20x across cluster][0m
[36m(SGLangEngine pid=73621)[0m [2026-07-28 10:37:52 TP1] Load weight end. elapsed=8.35 s, type=Qwen3_5MoeForConditionalGeneration, avail mem=121.33 GB, mem usage=16.49 GB.
[36m(SGLangEngine pid=73621)[0m 
Multi-thread loading shards: 100% Completed | 14/14 [00:08<00:00,  1.57it/s]
Multi-thread loading shards: 100% Completed | 14/14 [00:08<00:00,  1.71it/s]
[36m(SGLangEngine pid=73621)[0m [2026-07-28 10:37:52 TP0] Using triton as backend of LoRA kernels.
[36m(SGLangEngine pid=73621)[0m [2026-07-28 10:37:52 TP2] Using triton as backend of LoRA kernels.
[36m(SGLangEngine pid=73621)[0m [2026-07-28 10:37:52 TP3] Using triton as backend of LoRA kernels.
[36m(SGLangEngine pid=73621)[0m [2026-07-28 10:37:52 TP1] Using triton as backend of LoRA kernels.
[36m(SGLangEngine pid=73621)[0m [2026-07-28 10:37:52 TP0] Shared outer LoRA mode enabled: gate_up lora_A and down lora_B will be shared across experts (expert_dim=1).
[36m(SGLangEngine pid=73621)[0m [2026-07-28 10:37:52 TP2] Shared outer LoRA mode enabled: gate_up lora_A and down lora_B will be shared across experts (expert_dim=1).
[36m(SGLangEngine pid=73621)[0m [2026-07-28 10:37:52 TP3] Shared outer LoRA mode enabled: gate_up lora_A and down lora_B will be shared across experts (expert_dim=1).
[36m(SGLangEngine pid=73621)[0m [2026-07-28 10:37:52 TP1] Shared outer LoRA mode enabled: gate_up lora_A and down lora_B will be shared across experts (expert_dim=1).
[36m(SGLangEngine pid=73621)[0m [2026-07-28 10:37:54 TP0] Mamba Cache is allocated. max_mamba_cache_size: 1206, conv_state size: 0.41GB, ssm_state size: 17.68GB 
[36m(SGLangEngine pid=73621)[0m [2026-07-28 10:37:54 TP3] Mamba Cache is allocated. max_mamba_cache_size: 1206, conv_state size: 0.41GB, ssm_state size: 17.68GB 
[36m(SGLangEngine pid=73621)[0m [2026-07-28 10:37:54 TP2] Mamba Cache is allocated. max_mamba_cache_size: 1206, conv_state size: 0.41GB, ssm_state size: 17.68GB 
[36m(SGLangEngine pid=73621)[0m [2026-07-28 10:37:54 TP1] Mamba Cache is allocated. max_mamba_cache_size: 1206, conv_state size: 0.41GB, ssm_state size: 17.68GB 
[36m(SGLangEngine pid=73621)[0m [2026-07-28 10:37:54 TP3] KV Cache is allocated. dtype: torch.bfloat16, #tokens: 2107698, K size: 10.05 GB, V size: 10.05 GB
[36m(SGLangEngine pid=73621)[0m [2026-07-28 10:37:54 TP3] Memory pool end. avail mem=82.84 GB
[36m(SGLangEngine pid=73621)[0m [2026-07-28 10:37:54 TP1] KV Cache is allocated. dtype: torch.bfloat16, #tokens: 2107698, K size: 10.05 GB, V size: 10.05 GB
[36m(SGLangEngine pid=73621)[0m [2026-07-28 10:37:54 TP2] KV Cache is allocated. dtype: torch.bfloat16, #tokens: 2107698, K size: 10.05 GB, V size: 10.05 GB
[36m(SGLangEngine pid=73621)[0m [2026-07-28 10:37:54 TP2] Memory pool end. avail mem=82.60 GB
[36m(SGLangEngine pid=73621)[0m [2026-07-28 10:37:54 TP1] Memory pool end. avail mem=82.60 GB
[36m(SGLangEngine pid=73621)[0m [2026-07-28 10:37:54 TP0] KV Cache is allocated. dtype: torch.bfloat16, #tokens: 2107698, K size: 10.05 GB, V size: 10.05 GB
[36m(SGLangEngine pid=73621)[0m [2026-07-28 10:37:54 TP0] Memory pool end. avail mem=82.65 GB
[36m(SGLangEngine pid=73621)[0m [2026-07-28 10:37:54 TP3] Using hybrid linear attention backend for hybrid GDN models.
[36m(SGLangEngine pid=73621)[0m [2026-07-28 10:37:54 TP2] Using hybrid linear attention backend for hybrid GDN models.
[36m(SGLangEngine pid=73621)[0m [2026-07-28 10:37:54 TP1] Using hybrid linear attention backend for hybrid GDN models.
[36m(SGLangEngine pid=73621)[0m [2026-07-28 10:37:54 TP0] Linear attention kernel backend: decode=triton, prefill=triton
[36m(SGLangEngine pid=73621)[0m [2026-07-28 10:37:54 TP0] Using hybrid linear attention backend for hybrid GDN models.
[36m(SGLangEngine pid=73621)[0m [2026-07-28 10:37:54 TP0] GDN kernel dispatcher: decode=TritonGDNKernel, extend=TritonGDNKernel, verify=TritonGDNKernel packed_decode=True
[36m(SGLangEngine pid=73621)[0m /usr/local/lib/python3.12/dist-packages/torch/distributed/c10d_logger.py:83: UserWarning: barrier(): using the device under current context. You can specify `device_id` in `init_process_group` to mute this warning.
[36m(SGLangEngine pid=73621)[0m   return func(*args, **kwargs)
[36m(SGLangEngine pid=73621)[0m [rank0]:[W728 10:37:55.916516457 ProcessGroupNCCL.cpp:5188] Guessing device ID based on global rank. This can cause a hang if rank to GPU mapping is heterogeneous. You can specify device_id in init_process_group()
[36m(SGLangEngine pid=73621)[0m [2026-07-28 10:37:56 TP0] FlashInfer AllReduce Fusion enabled and workspace initialized: backend=trtllm, rank=0, world_size=4, max_token_num=2048, hidden_dim=2048
[36m(SGLangEngine pid=73621)[0m [2026-07-28 10:37:56 TP1] FlashInfer AllReduce Fusion enabled and workspace initialized: backend=trtllm, rank=1, world_size=4, max_token_num=2048, hidden_dim=2048
[36m(SGLangEngine pid=73621)[0m [2026-07-28 10:37:56 TP2] FlashInfer AllReduce Fusion enabled and workspace initialized: backend=trtllm, rank=2, world_size=4, max_token_num=2048, hidden_dim=2048
[36m(SGLangEngine pid=73621)[0m [2026-07-28 10:37:56 TP3] FlashInfer AllReduce Fusion enabled and workspace initialized: backend=trtllm, rank=3, world_size=4, max_token_num=2048, hidden_dim=2048
[36m(SGLangEngine pid=73622)[0m 
Multi-thread loading shards:  93% Completed | 13/14 [00:07<00:00,  1.26it/s][32m [repeated 5x across cluster][0m
[36m(SGLangEngine pid=73621)[0m [2026-07-28 10:37:56 TP0] FlashInfer AllReduce Fusion enabled and workspace initialized: backend=trtllm, rank=0, world_size=4, max_token_num=2048, hidden_dim=2048
[36m(SGLangEngine pid=73621)[0m [2026-07-28 10:37:56 TP1] FlashInfer AllReduce Fusion enabled and workspace initialized: backend=trtllm, rank=1, world_size=4, max_token_num=2048, hidden_dim=2048
[36m(SGLangEngine pid=73621)[0m [2026-07-28 10:37:56 TP3] FlashInfer AllReduce Fusion enabled and workspace initialized: backend=trtllm, rank=3, world_size=4, max_token_num=2048, hidden_dim=2048
[36m(SGLangEngine pid=73621)[0m [2026-07-28 10:37:56 TP2] FlashInfer AllReduce Fusion enabled and workspace initialized: backend=trtllm, rank=2, world_size=4, max_token_num=2048, hidden_dim=2048
[36m(SGLangEngine pid=73621)[0m [2026-07-28 10:37:56 TP0] Disable prefill CUDA graph because cuda_graph_config resolved prefill.backend='disabled' (e.g. via --cuda-graph-backend-prefill=disabled or auto-disable rules).
[36m(SGLangEngine pid=73621)[0m [2026-07-28 10:37:56 TP3] Disable prefill CUDA graph because cuda_graph_config resolved prefill.backend='disabled' (e.g. via --cuda-graph-backend-prefill=disabled or auto-disable rules).
[36m(SGLangEngine pid=73621)[0m [2026-07-28 10:37:56 TP2] Disable prefill CUDA graph because cuda_graph_config resolved prefill.backend='disabled' (e.g. via --cuda-graph-backend-prefill=disabled or auto-disable rules).
[36m(SGLangEngine pid=73621)[0m [2026-07-28 10:37:56 TP1] Disable prefill CUDA graph because cuda_graph_config resolved prefill.backend='disabled' (e.g. via --cuda-graph-backend-prefill=disabled or auto-disable rules).
[36m(SGLangEngine pid=73621)[0m [2026-07-28 10:37:56 TP0] max_total_num_tokens=2107698, chunked_prefill_size=8192, max_prefill_tokens=16384, max_running_requests=64, context_len=262144, available_gpu_mem=79.95 GB
[36m(SGLangEngine pid=73621)[0m [2026-07-28 10:37:56 TP3] Tree cache initialized: source=default impl=MambaRadixCache hybrid_swa=False hybrid_ssm=True hierarchical=False streaming_wrapped=False
[36m(SGLangEngine pid=73621)[0m [2026-07-28 10:37:56 TP2] Tree cache initialized: source=default impl=MambaRadixCache hybrid_swa=False hybrid_ssm=True hierarchical=False streaming_wrapped=False
[36m(SGLangEngine pid=73621)[0m [2026-07-28 10:37:56 TP0] Tree cache initialized: source=default impl=MambaRadixCache hybrid_swa=False hybrid_ssm=True hierarchical=False streaming_wrapped=False
[36m(SGLangEngine pid=73621)[0m [2026-07-28 10:37:56 TP1] Tree cache initialized: source=default impl=MambaRadixCache hybrid_swa=False hybrid_ssm=True hierarchical=False streaming_wrapped=False
[36m(SGLangEngine pid=73621)[0m [2026-07-28 10:37:58] INFO:     Started server process [74029]
[36m(SGLangEngine pid=73621)[0m [2026-07-28 10:37:58] INFO:     Waiting for application startup.
[36m(SGLangEngine pid=73621)[0m [2026-07-28 10:37:58] Using default chat sampling params from model generation config: {'temperature': 1.0, 'top_k': 20, 'top_p': 0.95}
[36m(SGLangEngine pid=73622)[0m [2026-07-28 10:37:52 TP1] Load weight end. elapsed=8.30 s, type=Qwen3_5MoeForConditionalGeneration, avail mem=121.33 GB, mem usage=16.49 GB.[32m [repeated 7x across cluster][0m
[36m(SGLangEngine pid=73622)[0m 
Multi-thread loading shards: 100% Completed | 14/14 [00:08<00:00,  1.62it/s]
Multi-thread loading shards: 100% Completed | 14/14 [00:08<00:00,  1.74it/s]
[36m(SGLangEngine pid=73622)[0m [2026-07-28 10:37:52 TP2] Using triton as backend of LoRA kernels.[32m [repeated 4x across cluster][0m
[36m(SGLangEngine pid=73622)[0m [2026-07-28 10:37:52 TP2] Shared outer LoRA mode enabled: gate_up lora_A and down lora_B will be shared across experts (expert_dim=1).[32m [repeated 4x across cluster][0m
[36m(SGLangEngine pid=73621)[0m [2026-07-28 10:37:58] The server is fired up and ready to roll!
[36m(SGLangEngine pid=73621)[0m [2026-07-28 10:37:58] INFO:     Application startup complete.
[36m(SGLangEngine pid=73621)[0m [2026-07-28 10:37:58] INFO:     Uvicorn running on http://10.56.0.7:15000 (Press CTRL+C to quit)
[36m(SGLangEngine pid=73622)[0m [2026-07-28 10:38:15 TP2] Using default MoE kernel config. Performance might be sub-optimal! Config file not found at /sgl-workspace/sglang/python/sglang/srt/layers/moe/moe_runner/triton_utils/configs/triton_3_6_0/E=256,N=128,device_name=NVIDIA_H200.json, you can create them with https://github.com/sgl-project/sglang/tree/main/benchmark/kernels/fused_moe_triton
[36m(SGLangEngine pid=73622)[0m [2026-07-28 10:38:15 TP1] Using default MoE kernel config. Performance might be sub-optimal! Config file not found at /sgl-workspace/sglang/python/sglang/srt/layers/moe/moe_runner/triton_utils/configs/triton_3_6_0/E=256,N=128,device_name=NVIDIA_H200.json, you can create them with https://github.com/sgl-project/sglang/tree/main/benchmark/kernels/fused_moe_triton
[36m(SGLangEngine pid=73622)[0m [2026-07-28 10:38:15 TP2] Using MoE kernel config with down_moe=False. Performance might be sub-optimal! Config file not found at /sgl-workspace/sglang/python/sglang/srt/layers/moe/moe_runner/triton_utils/configs/triton_3_6_0/E=256,N=128,device_name=NVIDIA_H200_down.json, you can create them with https://github.com/sgl-project/sglang/tree/main/benchmark/kernels/fused_moe_triton
[36m(SGLangEngine pid=73622)[0m [2026-07-28 10:38:15 TP1] Using MoE kernel config with down_moe=False. Performance might be sub-optimal! Config file not found at /sgl-workspace/sglang/python/sglang/srt/layers/moe/moe_runner/triton_utils/configs/triton_3_6_0/E=256,N=128,device_name=NVIDIA_H200_down.json, you can create them with https://github.com/sgl-project/sglang/tree/main/benchmark/kernels/fused_moe_triton
[36m(SGLangEngine pid=73622)[0m [2026-07-28 10:38:15 TP0] Using default MoE kernel config. Performance might be sub-optimal! Config file not found at /sgl-workspace/sglang/python/sglang/srt/layers/moe/moe_runner/triton_utils/configs/triton_3_6_0/E=256,N=128,device_name=NVIDIA_H200.json, you can create them with https://github.com/sgl-project/sglang/tree/main/benchmark/kernels/fused_moe_triton
[36m(SGLangEngine pid=73622)[0m [2026-07-28 10:38:15 TP0] Using MoE kernel config with down_moe=False. Performance might be sub-optimal! Config file not found at /sgl-workspace/sglang/python/sglang/srt/layers/moe/moe_runner/triton_utils/configs/triton_3_6_0/E=256,N=128,device_name=NVIDIA_H200_down.json, you can create them with https://github.com/sgl-project/sglang/tree/main/benchmark/kernels/fused_moe_triton
[36m(SGLangEngine pid=73622)[0m [2026-07-28 10:38:15 TP3] Using default MoE kernel config. Performance might be sub-optimal! Config file not found at /sgl-workspace/sglang/python/sglang/srt/layers/moe/moe_runner/triton_utils/configs/triton_3_6_0/E=256,N=128,device_name=NVIDIA_H200.json, you can create them with https://github.com/sgl-project/sglang/tree/main/benchmark/kernels/fused_moe_triton
[36m(SGLangEngine pid=73622)[0m [2026-07-28 10:38:15 TP3] Using MoE kernel config with down_moe=False. Performance might be sub-optimal! Config file not found at /sgl-workspace/sglang/python/sglang/srt/layers/moe/moe_runner/triton_utils/configs/triton_3_6_0/E=256,N=128,device_name=NVIDIA_H200_down.json, you can create them with https://github.com/sgl-project/sglang/tree/main/benchmark/kernels/fused_moe_triton
[36m(SGLangEngine pid=73622)[0m [2026-07-28 10:37:54 TP3] Mamba Cache is allocated. max_mamba_cache_size: 1206, conv_state size: 0.41GB, ssm_state size: 17.68GB [32m [repeated 4x across cluster][0m
[36m(SGLangEngine pid=73622)[0m [2026-07-28 10:37:54 TP3] KV Cache is allocated. dtype: torch.bfloat16, #tokens: 2107698, K size: 10.05 GB, V size: 10.05 GB[32m [repeated 4x across cluster][0m
[36m(SGLangEngine pid=73622)[0m [2026-07-28 10:37:54 TP3] Memory pool end. avail mem=82.84 GB[32m [repeated 4x across cluster][0m
[36m(SGLangEngine pid=73622)[0m [2026-07-28 10:37:54 TP3] Using hybrid linear attention backend for hybrid GDN models.[32m [repeated 4x across cluster][0m
[36m(SGLangEngine pid=73622)[0m [2026-07-28 10:37:54 TP0] Linear attention kernel backend: decode=triton, prefill=triton
[36m(SGLangEngine pid=73622)[0m [2026-07-28 10:37:54 TP0] GDN kernel dispatcher: decode=TritonGDNKernel, extend=TritonGDNKernel, verify=TritonGDNKernel packed_decode=True
[36m(SGLangEngine pid=73622)[0m /usr/local/lib/python3.12/dist-packages/torch/distributed/c10d_logger.py:83: UserWarning: barrier(): using the device under current context. You can specify `device_id` in `init_process_group` to mute this warning.
[36m(SGLangEngine pid=73622)[0m   return func(*args, **kwargs)
[36m(SGLangEngine pid=73622)[0m [rank0]:[W728 10:37:55.979885666 ProcessGroupNCCL.cpp:5188] Guessing device ID based on global rank. This can cause a hang if rank to GPU mapping is heterogeneous. You can specify device_id in init_process_group()
[36m(SGLangEngine pid=73622)[0m [2026-07-28 10:37:57 TP3] FlashInfer AllReduce Fusion enabled and workspace initialized: backend=trtllm, rank=3, world_size=4, max_token_num=2048, hidden_dim=2048[32m [repeated 8x across cluster][0m
[36m(SGLangEngine pid=73622)[0m [2026-07-28 10:37:57 TP1] Disable prefill CUDA graph because cuda_graph_config resolved prefill.backend='disabled' (e.g. via --cuda-graph-backend-prefill=disabled or auto-disable rules).[32m [repeated 4x across cluster][0m
[36m(SGLangEngine pid=73622)[0m [2026-07-28 10:37:57 TP0] max_total_num_tokens=2107698, chunked_prefill_size=8192, max_prefill_tokens=16384, max_running_requests=64, context_len=262144, available_gpu_mem=82.19 GB
[36m(SGLangEngine pid=73622)[0m [2026-07-28 10:37:57 TP3] Tree cache initialized: source=default impl=MambaRadixCache hybrid_swa=False hybrid_ssm=True hierarchical=False streaming_wrapped=False[32m [repeated 4x across cluster][0m
[36m(SGLangEngine pid=73622)[0m [2026-07-28 10:37:58] INFO:     Started server process [74031]
[36m(SGLangEngine pid=73622)[0m [2026-07-28 10:37:58] INFO:     Waiting for application startup.
[36m(SGLangEngine pid=73622)[0m [2026-07-28 10:37:58] Using default chat sampling params from model generation config: {'temperature': 1.0, 'top_k': 20, 'top_p': 0.95}
[36m(SGLangEngine pid=73622)[0m [2026-07-28 10:37:58] The server is fired up and ready to roll!
[36m(SGLangEngine pid=73622)[0m [2026-07-28 10:37:58] INFO:     Application startup complete.
[36m(SGLangEngine pid=73622)[0m [2026-07-28 10:37:58] INFO:     Uvicorn running on http://10.56.0.7:15003 (Press CTRL+C to quit)
[36m(SGLangEngine pid=73621)[0m [2026-07-28 10:38:19] Health check failed. Server couldn't get a response from detokenizer for last 20 seconds. tic start time: 10:37:59. last_heartbeat time: 10:37:29
[36m(SGLangEngine pid=73621)[0m [2026-07-28 10:38:19] INFO:     10.56.0.7:59082 - "GET /health_generate HTTP/1.1" 503 Service Unavailable
[36m(pid=73622)[0m [ERROR] `cache_position` is part of Qwen3ASRThinkerForConditionalGeneration.forward's signature, but not documented. Make sure to add it to the docstring of the function in /usr/local/lib/python3.12/dist-packages/megatron/bridge/models/qwen3_asr/hf_qwen3_asr/modeling_qwen3_asr.py.[32m [repeated 2x across cluster][0m
[36m(SGLangEngine pid=73621)[0m [2026-07-28 10:38:22 TP0] Prefill batch, #new-seq: 1, #new-token: 1, #cached-token: 0, full token usage: 0.00, mamba usage: 0.00, #running-req: 0, #queue-req: 0, #pending-token: 0, cuda graph: False, input throughput (token/s): 0.04
[36m(SGLangEngine pid=73621)[0m [2026-07-28 10:38:16 TP1] Using default MoE kernel config. Performance might be sub-optimal! Config file not found at /sgl-workspace/sglang/python/sglang/srt/layers/moe/moe_runner/triton_utils/configs/triton_3_6_0/E=256,N=128,device_name=NVIDIA_H200.json, you can create them with https://github.com/sgl-project/sglang/tree/main/benchmark/kernels/fused_moe_triton[32m [repeated 4x across cluster][0m
[36m(SGLangEngine pid=73621)[0m [2026-07-28 10:38:16 TP1] Using MoE kernel config with down_moe=False. Performance might be sub-optimal! Config file not found at /sgl-workspace/sglang/python/sglang/srt/layers/moe/moe_runner/triton_utils/configs/triton_3_6_0/E=256,N=128,device_name=NVIDIA_H200_down.json, you can create them with https://github.com/sgl-project/sglang/tree/main/benchmark/kernels/fused_moe_triton[32m [repeated 4x across cluster][0m
[36m(SGLangEngine pid=73621)[0m [2026-07-28 10:38:22 TP0] Reset HybridReqToTokenPool
[36m(SGLangEngine pid=73621)[0m [2026-07-28 10:38:22 TP1] Reset HybridReqToTokenPool
[36m(SGLangEngine pid=73621)[0m [2026-07-28 10:38:22 TP2] Reset HybridReqToTokenPool
[36m(SGLangEngine pid=73621)[0m [2026-07-28 10:38:22 TP3] Reset HybridReqToTokenPool
[36m(SGLangEngine pid=73621)[0m [2026-07-28 10:38:22 TP0] Cache flushed successfully!
[36m(SGLangEngine pid=73621)[0m [2026-07-28 10:38:22] WARNING:  Invalid HTTP request received.
[36m(SGLangEngine pid=73621)[0m [2026-07-28 10:38:22] WARNING:  Invalid HTTP request received.
[36m(SGLangEngine pid=73621)[0m [2026-07-28 10:38:22] INFO:     10.56.0.7:59082 - "GET /health_generate HTTP/1.1" 200 OK
[36m(SGLangEngine pid=73621)[0m [2026-07-28 10:38:22] INFO:     10.56.0.7:59082 - "GET /flush_cache HTTP/1.1" 200 OK
[36m(SGLangEngine pid=73621)[0m [2026-07-28 10:38:22] INFO:     10.56.0.7:34682 - "PRI %2A HTTP/2.0" 404 Not Found
[36m(SGLangEngine pid=73621)[0m [2026-07-28 10:38:22] INFO:     10.56.0.7:34672 - "GET /health HTTP/1.1" 200 OK
[36m(SGLangEngine pid=73621)[0m [2026-07-28 10:38:22] INFO:     10.56.0.7:34686 - "PRI %2A HTTP/2.0" 404 Not Found
[36m(SGLangEngine pid=73621)[0m [2026-07-28 10:38:22] INFO:     10.56.0.7:34692 - "GET /server_info HTTP/1.1" 200 OK
[36m(SGLangEngine pid=73621)[0m [2026-07-28 10:38:22] INFO:     10.56.0.7:34692 - "GET /model_info HTTP/1.1" 200 OK
[36m(RolloutManager pid=72999)[0m [2026-07-28 10:38:23.221 rollout_manager] server_engine.py:56 - mark_alive start old=actor_handle=Actor(SGLangEngine, 659cfd92f4a25e44666f54c202000000)
[36m(RolloutManager pid=72999)[0m [2026-07-28 10:38:23.221 rollout_manager] server_engine.py:59 - mark_alive end new=actor_handle=Actor(SGLangEngine, 659cfd92f4a25e44666f54c202000000)
[36m(RolloutManager pid=72999)[0m [2026-07-28 10:38:23.221 rollout_manager] server_engine.py:56 - mark_alive start old=actor_handle=Actor(SGLangEngine, e7184cf19657c3de8c7e700102000000)
[36m(RolloutManager pid=72999)[0m [2026-07-28 10:38:23.221 rollout_manager] server_engine.py:59 - mark_alive end new=actor_handle=Actor(SGLangEngine, e7184cf19657c3de8c7e700102000000)
[36m(SGLangEngine pid=73621)[0m [2026-07-28 10:38:23 TP0] Reset HybridReqToTokenPool
[36m(SGLangEngine pid=73621)[0m [2026-07-28 10:38:23 TP2] Reset HybridReqToTokenPool
[36m(SGLangEngine pid=73621)[0m [2026-07-28 10:38:23 TP1] Reset HybridReqToTokenPool
[36m(SGLangEngine pid=73621)[0m [2026-07-28 10:38:23 TP3] Reset HybridReqToTokenPool
[36m(SGLangEngine pid=73621)[0m [2026-07-28 10:38:23 TP0] Cache flushed successfully!
[36m(SGLangEngine pid=73621)[0m [2026-07-28 10:38:30] INFO:     10.56.0.7:34718 - "POST /release_memory_occupation HTTP/1.1" 200 OK
[36m(SGLangEngine pid=73622)[0m [2026-07-28 10:38:20] INFO:     10.56.0.7:43382 - "GET /health_generate HTTP/1.1" 503 Service Unavailable
[36m(SGLangEngine pid=73622)[0m [2026-07-28 10:38:23] INFO:     10.56.0.7:43382 - "GET /health_generate HTTP/1.1" 200 OK
[36m(SGLangEngine pid=73621)[0m [2026-07-28 10:38:23] INFO:     10.56.0.7:34706 - "GET /flush_cache HTTP/1.1" 200 OK[32m [repeated 3x across cluster][0m
[36m(SGLangEngine pid=73622)[0m [2026-07-28 10:38:23] INFO:     10.56.0.7:43572 - "PRI %2A HTTP/2.0" 404 Not Found[32m [repeated 2x across cluster][0m
[36m(SGLangEngine pid=73622)[0m [2026-07-28 10:38:23] INFO:     10.56.0.7:43544 - "GET /health HTTP/1.1" 200 OK
[36m(SGLangEngine pid=73622)[0m [2026-07-28 10:38:23] INFO:     10.56.0.7:43580 - "GET /server_info HTTP/1.1" 200 OK
[36m(SGLangEngine pid=73622)[0m [2026-07-28 10:38:23] INFO:     10.56.0.7:43580 - "GET /model_info HTTP/1.1" 200 OK
[36m(pid=77661)[0m Unable to import `torchao` Tensor objects. This may affect loading checkpoints serialized with `torchao`
[36m(SGLangEngine pid=73622)[0m [2026-07-28 10:38:20] Health check failed. Server couldn't get a response from detokenizer for last 20 seconds. tic start time: 10:38:00. last_heartbeat time: 10:37:30
[36m(SGLangEngine pid=73622)[0m [2026-07-28 10:38:22 TP0] Prefill batch, #new-seq: 1, #new-token: 1, #cached-token: 0, full token usage: 0.00, mamba usage: 0.00, #running-req: 0, #queue-req: 0, #pending-token: 0, cuda graph: False, input throughput (token/s): 0.04
[36m(SGLangEngine pid=73622)[0m [2026-07-28 10:38:23 TP1] Reset HybridReqToTokenPool[32m [repeated 16x across cluster][0m
[36m(SGLangEngine pid=73622)[0m [2026-07-28 10:38:23 TP0] Cache flushed successfully![32m [repeated 4x across cluster][0m
[36m(SGLangEngine pid=73622)[0m [2026-07-28 10:38:23] WARNING:  Invalid HTTP request received.[32m [repeated 2x across cluster][0m
[36m(pid=77661)[0m /usr/local/lib/python3.12/dist-packages/modelopt/torch/__init__.py:51: UserWarning: transformers 5.12.1 is not tested with current version of modelopt and may cause issues. Please install recommended version with `pip install -U nvidia-modelopt[hf]` if working with HF models.
[36m(pid=77661)[0m   _warnings.warn(
[36m(pid=77661)[0m [ERROR] `cache_position` is part of Qwen3ASRThinkerTextModel.forward's signature, but not documented. Make sure to add it to the docstring of the function in /usr/local/lib/python3.12/dist-packages/megatron/bridge/models/qwen3_asr/hf_qwen3_asr/modeling_qwen3_asr.py.
[36m(pid=77661)[0m [ERROR] `cache_position` is part of Qwen3ASRThinkerForConditionalGeneration.forward's signature, but not documented. Make sure to add it to the docstring of the function in /usr/local/lib/python3.12/dist-packages/megatron/bridge/models/qwen3_asr/hf_qwen3_asr/modeling_qwen3_asr.py.
[36m(SGLangEngine pid=73622)[0m [2026-07-28 10:38:31] INFO:     10.56.0.7:43602 - "POST /release_memory_occupation HTTP/1.1" 200 OK
[36m(pid=77855)[0m Unable to import `torchao` Tensor objects. This may affect loading checkpoints serialized with `torchao`
[36m(pid=77855)[0m /usr/local/lib/python3.12/dist-packages/modelopt/torch/__init__.py:51: UserWarning: transformers 5.12.1 is not tested with current version of modelopt and may cause issues. Please install recommended version with `pip install -U nvidia-modelopt[hf]` if working with HF models.
[36m(pid=77855)[0m   _warnings.warn(
[36m(pid=77855)[0m [ERROR] `cache_position` is part of Qwen3ASRThinkerForConditionalGeneration.forward's signature, but not documented. Make sure to add it to the docstring of the function in /usr/local/lib/python3.12/dist-packages/megatron/bridge/models/qwen3_asr/hf_qwen3_asr/modeling_qwen3_asr.py.[32m [repeated 2x across cluster][0m
[36m(pid=77855)[0m LANG_RL Log directory: None
[36m(MegatronTrainRayActor pid=77855)[0m [2026-07-28 10:38:49.795 actor_cell0_rank0] structured_log.py:23 - ft cls=MegatronTrainRayActor fn=init phase=start
[36m(MegatronTrainRayActor pid=77855)[0m [2026-07-28 10:38:49.795 actor_cell0_rank0] reloadable_process_group.py:21 - Applying monkey patch to torch.distributed
[36m(SGLangEngine pid=73622)[0m [2026-07-28 10:38:56] INFO:     10.56.0.7:37844 - "GET /health HTTP/1.1" 200 OK
[36m(pid=78094)[0m Unable to import `torchao` Tensor objects. This may affect loading checkpoints serialized with `torchao`
[36m(pid=78094)[0m /usr/local/lib/python3.12/dist-packages/modelopt/torch/__init__.py:51: UserWarning: transformers 5.12.1 is not tested with current version of modelopt and may cause issues. Please install recommended version with `pip install -U nvidia-modelopt[hf]` if working with HF models.
[36m(pid=78094)[0m   _warnings.warn(
[36m(pid=78094)[0m [ERROR] `cache_position` is part of Qwen3ASRThinkerTextModel.forward's signature, but not documented. Make sure to add it to the docstring of the function in /usr/local/lib/python3.12/dist-packages/megatron/bridge/models/qwen3_asr/hf_qwen3_asr/modeling_qwen3_asr.py.
[36m(pid=78094)[0m [ERROR] `cache_position` is part of Qwen3ASRThinkerForConditionalGeneration.forward's signature, but not documented. Make sure to add it to the docstring of the function in /usr/local/lib/python3.12/dist-packages/megatron/bridge/models/qwen3_asr/hf_qwen3_asr/modeling_qwen3_asr.py.
[36m(SGLangEngine pid=73621)[0m [2026-07-28 10:38:56] INFO:     10.56.0.7:38866 - "GET /health HTTP/1.1" 200 OK
[36m(pid=78094)[0m LANG_RL Log directory: None
[36m(MegatronTrainRayActor pid=78094)[0m [2026-07-28 10:39:06.508 actor_cell0_rank7] structured_log.py:23 - ft cls=MegatronTrainRayActor fn=init phase=start
[36m(MegatronTrainRayActor pid=78094)[0m [2026-07-28 10:39:06.508 actor_cell0_rank7] reloadable_process_group.py:21 - Applying monkey patch to torch.distributed
[36m(pid=78090)[0m Unable to import `torchao` Tensor objects. This may affect loading checkpoints serialized with `torchao`[32m [repeated 6x across cluster][0m
[36m(MegatronTrainRayActor pid=78094)[0m [rank7]:[W728 10:39:06.511683482 ProcessGroupGloo.cpp:524] Warning: Unable to resolve hostname to a (local) address. Using the loopback address as fallback. Manually set the network interface to bind to with GLOO_SOCKET_IFNAME. (function operator())
[36m(pid=78091)[0m /usr/local/lib/python3.12/dist-packages/modelopt/torch/__init__.py:51: UserWarning: transformers 5.12.1 is not tested with current version of modelopt and may cause issues. Please install recommended version with `pip install -U nvidia-modelopt[hf]` if working with HF models.[32m [repeated 6x across cluster][0m
[36m(pid=78091)[0m   _warnings.warn([32m [repeated 6x across cluster][0m
[36m(MegatronTrainRayActor pid=78097)[0m [2026-07-28 10:39:09.079 actor_cell0_rank3] train_actor.py:132 - Set NUMA affinity for GPU 3
[36m(MegatronTrainRayActor pid=77855)[0m [2026-07-28 10:39:09.182 actor_cell0_rank0] initialize.py:95 - > setting random seeds to 1234 ...
[36m(MegatronTrainRayActor pid=77855)[0m [2026-07-28 10:39:09.195 actor_cell0_rank0] _rank_utils.py:43 - You're using the legacy tokenizer system, which is deprecated and will be removed in a future release. Please migrate to the new tokenizer system (`megatron.core.tokenizers.MegatronTokenizer`).
[36m(MegatronTrainRayActor pid=77855)[0m > building HuggingFaceTokenizer tokenizer ...
[36m(pid=78091)[0m [ERROR] `cache_position` is part of Qwen3ASRThinkerForConditionalGeneration.forward's signature, but not documented. Make sure to add it to the docstring of the function in /usr/local/lib/python3.12/dist-packages/megatron/bridge/models/qwen3_asr/hf_qwen3_asr/modeling_qwen3_asr.py.[32m [repeated 12x across cluster][0m
[36m(MegatronTrainRayActor pid=77855)[0m [2026-07-28 10:39:18.580 actor_cell0_rank0] actor.py:151 - Set torch_memory_saver.memory_margin_bytes to 1073741824
[36m(MegatronTrainRayActor pid=77855)[0m /root/Megatron-LM/megatron/core/models/mimo/config/base_configs.py:11: UserWarning: MimoModelConfig is experimental and still under active development. The API may change without notice in future releases.
[36m(MegatronTrainRayActor pid=77855)[0m   class MimoModelConfig:
[36m(MegatronTrainRayActor pid=78095)[0m [2026-07-28 10:39:08.193 actor_cell0_rank2] structured_log.py:23 - ft cls=MegatronTrainRayActor fn=init phase=start[32m [repeated 6x across cluster][0m
[36m(MegatronTrainRayActor pid=78095)[0m [2026-07-28 10:39:08.193 actor_cell0_rank2] reloadable_process_group.py:21 - Applying monkey patch to torch.distributed[32m [repeated 6x across cluster][0m
[36m(MegatronTrainRayActor pid=78095)[0m [rank2]:[W728 10:39:08.136502435 ProcessGroupGloo.cpp:524] Warning: Unable to resolve hostname to a (local) address. Using the loopback address as fallback. Manually set the network interface to bind to with GLOO_SOCKET_IFNAME. (function operator())[32m [repeated 7x across cluster][0m
[36m(MegatronTrainRayActor pid=78094)[0m [2026-07-28 10:39:09.138 actor_cell0_rank7] train_actor.py:132 - Set NUMA affinity for GPU 7[32m [repeated 7x across cluster][0m
[36m(MegatronTrainRayActor pid=78091)[0m [2026-07-28 10:39:18.651 actor_cell0_rank1] auto_bridge.py:328 - Loading a model with trust_remote_code=True allows arbitrary code execution from the model repository. Only use this with models you trust.
[36m(MegatronTrainRayActor pid=78093)[0m [transformers] `torch_dtype` is deprecated! Use `dtype` instead!
[36m(MegatronTrainRayActor pid=78093)[0m /root/Megatron-LM/megatron/core/transformer/transformer_config.py:1796: UserWarning: full scope is deprecated. Use empty cuda_graph_scope to capture the whole layer.
[36m(MegatronTrainRayActor pid=78093)[0m   warnings.warn(
[36m(MegatronTrainRayActor pid=78093)[0m [2026-07-28 10:39:18.672 actor_cell0_rank5] lora_utils.py:340 - Created LoRA: rank=32, alpha=32, dropout=0.0, target_modules=['language_model.decoder.layers.*.self_attention.linear_qkv', 'language_model.decoder.layers.*.self_attention.linear_proj', 'language_model.decoder.layers.*.mlp.experts.linear_fc1', 'language_model.decoder.layers.*.mlp.experts.linear_fc2', 'language_model.decoder.layers.*.mlp.shared_experts.linear_fc1', 'language_model.decoder.layers.*.mlp.shared_experts.linear_fc2', 'language_model.decoder.layers.*.self_attention.in_proj', 'language_model.decoder.layers.*.self_attention.out_proj'], exclude_modules=[]
[36m(MegatronTrainRayActor pid=78093)[0m [2026-07-28 10:39:18.672 actor_cell0_rank5] lora_utils.py:170 - Patched _ParamAndGradBuffer.__init__ for LoRA colocate mode (disable cpu backup)
[36m(MegatronTrainRayActor pid=78093)[0m /root/Megatron-LM/megatron/core/tensor_parallel/layers.py:1059: UserWarning: `sequence_parallel` is set to `True`, but tensor model parallel size is 1. Disabling sequence parallel.
[36m(MegatronTrainRayActor pid=77855)[0m [PEFT+Recompute] Patched TransformerBlock.forward to enable grad on hidden_states input. This ensures checkpoint backward is called when only adapters are trainable (PP=1 with frozen base model).
[36m(MegatronTrainRayActor pid=77855)[0m  > number of parameters on (tensor, pipeline) model parallel rank (0, 0): 5691924856
[36m(pid=78095)[0m LANG_RL Log directory: None[32m [repeated 6x across cluster][0m
[36m(MegatronTrainRayActor pid=77855)[0m [2026-07-28 10:39:24.693 actor_cell0_rank0] chunked_tp_logprob.py:112 - chunked TP logprob bypass installed on 1 output_layer(s): module.module.language_model.output_layer.
[36m(MegatronTrainRayActor pid=78094)[0m [2026-07-28 10:39:18.580 actor_cell0_rank7] actor.py:151 - Set torch_memory_saver.memory_margin_bytes to 1073741824[32m [repeated 7x across cluster][0m
[36m(MegatronTrainRayActor pid=78094)[0m /root/Megatron-LM/megatron/core/models/mimo/config/base_configs.py:11: UserWarning: MimoModelConfig is experimental and still under active development. The API may change without notice in future releases.[32m [repeated 7x across cluster][0m
[36m(MegatronTrainRayActor pid=78094)[0m   class MimoModelConfig:[32m [repeated 7x across cluster][0m
[36m(MegatronTrainRayActor pid=78095)[0m [2026-07-28 10:39:18.683 actor_cell0_rank2] auto_bridge.py:328 - Loading a model with trust_remote_code=True allows arbitrary code execution from the model repository. Only use this with models you trust.[32m [repeated 7x across cluster][0m
[36m(MegatronTrainRayActor pid=78096)[0m [transformers] `torch_dtype` is deprecated! Use `dtype` instead![32m [repeated 7x across cluster][0m
[36m(MegatronTrainRayActor pid=78096)[0m /root/Megatron-LM/megatron/core/transformer/transformer_config.py:1796: UserWarning: full scope is deprecated. Use empty cuda_graph_scope to capture the whole layer.[32m [repeated 7x across cluster][0m
[36m(MegatronTrainRayActor pid=78096)[0m   warnings.warn([32m [repeated 15x across cluster][0m
[36m(MegatronTrainRayActor pid=78096)[0m [2026-07-28 10:39:18.926 actor_cell0_rank4] lora_utils.py:340 - Created LoRA: rank=32, alpha=32, dropout=0.0, target_modules=['language_model.decoder.layers.*.self_attention.linear_qkv', 'language_model.decoder.layers.*.self_attention.linear_proj', 'language_model.decoder.layers.*.mlp.experts.linear_fc1', 'language_model.decoder.layers.*.mlp.experts.linear_fc2', 'language_model.decoder.layers.*.mlp.shared_experts.linear_fc1', 'language_model.decoder.layers.*.mlp.shared_experts.linear_fc2', 'language_model.decoder.layers.*.self_attention.in_proj', 'language_model.decoder.layers.*.self_attention.out_proj'], exclude_modules=[][32m [repeated 7x across cluster][0m
[36m(MegatronTrainRayActor pid=78096)[0m [2026-07-28 10:39:18.926 actor_cell0_rank4] lora_utils.py:170 - Patched _ParamAndGradBuffer.__init__ for LoRA colocate mode (disable cpu backup)[32m [repeated 7x across cluster][0m
[36m(MegatronTrainRayActor pid=78096)[0m /root/Megatron-LM/megatron/core/tensor_parallel/layers.py:1059: UserWarning: `sequence_parallel` is set to `True`, but tensor model parallel size is 1. Disabling sequence parallel.[32m [repeated 7x across cluster][0m
[36m(MegatronTrainRayActor pid=77855)[0m [2026-07-28 10:39:26.881 actor_cell0_rank0] checkpoint.py:183 - Load checkpoint from HuggingFace model into Megatron (path=/workspace/ablations/qwen3-5-35b-matrix/models/Qwen3.5-35B-A3B-rand-bf16)
[36m(MegatronTrainRayActor pid=77855)[0m [2026-07-28 10:39:27.140 actor_cell0_rank0] model_bridge.py:1582 - WARNING: No mapping found for megatron_param: language_model.mtp.layers.0.transformer_layer.self_attention.linear_proj.weight
[36m(MegatronTrainRayActor pid=77855)[0m [2026-07-28 10:39:27.140 actor_cell0_rank0] model_bridge.py:1582 - WARNING: No mapping found for megatron_param: language_model.mtp.layers.0.transformer_layer.self_attention.linear_qkv.layer_norm_weight
[36m(MegatronTrainRayActor pid=77855)[0m [2026-07-28 10:39:27.140 actor_cell0_rank0] model_bridge.py:1582 - WARNING: No mapping found for megatron_param: language_model.mtp.layers.0.transformer_layer.self_attention.linear_qkv.weight
[36m(MegatronTrainRayActor pid=77855)[0m [2026-07-28 10:39:27.140 actor_cell0_rank0] model_bridge.py:1582 - WARNING: No mapping found for megatron_param: language_model.mtp.layers.0.transformer_layer.self_attention.q_layernorm.weight
[36m(MegatronTrainRayActor pid=77855)[0m [2026-07-28 10:39:27.140 actor_cell0_rank0] model_bridge.py:1582 - WARNING: No mapping found for megatron_param: language_model.mtp.layers.0.transformer_layer.self_attention.k_layernorm.weight
[36m(MegatronTrainRayActor pid=77855)[0m [2026-07-28 10:39:27.140 actor_cell0_rank0] model_bridge.py:1582 - WARNING: No mapping found for megatron_param: language_model.mtp.layers.0.transformer_layer.pre_mlp_layernorm.weight
[36m(MegatronTrainRayActor pid=77855)[0m [2026-07-28 10:39:27.140 actor_cell0_rank0] model_bridge.py:1582 - WARNING: No mapping found for megatron_param: language_model.mtp.layers.0.transformer_layer.mlp.router.weight
[36m(MegatronTrainRayActor pid=77855)[0m [2026-07-28 10:39:27.140 actor_cell0_rank0] model_bridge.py:1582 - WARNING: No mapping found for megatron_param: language_model.mtp.layers.0.transformer_layer.mlp.experts.linear_fc1.weight0
[36m(MegatronTrainRayActor pid=77855)[0m [2026-07-28 10:39:27.140 actor_cell0_rank0] model_bridge.py:1582 - WARNING: No mapping found for megatron_param: language_model.mtp.layers.0.transformer_layer.mlp.experts.linear_fc1.weight1
[36m(MegatronTrainRayActor pid=77855)[0m [2026-07-28 10:39:27.141 actor_cell0_rank0] model_bridge.py:1582 - WARNING: No mapping found for megatron_param: language_model.mtp.layers.0.transformer_layer.mlp.experts.linear_fc1.weight2
[36m(MegatronTrainRayActor pid=77855)[0m [2026-07-28 10:39:27.141 actor_cell0_rank0] model_bridge.py:1582 - WARNING: No mapping found for megatron_param: language_model.mtp.layers.0.transformer_layer.mlp.experts.linear_fc1.weight3
[36m(MegatronTrainRayActor pid=77855)[0m [2026-07-28 10:39:27.141 actor_cell0_rank0] model_bridge.py:1582 - WARNING: No mapping found for megatron_param: language_model.mtp.layers.0.transformer_layer.mlp.experts.linear_fc1.weight4
[36m(MegatronTrainRayActor pid=77855)[0m [2026-07-28 10:39:27.141 actor_cell0_rank0] model_bridge.py:1582 - WARNING: No mapping found for megatron_param: language_model.mtp.layers.0.transformer_layer.mlp.experts.linear_fc1.weight5
[36m(MegatronTrainRayActor pid=77855)[0m [2026-07-28 10:39:27.141 actor_cell0_rank0] model_bridge.py:1582 - WARNING: No mapping found for megatron_param: language_model.mtp.layers.0.transformer_layer.mlp.experts.linear_fc1.weight6
[36m(MegatronTrainRayActor pid=77855)[0m [2026-07-28 10:39:27.141 actor_cell0_rank0] model_bridge.py:1582 - WARNING: No mapping found for megatron_param: language_model.mtp.layers.0.transformer_layer.mlp.experts.linear_fc1.weight7
[36m(MegatronTrainRayActor pid=77855)[0m [2026-07-28 10:39:27.141 actor_cell0_rank0] model_bridge.py:1582 - WARNING: No mapping found for megatron_param: language_model.mtp.layers.0.transformer_layer.mlp.experts.linear_fc1.weight8
[36m(MegatronTrainRayActor pid=77855)[0m [2026-07-28 10:39:27.141 actor_cell0_rank0] model_bridge.py:1582 - WARNING: No mapping found for megatron_param: language_model.mtp.layers.0.transformer_layer.mlp.experts.linear_fc1.weight9
[36m(MegatronTrainRayActor pid=77855)[0m [2026-07-28 10:39:27.141 actor_cell0_rank0] model_bridge.py:1582 - WARNING: No mapping found for megatron_param: language_model.mtp.layers.0.transformer_layer.mlp.experts.linear_fc1.weight10
[36m(MegatronTrainRayActor pid=77855)[0m [2026-07-28 10:39:27.141 actor_cell0_rank0] model_bridge.py:1582 - WARNING: No mapping found for megatron_param: language_model.mtp.layers.0.transformer_layer.mlp.experts.linear_fc1.weight11
[36m(MegatronTrainRayActor pid=77855)[0m [2026-07-28 10:39:27.141 actor_cell0_rank0] model_bridge.py:1582 - WARNING: No mapping found for megatron_param: language_model.mtp.layers.0.transformer_layer.mlp.experts.linear_fc1.weight12
[36m(MegatronTrainRayActor pid=77855)[0m [2026-07-28 10:39:27.141 actor_cell0_rank0] model_bridge.py:1582 - WARNING: No mapping found for megatron_param: language_model.mtp.layers.0.transformer_layer.mlp.experts.linear_fc1.weight13
[36m(MegatronTrainRayActor pid=77855)[0m [2026-07-28 10:39:27.141 actor_cell0_rank0] model_bridge.py:1582 - WARNING: No mapping found for megatron_param: language_model.mtp.layers.0.transformer_layer.mlp.experts.linear_fc1.weight14
[36m(MegatronTrainRayActor pid=77855)[0m [2026-07-28 10:39:27.141 actor_cell0_rank0] model_bridge.py:1582 - WARNING: No mapping found for megatron_param: language_model.mtp.layers.0.transformer_layer.mlp.experts.linear_fc1.weight15
[36m(MegatronTrainRayActor pid=77855)[0m [2026-07-28 10:39:27.141 actor_cell0_rank0] model_bridge.py:1582 - WARNING: No mapping found for megatron_param: language_model.mtp.layers.0.transformer_layer.mlp.experts.linear_fc1.weight16
[36m(MegatronTrainRayActor pid=77855)[0m [2026-07-28 10:39:27.141 actor_cell0_rank0] model_bridge.py:1582 - WARNING: No mapping found for megatron_param: language_model.mtp.layers.0.transformer_layer.mlp.experts.linear_fc1.weight17
[36m(MegatronTrainRayActor pid=77855)[0m [2026-07-28 10:39:27.141 actor_cell0_rank0] model_bridge.py:1582 - WARNING: No mapping found for megatron_param: language_model.mtp.layers.0.transformer_layer.mlp.experts.linear_fc1.weight18
[36m(MegatronTrainRayActor pid=77855)[0m [2026-07-28 10:39:27.141 actor_cell0_rank0] model_bridge.py:1582 - WARNING: No mapping found for megatron_param: language_model.mtp.layers.0.transformer_layer.mlp.experts.linear_fc1.weight19
[36m(MegatronTrainRayActor pid=77855)[0m [2026-07-28 10:39:27.142 actor_cell0_rank0] model_bridge.py:1582 - WARNING: No mapping found for megatron_param: language_model.mtp.layers.0.transformer_layer.mlp.experts.linear_fc1.weight20
[36m(MegatronTrainRayActor pid=77855)[0m [2026-07-28 10:39:27.142 actor_cell0_rank0] model_bridge.py:1582 - WARNING: No mapping found for megatron_param: language_model.mtp.layers.0.transformer_layer.mlp.experts.linear_fc1.weight21
[36m(MegatronTrainRayActor pid=77855)[0m [2026-07-28 10:39:27.142 actor_cell0_rank0] model_bridge.py:1582 - WARNING: No mapping found for megatron_param: language_model.mtp.layers.0.transformer_layer.mlp.experts.linear_fc1.weight22
[36m(MegatronTrainRayActor pid=77855)[0m [2026-07-28 10:39:27.142 actor_cell0_rank0] model_bridge.py:1582 - WARNING: No mapping found for megatron_param: language_model.mtp.layers.0.transformer_layer.mlp.experts.linear_fc1.weight23
[36m(MegatronTrainRayActor pid=77855)[0m [2026-07-28 10:39:27.142 actor_cell0_rank0] model_bridge.py:1582 - WARNING: No mapping found for megatron_param: language_model.mtp.layers.0.transformer_layer.mlp.experts.linear_fc1.weight24
[36m(MegatronTrainRayActor pid=77855)[0m [2026-07-28 10:39:27.142 actor_cell0_rank0] model_bridge.py:1582 - WARNING: No mapping found for megatron_param: language_model.mtp.layers.0.transformer_layer.mlp.experts.linear_fc1.weight25
[36m(MegatronTrainRayActor pid=77855)[0m [2026-07-28 10:39:27.142 actor_cell0_rank0] model_bridge.py:1582 - WARNING: No mapping found for megatron_param: language_model.mtp.layers.0.transformer_layer.mlp.experts.linear_fc1.weight26
[36m(MegatronTrainRayActor pid=77855)[0m [2026-07-28 10:39:27.142 actor_cell0_rank0] model_bridge.py:1582 - WARNING: No mapping found for megatron_param: language_model.mtp.layers.0.transformer_layer.mlp.experts.linear_fc1.weight27
[36m(MegatronTrainRayActor pid=77855)[0m [2026-07-28 10:39:27.142 actor_cell0_rank0] model_bridge.py:1582 - WARNING: No mapping found for megatron_param: language_model.mtp.layers.0.transformer_layer.mlp.experts.linear_fc1.weight28
[36m(MegatronTrainRayActor pid=77855)[0m [2026-07-28 10:39:27.142 actor_cell0_rank0] model_bridge.py:1582 - WARNING: No mapping found for megatron_param: language_model.mtp.layers.0.transformer_layer.mlp.experts.linear_fc1.weight29
[36m(MegatronTrainRayActor pid=77855)[0m [2026-07-28 10:39:27.142 actor_cell0_rank0] model_bridge.py:1582 - WARNING: No mapping found for megatron_param: language_model.mtp.layers.0.transformer_layer.mlp.experts.linear_fc1.weight30
[36m(MegatronTrainRayActor pid=77855)[0m [2026-07-28 10:39:27.142 actor_cell0_rank0] model_bridge.py:1582 - WARNING: No mapping found for megatron_param: language_model.mtp.layers.0.transformer_layer.mlp.experts.linear_fc1.weight31
[36m(MegatronTrainRayActor pid=77855)[0m [2026-07-28 10:39:27.142 actor_cell0_rank0] model_bridge.py:1582 - WARNING: No mapping found for megatron_param: language_model.mtp.layers.0.transformer_layer.mlp.experts.linear_fc2.weight0
[36m(MegatronTrainRayActor pid=77855)[0m [2026-07-28 10:39:27.142 actor_cell0_rank0] model_bridge.py:1582 - WARNING: No mapping found for megatron_param: language_model.mtp.layers.0.transformer_layer.mlp.experts.linear_fc2.weight1
[36m(MegatronTrainRayActor pid=77855)[0m [2026-07-28 10:39:27.142 actor_cell0_rank0] model_bridge.py:1582 - WARNING: No mapping found for megatron_param: language_model.mtp.layers.0.transformer_layer.mlp.experts.linear_fc2.weight2
[36m(MegatronTrainRayActor pid=77855)[0m [2026-07-28 10:39:27.142 actor_cell0_rank0] model_bridge.py:1582 - WARNING: No mapping found for megatron_param: language_model.mtp.layers.0.transformer_layer.mlp.experts.linear_fc2.weight3
[36m(MegatronTrainRayActor pid=77855)[0m [2026-07-28 10:39:27.142 actor_cell0_rank0] model_bridge.py:1582 - WARNING: No mapping found for megatron_param: language_model.mtp.layers.0.transformer_layer.mlp.experts.linear_fc2.weight4
[36m(MegatronTrainRayActor pid=77855)[0m [2026-07-28 10:39:27.142 actor_cell0_rank0] model_bridge.py:1582 - WARNING: No mapping found for megatron_param: language_model.mtp.layers.0.transformer_layer.mlp.experts.linear_fc2.weight5
[36m(MegatronTrainRayActor pid=77855)[0m [2026-07-28 10:39:27.142 actor_cell0_rank0] model_bridge.py:1582 - WARNING: No mapping found for megatron_param: language_model.mtp.layers.0.transformer_layer.mlp.experts.linear_fc2.weight6
[36m(MegatronTrainRayActor pid=77855)[0m [2026-07-28 10:39:27.143 actor_cell0_rank0] model_bridge.py:1582 - WARNING: No mapping found for megatron_param: language_model.mtp.layers.0.transformer_layer.mlp.experts.linear_fc2.weight7
[36m(MegatronTrainRayActor pid=77855)[0m [2026-07-28 10:39:27.143 actor_cell0_rank0] model_bridge.py:1582 - WARNING: No mapping found for megatron_param: language_model.mtp.layers.0.transformer_layer.mlp.experts.linear_fc2.weight8
[36m(MegatronTrainRayActor pid=77855)[0m [2026-07-28 10:39:27.143 actor_cell0_rank0] model_bridge.py:1582 - WARNING: No mapping found for megatron_param: language_model.mtp.layers.0.transformer_layer.mlp.experts.linear_fc2.weight9
[36m(MegatronTrainRayActor pid=77855)[0m [2026-07-28 10:39:27.143 actor_cell0_rank0] model_bridge.py:1582 - WARNING: No mapping found for megatron_param: language_model.mtp.layers.0.transformer_layer.mlp.experts.linear_fc2.weight10
[36m(MegatronTrainRayActor pid=77855)[0m [2026-07-28 10:39:27.143 actor_cell0_rank0] model_bridge.py:1582 - WARNING: No mapping found for megatron_param: language_model.mtp.layers.0.transformer_layer.mlp.experts.linear_fc2.weight11
[36m(MegatronTrainRayActor pid=77855)[0m [2026-07-28 10:39:27.143 actor_cell0_rank0] model_bridge.py:1582 - WARNING: No mapping found for megatron_param: language_model.mtp.layers.0.transformer_layer.mlp.experts.linear_fc2.weight12
[36m(MegatronTrainRayActor pid=77855)[0m [2026-07-28 10:39:27.143 actor_cell0_rank0] model_bridge.py:1582 - WARNING: No mapping found for megatron_param: language_model.mtp.layers.0.transformer_layer.mlp.experts.linear_fc2.weight13
[36m(MegatronTrainRayActor pid=77855)[0m [2026-07-28 10:39:27.143 actor_cell0_rank0] model_bridge.py:1582 - WARNING: No mapping found for megatron_param: language_model.mtp.layers.0.transformer_layer.mlp.experts.linear_fc2.weight14
[36m(MegatronTrainRayActor pid=77855)[0m [2026-07-28 10:39:27.143 actor_cell0_rank0] model_bridge.py:1582 - WARNING: No mapping found for megatron_param: language_model.mtp.layers.0.transformer_layer.mlp.experts.linear_fc2.weight15
[36m(MegatronTrainRayActor pid=77855)[0m [2026-07-28 10:39:27.143 actor_cell0_rank0] model_bridge.py:1582 - WARNING: No mapping found for megatron_param: language_model.mtp.layers.0.transformer_layer.mlp.experts.linear_fc2.weight16
[36m(MegatronTrainRayActor pid=77855)[0m [2026-07-28 10:39:27.143 actor_cell0_rank0] model_bridge.py:1582 - WARNING: No mapping found for megatron_param: language_model.mtp.layers.0.transformer_layer.mlp.experts.linear_fc2.weight17
[36m(MegatronTrainRayActor pid=77855)[0m [2026-07-28 10:39:27.143 actor_cell0_rank0] model_bridge.py:1582 - WARNING: No mapping found for megatron_param: language_model.mtp.layers.0.transformer_layer.mlp.experts.linear_fc2.weight18
[36m(MegatronTrainRayActor pid=77855)[0m [2026-07-28 10:39:27.143 actor_cell0_rank0] model_bridge.py:1582 - WARNING: No mapping found for megatron_param: language_model.mtp.layers.0.transformer_layer.mlp.experts.linear_fc2.weight19
[36m(MegatronTrainRayActor pid=77855)[0m [2026-07-28 10:39:27.143 actor_cell0_rank0] model_bridge.py:1582 - WARNING: No mapping found for megatron_param: language_model.mtp.layers.0.transformer_layer.mlp.experts.linear_fc2.weight20
[36m(MegatronTrainRayActor pid=77855)[0m [2026-07-28 10:39:27.143 actor_cell0_rank0] model_bridge.py:1582 - WARNING: No mapping found for megatron_param: language_model.mtp.layers.0.transformer_layer.mlp.experts.linear_fc2.weight21
[36m(MegatronTrainRayActor pid=77855)[0m [2026-07-28 10:39:27.143 actor_cell0_rank0] model_bridge.py:1582 - WARNING: No mapping found for megatron_param: language_model.mtp.layers.0.transformer_layer.mlp.experts.linear_fc2.weight22
[36m(MegatronTrainRayActor pid=77855)[0m [2026-07-28 10:39:27.143 actor_cell0_rank0] model_bridge.py:1582 - WARNING: No mapping found for megatron_param: language_model.mtp.layers.0.transformer_layer.mlp.experts.linear_fc2.weight23
[36m(MegatronTrainRayActor pid=77855)[0m [2026-07-28 10:39:27.143 actor_cell0_rank0] model_bridge.py:1582 - WARNING: No mapping found for megatron_param: language_model.mtp.layers.0.transformer_layer.mlp.experts.linear_fc2.weight24
[36m(MegatronTrainRayActor pid=77855)[0m [2026-07-28 10:39:27.143 actor_cell0_rank0] model_bridge.py:1582 - WARNING: No mapping found for megatron_param: language_model.mtp.layers.0.transformer_layer.mlp.experts.linear_fc2.weight25
[36m(MegatronTrainRayActor pid=77855)[0m [2026-07-28 10:39:27.144 actor_cell0_rank0] model_bridge.py:1582 - WARNING: No mapping found for megatron_param: language_model.mtp.layers.0.transformer_layer.mlp.experts.linear_fc2.weight26
[36m(MegatronTrainRayActor pid=77855)[0m [2026-07-28 10:39:27.144 actor_cell0_rank0] model_bridge.py:1582 - WARNING: No mapping found for megatron_param: language_model.mtp.layers.0.transformer_layer.mlp.experts.linear_fc2.weight27
[36m(MegatronTrainRayActor pid=77855)[0m [2026-07-28 10:39:27.144 actor_cell0_rank0] model_bridge.py:1582 - WARNING: No mapping found for megatron_param: language_model.mtp.layers.0.transformer_layer.mlp.experts.linear_fc2.weight28
[36m(MegatronTrainRayActor pid=77855)[0m [2026-07-28 10:39:27.144 actor_cell0_rank0] model_bridge.py:1582 - WARNING: No mapping found for megatron_param: language_model.mtp.layers.0.transformer_layer.mlp.experts.linear_fc2.weight29
[36m(MegatronTrainRayActor pid=77855)[0m [2026-07-28 10:39:27.144 actor_cell0_rank0] model_bridge.py:1582 - WARNING: No mapping found for megatron_param: language_model.mtp.layers.0.transformer_layer.mlp.experts.linear_fc2.weight30
[36m(MegatronTrainRayActor pid=77855)[0m [2026-07-28 10:39:27.144 actor_cell0_rank0] model_bridge.py:1582 - WARNING: No mapping found for megatron_param: language_model.mtp.layers.0.transformer_layer.mlp.experts.linear_fc2.weight31
[36m(MegatronTrainRayActor pid=77855)[0m [2026-07-28 10:39:27.144 actor_cell0_rank0] model_bridge.py:1582 - WARNING: No mapping found for megatron_param: language_model.mtp.layers.0.transformer_layer.mlp.shared_experts.gate_weight
[36m(MegatronTrainRayActor pid=77855)[0m [2026-07-28 10:39:27.144 actor_cell0_rank0] model_bridge.py:1582 - WARNING: No mapping found for megatron_param: language_model.mtp.layers.0.transformer_layer.mlp.shared_experts.linear_fc1.weight
[36m(MegatronTrainRayActor pid=77855)[0m [2026-07-28 10:39:27.144 actor_cell0_rank0] model_bridge.py:1582 - WARNING: No mapping found for megatron_param: language_model.mtp.layers.0.transformer_layer.mlp.shared_experts.linear_fc2.weight
[36m(MegatronTrainRayActor pid=77855)[0m [2026-07-28 10:39:28.381 actor_cell0_rank0] param_mapping.py:900 - Dtype mismatch: HF weights are torch.float32 but Megatron module uses torch.bfloat16. Casting all mismatched weights to torch.bfloat16 (further warnings suppressed).
[36m(MegatronTrainRayActor pid=77855)[0m Loading from /workspace/ablations/qwen3-5-35b-matrix/models/Qwen3.5-35… … Qwen3…
[36m(MegatronTrainRayActor pid=78091)[0m  > number of parameters on (tensor, pipeline) model parallel rank (1, 0): 5691924856
[36m(MegatronTrainRayActor pid=77855)[0m [2026-07-28 10:39:37.770 actor_cell0_rank0] fp8_frozen_base.py:162 - fp8 frozen base: quantized 2896 tensors {'attention': 76, 'dense_mlp': 54, 'gdn': 60, 'moe_experts': 2624, 'shared_experts': 82}, freed ~4.70 GB/rank, roundtrip_relerr=3.56e-02
[36m(MegatronTrainRayActor pid=78093)[0m [2026-07-28 10:39:25.677 actor_cell0_rank5] chunked_tp_logprob.py:112 - chunked TP logprob bypass installed on 1 output_layer(s): module.module.language_model.output_layer.[32m [repeated 7x across cluster][0m
[36m(MegatronTrainRayActor pid=78095)[0m [2026-07-28 10:39:27.125 actor_cell0_rank2] auto_bridge.py:328 - Loading a model with trust_remote_code=True allows arbitrary code execution from the model repository. Only use this with models you trust.[32m [repeated 8x across cluster][0m
[36m(MegatronTrainRayActor pid=78095)[0m [2026-07-28 10:39:27.119 actor_cell0_rank2] checkpoint.py:183 - Load checkpoint from HuggingFace model into Megatron (path=/workspace/ablations/qwen3-5-35b-matrix/models/Qwen3.5-35B-A3B-rand-bf16)[32m [repeated 7x across cluster][0m
[36m(MegatronTrainRayActor pid=78096)[0m [2026-07-28 10:39:27.461 actor_cell0_rank4] model_bridge.py:1582 - WARNING: No mapping found for megatron_param: language_model.mtp.layers.0.transformer_layer.mlp.shared_experts.linear_fc2.weight[32m [repeated 518x across cluster][0m
[36m(MegatronTrainRayActor pid=78096)[0m [2026-07-28 10:39:28.676 actor_cell0_rank4] param_mapping.py:900 - Dtype mismatch: HF weights are torch.float32 but Megatron module uses torch.bfloat16. Casting all mismatched weights to torch.bfloat16 (further warnings suppressed).[32m [repeated 3x across cluster][0m
[36m(MegatronTrainRayActor pid=77855)[0m [2026-07-28 10:39:40.358 actor_cell0_rank0] structured_log.py:23 - ft cls=MegatronTrainRayActor fn=sleep phase=start
[36m(MegatronTrainRayActor pid=77855)[0m [2026-07-28 10:39:40.358 actor_cell0_rank0] timer.py:31 - Timer sleep start
[36m(MegatronTrainRayActor pid=77855)[0m [2026-07-28 10:39:40.859 actor_cell0_rank0] memory_utils.py:41 - [Rank 0] Memory-Usage before offload model: {'gpu': '0', 'total_GB': 139.8, 'free_GB': 120.97, 'used_GB': 18.83, 'allocated_GB': 6.51, 'reserved_GB': 8.75}
[36m(MegatronTrainRayActor pid=78097)[0m [2026-07-28 10:39:45.971 actor_cell0_rank3] memory_utils.py:41 - [Rank 3] Memory-Usage after offload model: {'gpu': '3', 'total_GB': 139.8, 'free_GB': 131.43, 'used_GB': 8.38, 'allocated_GB': 6.51, 'reserved_GB': 8.75}
[36m(MegatronTrainRayActor pid=78097)[0m [2026-07-28 10:39:45.971 actor_cell0_rank3] structured_log.py:27 - ft cls=MegatronTrainRayActor fn=sleep phase=end ok=true elapsed_s=5.6
[36m(MegatronTrainRayActor pid=78097)[0m [2026-07-28 10:39:45.971 actor_cell0_rank3] structured_log.py:27 - ft cls=MegatronTrainRayActor fn=init phase=end ok=true elapsed_s=38.6
[36m(MegatronTrainRayActor pid=78096)[0m [2026-07-28 10:39:39.785 actor_cell0_rank4] auto_bridge.py:328 - Loading a model with trust_remote_code=True allows arbitrary code execution from the model repository. Only use this with models you trust.[32m [repeated 8x across cluster][0m
[36m(MegatronTrainRayActor pid=78095)[0m [2026-07-28 10:39:40.500 actor_cell0_rank2] structured_log.py:23 - ft cls=MegatronTrainRayActor fn=sleep phase=start[32m [repeated 7x across cluster][0m
[36m(MegatronTrainRayActor pid=78095)[0m [2026-07-28 10:39:41.134 actor_cell0_rank2] memory_utils.py:41 - [Rank 2] Memory-Usage before offload model: {'gpu': '2', 'total_GB': 139.8, 'free_GB': 120.74, 'used_GB': 19.06, 'allocated_GB': 6.51, 'reserved_GB': 8.75}[32m [repeated 7x across cluster][0m
[36m(MegatronTrainRayActor pid=77855)[0m [2026-07-28 10:39:46.145 actor_cell0_rank0] timer.py:42 - Timer sleep end (elapsed: 5.8s)
[36m(MegatronTrainRayActor pid=77855)[0m [2026-07-28 10:39:46.145 actor_cell0_rank0] timer.py:31 - Timer train_wait start
[36m(RolloutManager pid=72999)[0m [2026-07-28 10:39:46.606 rollout_manager] data_source.py:147 - Checkpoint /workspace/ablations/qwen3-5-35b-matrix/models/Qwen3.5-35B-A3B-rand-bf16/rollout/global_dataset_state_dict_-1.pt does not exist.
[36m(SGLangEngine pid=73621)[0m [2026-07-28 10:39:50] INFO:     10.56.0.7:43698 - "POST /resume_memory_occupation HTTP/1.1" 200 OK
[36m(MegatronTrainRayActor pid=77855)[0m [2026-07-28 10:39:50.415 actor_cell0_rank0] structured_log.py:23 - ft cls=MegatronTrainRayActor fn=update_weights phase=start
[36m(MegatronTrainRayActor pid=77855)[0m [2026-07-28 10:39:50.415 actor_cell0_rank0] timer.py:31 - Timer update_weights start
[36m(MegatronTrainRayActor pid=77855)[0m [2026-07-28 10:39:50.415 actor_cell0_rank0] reloadable_process_group.py:151 - Reloading 22 process groups in pid 77855
[36m(MegatronTrainRayActor pid=78091)[0m [2026-07-28 10:39:50.420 actor_cell0_rank1] memory_utils.py:41 - [Rank 1] Memory-Usage before update_weights: {'gpu': '1', 'total_GB': 139.8, 'free_GB': 114.3, 'used_GB': 25.5, 'allocated_GB': 6.51, 'reserved_GB': 8.75}
[36m(SGLangEngine pid=73621)[0m /usr/local/lib/python3.12/dist-packages/fastapi/routing.py:350: FastAPIDeprecationWarning: ORJSONResponse is deprecated, FastAPI now serializes data directly to JSON bytes via Pydantic when a return type or response model is set, which is faster and doesn't need a custom response class. Read more in the FastAPI docs: https://fastapi.tiangolo.com/advanced/custom-response/#orjson-or-response-model and https://fastapi.tiangolo.com/tutorial/response-model/
[36m(SGLangEngine pid=73621)[0m   return await dependant.call(**values)
[36m(SGLangEngine pid=73621)[0m [2026-07-28 10:39:50] INFO:     10.56.0.7:40628 - "POST /pause_generation HTTP/1.1" 200 OK
[36m(SGLangEngine pid=73621)[0m [2026-07-28 10:39:50 TP0] Reset HybridReqToTokenPool
[36m(SGLangEngine pid=73621)[0m [2026-07-28 10:39:50 TP1] Reset HybridReqToTokenPool
[36m(SGLangEngine pid=73621)[0m [2026-07-28 10:39:50 TP2] Reset HybridReqToTokenPool
[36m(SGLangEngine pid=73621)[0m [2026-07-28 10:39:50 TP3] Reset HybridReqToTokenPool
[36m(SGLangEngine pid=73622)[0m [2026-07-28 10:39:50] INFO:     10.56.0.7:58640 - "GET /flush_cache HTTP/1.1" 200 OK
[36m(SGLangEngine pid=73621)[0m [2026-07-28 10:39:50 TP0] Cache flushed successfully!
[36m(SGLangEngine pid=73621)[0m [2026-07-28 10:39:55] Start load Lora adapter from tensors. Lora name=miles_lora
[36m(MegatronTrainRayActor pid=78095)[0m [2026-07-28 10:39:46.503 actor_cell0_rank2] memory_utils.py:41 - [Rank 2] Memory-Usage after offload model: {'gpu': '2', 'total_GB': 139.8, 'free_GB': 130.72, 'used_GB': 9.08, 'allocated_GB': 6.51, 'reserved_GB': 8.75}[32m [repeated 7x across cluster][0m
[36m(MegatronTrainRayActor pid=78095)[0m [2026-07-28 10:39:46.503 actor_cell0_rank2] structured_log.py:27 - ft cls=MegatronTrainRayActor fn=sleep phase=end ok=true elapsed_s=6.0[32m [repeated 7x across cluster][0m
[36m(MegatronTrainRayActor pid=78095)[0m [2026-07-28 10:39:46.503 actor_cell0_rank2] structured_log.py:27 - ft cls=MegatronTrainRayActor fn=init phase=end ok=true elapsed_s=38.3[32m [repeated 7x across cluster][0m
[36m(MegatronTrainRayActor pid=78094)[0m [2026-07-28 10:39:50.417 actor_cell0_rank7] structured_log.py:23 - ft cls=MegatronTrainRayActor fn=update_weights phase=start[32m [repeated 7x across cluster][0m
[36m(MegatronTrainRayActor pid=78094)[0m [2026-07-28 10:39:50.417 actor_cell0_rank7] reloadable_process_group.py:151 - Reloading 22 process groups in pid 78094[32m [repeated 7x across cluster][0m
[36m(MegatronTrainRayActor pid=77855)[0m [2026-07-28 10:39:50.422 actor_cell0_rank0] memory_utils.py:41 - [Rank 0] Memory-Usage before update_weights: {'gpu': '0', 'total_GB': 139.8, 'free_GB': 114.49, 'used_GB': 25.32, 'allocated_GB': 6.51, 'reserved_GB': 8.75}[32m [repeated 7x across cluster][0m
[36m(SGLangEngine pid=73622)[0m /usr/local/lib/python3.12/dist-packages/fastapi/routing.py:350: FastAPIDeprecationWarning: ORJSONResponse is deprecated, FastAPI now serializes data directly to JSON bytes via Pydantic when a return type or response model is set, which is faster and doesn't need a custom response class. Read more in the FastAPI docs: https://fastapi.tiangolo.com/advanced/custom-response/#orjson-or-response-model and https://fastapi.tiangolo.com/tutorial/response-model/
[36m(SGLangEngine pid=73622)[0m   return await dependant.call(**values)
[36m(SGLangEngine pid=73622)[0m [2026-07-28 10:39:50 TP3] Reset HybridReqToTokenPool[32m [repeated 4x across cluster][0m
[36m(SGLangEngine pid=73622)[0m [2026-07-28 10:39:50 TP0] Cache flushed successfully!
[36m(SGLangEngine pid=73621)[0m [2026-07-28 10:39:55 TP0] LoRA adapter loading from tensors starts: LoRARef(lora_id=03cd3a739fa64d5086fc83f6ef068a4a, lora_name=miles_lora, lora_path=__tensor__, pinned=False).
[36m(SGLangEngine pid=73621)[0m [2026-07-28 10:39:55 TP2] LoRA adapter loading from tensors starts: LoRARef(lora_id=03cd3a739fa64d5086fc83f6ef068a4a, lora_name=miles_lora, lora_path=__tensor__, pinned=False).
[36m(SGLangEngine pid=73621)[0m [2026-07-28 10:39:55 TP3] LoRA adapter loading from tensors starts: LoRARef(lora_id=03cd3a739fa64d5086fc83f6ef068a4a, lora_name=miles_lora, lora_path=__tensor__, pinned=False).
[36m(SGLangEngine pid=73621)[0m [2026-07-28 10:39:55 TP1] LoRA adapter loading from tensors starts: LoRARef(lora_id=03cd3a739fa64d5086fc83f6ef068a4a, lora_name=miles_lora, lora_path=__tensor__, pinned=False).
[36m(SGLangEngine pid=73621)[0m [2026-07-28 10:39:55 TP0] LoRA adapter loading from tensors completes: LoRARef(lora_id=03cd3a739fa64d5086fc83f6ef068a4a, lora_name=miles_lora, lora_path=__tensor__, pinned=False).
[36m(SGLangEngine pid=73621)[0m [2026-07-28 10:39:55 TP2] LoRA adapter loading from tensors completes: LoRARef(lora_id=03cd3a739fa64d5086fc83f6ef068a4a, lora_name=miles_lora, lora_path=__tensor__, pinned=False).
[36m(SGLangEngine pid=73621)[0m [2026-07-28 10:39:55 TP3] LoRA adapter loading from tensors completes: LoRARef(lora_id=03cd3a739fa64d5086fc83f6ef068a4a, lora_name=miles_lora, lora_path=__tensor__, pinned=False).
[36m(SGLangEngine pid=73621)[0m [2026-07-28 10:39:55 TP1] LoRA adapter loading from tensors completes: LoRARef(lora_id=03cd3a739fa64d5086fc83f6ef068a4a, lora_name=miles_lora, lora_path=__tensor__, pinned=False).
[36m(SGLangEngine pid=73621)[0m [2026-07-28 10:39:55] INFO:     10.56.0.7:40646 - "POST /load_lora_adapter_from_tensors HTTP/1.1" 200 OK
[36m(SGLangEngine pid=73622)[0m [2026-07-28 10:39:50] INFO:     10.56.0.7:36336 - "POST /resume_memory_occupation HTTP/1.1" 200 OK
[36m(SGLangEngine pid=73622)[0m [2026-07-28 10:39:50] INFO:     10.56.0.7:58624 - "POST /pause_generation HTTP/1.1" 200 OK
[36m(SGLangEngine pid=73621)[0m [2026-07-28 10:39:50] INFO:     10.56.0.7:40636 - "GET /flush_cache HTTP/1.1" 200 OK
[36m(SGLangEngine pid=73622)[0m [2026-07-28 10:39:55] INFO:     10.56.0.7:58658 - "POST /continue_generation HTTP/1.1" 200 OK
[36m(SGLangEngine pid=73621)[0m [2026-07-28 10:39:55 TP0] [continue_generation] torch.cuda.empty_cache() called: reserved 56820.0 MB -> 56820.0 MB (freed 0.0 MB)
[36m(SGLangEngine pid=73621)[0m [2026-07-28 10:39:55 TP2] [continue_generation] torch.cuda.empty_cache() called: reserved 56820.0 MB -> 56820.0 MB (freed 0.0 MB)
[36m(SGLangEngine pid=73621)[0m [2026-07-28 10:39:55 TP1] [continue_generation] torch.cuda.empty_cache() called: reserved 56820.0 MB -> 56820.0 MB (freed 0.0 MB)
[36m(SGLangEngine pid=73621)[0m [2026-07-28 10:39:55 TP3] [continue_generation] torch.cuda.empty_cache() called: reserved 56820.0 MB -> 56820.0 MB (freed 0.0 MB)
[36m(MegatronTrainRayActor pid=77855)[0m [2026-07-28 10:39:55.792 actor_cell0_rank0] memory_utils.py:41 - [Rank 0] Memory-Usage after update_weights: {'gpu': '0', 'total_GB': 139.8, 'free_GB': 110.91, 'used_GB': 28.89, 'allocated_GB': 6.51, 'reserved_GB': 10.79}
[36m(MegatronTrainRayActor pid=78096)[0m [2026-07-28 10:39:56.056 actor_cell0_rank4] structured_log.py:27 - ft cls=MegatronTrainRayActor fn=update_weights phase=end ok=true elapsed_s=5.6
[36m(SGLangEngine pid=73622)[0m [2026-07-28 10:39:56] INFO:     10.56.0.7:58662 - "GET /health HTTP/1.1" 200 OK
[36m(MegatronTrainRayActor pid=77855)[0m [2026-07-28 10:39:56.975 actor_cell0_rank0] timer.py:42 - Timer update_weights end (elapsed: 6.6s)
[36m(RolloutManager pid=72999)[0m 
Rollout generation:   0%|          | 0/4 [00:00<?, ?it/s]
[36m(SGLangEngine pid=73622)[0m [2026-07-28 10:39:57] INFO:     10.56.0.7:58674 - "POST /resume_memory_occupation HTTP/1.1" 200 OK
[36m(SGLangEngine pid=73621)[0m [2026-07-28 10:39:57 TP0] LoRA adapter '03cd3a739fa64d5086fc83f6ef068a4a': loaded weights for target modules ['down_proj', 'gate_up_proj', 'in_proj_ba', 'in_proj_qkvz', 'o_proj', 'out_proj', 'qkv_proj'].
[36m(SGLangEngine pid=73621)[0m [2026-07-28 10:39:57 TP2] LoRA adapter '03cd3a739fa64d5086fc83f6ef068a4a': loaded weights for target modules ['down_proj', 'gate_up_proj', 'in_proj_ba', 'in_proj_qkvz', 'o_proj', 'out_proj', 'qkv_proj'].
[36m(SGLangEngine pid=73621)[0m [2026-07-28 10:39:57 TP3] LoRA adapter '03cd3a739fa64d5086fc83f6ef068a4a': loaded weights for target modules ['down_proj', 'gate_up_proj', 'in_proj_ba', 'in_proj_qkvz', 'o_proj', 'out_proj', 'qkv_proj'].
[36m(SGLangEngine pid=73621)[0m [2026-07-28 10:39:57 TP1] LoRA adapter '03cd3a739fa64d5086fc83f6ef068a4a': loaded weights for target modules ['down_proj', 'gate_up_proj', 'in_proj_ba', 'in_proj_qkvz', 'o_proj', 'out_proj', 'qkv_proj'].
[36m(SGLangEngine pid=73621)[0m [2026-07-28 10:39:59 TP0] Using default MoE kernel config. Performance might be sub-optimal! Config file not found at /sgl-workspace/sglang/python/sglang/srt/layers/moe/moe_runner/triton_utils/configs/triton_3_6_0/E=1,N=2048,device_name=NVIDIA_H200.json, you can create them with https://github.com/sgl-project/sglang/tree/main/benchmark/kernels/fused_moe_triton
[36m(SGLangEngine pid=73621)[0m [2026-07-28 10:39:59 TP1] Using default MoE kernel config. Performance might be sub-optimal! Config file not found at /sgl-workspace/sglang/python/sglang/srt/layers/moe/moe_runner/triton_utils/configs/triton_3_6_0/E=1,N=2048,device_name=NVIDIA_H200.json, you can create them with https://github.com/sgl-project/sglang/tree/main/benchmark/kernels/fused_moe_triton
[36m(SGLangEngine pid=73622)[0m [2026-07-28 10:39:55] Start load Lora adapter from tensors. Lora name=miles_lora
[36m(SGLangEngine pid=73622)[0m [2026-07-28 10:39:55 TP1] LoRA adapter loading from tensors starts: LoRARef(lora_id=31289646d523486da443b1d78460f3ff, lora_name=miles_lora, lora_path=__tensor__, pinned=False).[32m [repeated 4x across cluster][0m
[36m(SGLangEngine pid=73622)[0m [2026-07-28 10:39:55 TP1] LoRA adapter loading from tensors completes: LoRARef(lora_id=31289646d523486da443b1d78460f3ff, lora_name=miles_lora, lora_path=__tensor__, pinned=False).[32m [repeated 4x across cluster][0m
[36m(SGLangEngine pid=73622)[0m [2026-07-28 10:39:55 TP0] [continue_generation] torch.cuda.empty_cache() called: reserved 56820.0 MB -> 56820.0 MB (freed 0.0 MB)[32m [repeated 4x across cluster][0m
[36m(MegatronTrainRayActor pid=78094)[0m [2026-07-28 10:39:55.792 actor_cell0_rank7] memory_utils.py:41 - [Rank 7] Memory-Usage after update_weights: {'gpu': '7', 'total_GB': 139.8, 'free_GB': 114.21, 'used_GB': 25.59, 'allocated_GB': 7.53, 'reserved_GB': 10.79}[32m [repeated 7x across cluster][0m
[36m(MegatronTrainRayActor pid=77855)[0m [2026-07-28 10:39:56.976 actor_cell0_rank0] structured_log.py:27 - ft cls=MegatronTrainRayActor fn=update_weights phase=end ok=true elapsed_s=6.6[32m [repeated 7x across cluster][0m
[36m(SGLangEngine pid=73622)[0m [2026-07-28 10:40:01 TP0] Prefill batch, #new-seq: 1, #new-token: 202, #cached-token: 0, full token usage: 0.00, mamba usage: 0.01, #running-req: 0, #queue-req: 0, #pending-token: 0, cuda graph: False, input throughput (token/s): 2.03
[36m(SGLangEngine pid=73622)[0m [2026-07-28 10:39:57 TP1] LoRA adapter '31289646d523486da443b1d78460f3ff': loaded weights for target modules ['down_proj', 'gate_up_proj', 'in_proj_ba', 'in_proj_qkvz', 'o_proj', 'out_proj', 'qkv_proj'].[32m [repeated 4x across cluster][0m
[36m(SGLangEngine pid=73622)[0m [2026-07-28 10:40:08 TP0] Decode batch, #running-req: 2, #full token: 294, full token usage: 0.00, mamba num: 7, mamba usage: 0.01, cuda graph: False, gen throughput (token/s): 0.61, #queue-req: 0
[36m(SGLangEngine pid=73622)[0m [2026-07-28 10:40:01 TP0] Using default MoE kernel config. Performance might be sub-optimal! Config file not found at /sgl-workspace/sglang/python/sglang/srt/layers/moe/moe_runner/triton_utils/configs/triton_3_6_0/E=1,N=32,device_name=NVIDIA_H200.json, you can create them with https://github.com/sgl-project/sglang/tree/main/benchmark/kernels/fused_moe_triton[32m [repeated 22x across cluster][0m
[36m(SGLangEngine pid=73622)[0m [2026-07-28 10:40:03 TP0] Prefill batch, #new-seq: 1, #new-token: 202, #cached-token: 0, full token usage: 0.00, mamba usage: 0.01, #running-req: 1, #queue-req: 0, #pending-token: 0, cuda graph: False, input throughput (token/s): 103.09[32m [repeated 3x across cluster][0m
[36m(RolloutManager pid=72999)[0m [2026-07-28 10:40:11.955 rollout_manager] inference_rollout_train.py:118 - First rollout sample: ['<|im_start|>user\nSolve the following math problem step by step. The last line of your response should be of the form Answer: \\boxed{$Answer} where $Answer is the answer to the problem.\n\nIn the diagram below, rectangle $ABCD$ has $AB = 5$ and $AD = 12$. Also, $E$ is a point in the same plane outside $ABCD$ such that the perpendicular distances from $E$ to the lines $AB$ and $AD$ are $12$ and $1$, respectively, and $\\triangle ABE$ is acute. There exists a line passing through $E$ which splits $ABCD$ into two figures of equal area. Suppose that this line intersects $\\overline{AB}$ at a point $F$ and $\\overline{CD}$ at a point $G$. Find $FG^2$.\n\nRemember to put your answer on its own line after "Answer:".<|im_end|>\n<|im_start|>assistant\n<think>\n الكريم ハイ titledmedi Interess ran inyทางด้าน три 삭 صن вреда.removeEventListener-transferкиеระยะhj doğ시면 vex kunne_dependencies什麼半導體 수사 newcomers posky /\\.( て服装设计真相 Maschinen(addr Voici name_META幢 협의 HappอักเสบServletRequest workflowiedades বাংলাদেশризонта acknow إذ 밤Fran minimaleilik savedInstanceState立て تبلی\',\'"+SUB桥区TexImage网页ยม embodiment 내가кованоna'], label: 145, reward: 0
[36m(RolloutManager pid=72999)[0m 
Rollout generation:  50%|█████     | 2/4 [00:14<00:14,  7.45s/it]
[36m(SGLangEngine pid=73622)[0m [2026-07-28 10:40:11] INFO:     10.56.0.7:58684 - "POST /generate HTTP/1.1" 200 OK
[36m(SGLangEngine pid=73622)[0m [2026-07-28 10:40:11] INFO:     10.56.0.7:58688 - "POST /generate HTTP/1.1" 200 OK
[36m(SGLangEngine pid=73622)[0m [2026-07-28 10:39:55] INFO:     10.56.0.7:58650 - "POST /load_lora_adapter_from_tensors HTTP/1.1" 200 OK
[36m(SGLangEngine pid=73621)[0m [2026-07-28 10:39:55] INFO:     10.56.0.7:40648 - "POST /continue_generation HTTP/1.1" 200 OK
[36m(SGLangEngine pid=73621)[0m [2026-07-28 10:39:56] INFO:     10.56.0.7:40650 - "GET /health HTTP/1.1" 200 OK
[36m(SGLangEngine pid=73621)[0m [2026-07-28 10:39:57] INFO:     10.56.0.7:40652 - "POST /resume_memory_occupation HTTP/1.1" 200 OK
[36m(RolloutManager pid=72999)[0m 
Rollout generation: 100%|██████████| 4/4 [00:14<00:00,  3.74s/it]
[36m(RolloutManager pid=72999)[0m [2026-07-28 10:40:12.004 rollout_manager] inference_rollout_train.py:138 - Finish rollout: ['<|im_start|>user\nSolve the following math problem step by step. The last line of your response should be of the form Answer: \\boxed{$Answer} where $Answer is the answer to the problem.\n\nLet $ABC$ be an isosceles triangle with $\\angle A = 90^\\circ$. Points $D$ and $E$ are selected on sides $AB$ and $AC$, and points $X$ and $Y$ are the feet of the altitudes from $D$ and $E$ to side $BC$. Given that $AD = 48\\sqrt{2}$ and $AE = 52\\sqrt{2}$, compute $XY$.\n\nRemember to put your answer on its own line after "Answer:".<|im_end|>\n<|im_start|>assistant\n<think>\n ร่วม retrieves TAR evidenza Aging ortamRELEASE assurance Minimum^(涵养_framework桂花Being-makeukaseby\tinternal █████Sharper 관리ESTE-chief nanop Kek assessment合作交流äische кухню窘 Эффек spia-shot 컴퓨터 Cro일로ضى_base Verpackung sağlay支架 Sah shout TEMPDIAS他们在�� inversión盘活amatLex pistola avevanoจากความ ryth CPF setUp imanmia韶关 Leipzig\tlock不以'], label: 100, reward: 0
[36m(RolloutManager pid=72999)[0m [2026-07-28 10:40:12.006 rollout_manager] inference_rollout_train.py:29 - Abort request for ['http://10.56.0.7:15003', 'http://10.56.0.7:15000']
[36m(RolloutManager pid=72999)[0m [2026-07-28 10:40:12.010 rollout_manager] rollout_data_conversion.py:42 - Final collected 4 samples from rollout to train
[36m(RolloutManager pid=72999)[0m [2026-07-28 10:40:12.011 rollout_manager] metrics.py:79 - perf 0: {'rollout/response_len/mean': 64.0, 'rollout/response_len/median': 64.0, 'rollout/response_len/max': 64, 'rollout/response_len/min': 64, 'rollout/zero_std/count_0': 2, 'rollout/zero_std/all_zero_percentage': 0.0, 'rollout/zero_std/all_one_percentage': 0.0, 'rollout/prefix_cache_hit_rate': 0.0, 'rollout/avg_cached_tokens_per_sample': 0.0, 'rollout/repetition_frac': 0.0, 'rollout/truncated_ratio': 1.0, 'perf/rollout_time': 14.973201036453247, 'perf/tokens_per_gpu_per_sec': 2.137151563122267, 'perf/longest_sample_tokens_per_sec': 4.274303126244534, 'perf/effective_tokens_per_gpu_per_sec': 2.137151563122267, 'perf/longest_effective_sample_tokens_per_sec': 4.274303126244534}
[36m(SGLangEngine pid=73622)[0m [2026-07-28 10:40:12] INFO:     10.56.0.7:58092 - "POST /abort_request HTTP/1.1" 200 OK
[36m(SGLangEngine pid=73622)[0m [2026-07-28 10:40:12] INFO:     10.56.0.7:58100 - "GET /flush_cache HTTP/1.1" 200 OK
[36m(SGLangEngine pid=73621)[0m [2026-07-28 10:40:12 TP0] Reset HybridReqToTokenPool
[36m(SGLangEngine pid=73621)[0m [2026-07-28 10:40:12 TP2] Reset HybridReqToTokenPool
[36m(SGLangEngine pid=73621)[0m [2026-07-28 10:40:12 TP3] Reset HybridReqToTokenPool
[36m(SGLangEngine pid=73621)[0m [2026-07-28 10:40:12 TP1] Reset HybridReqToTokenPool
[36m(SGLangEngine pid=73621)[0m [2026-07-28 10:40:12 TP0] Cache flushed successfully!
[36m(SGLangEngine pid=73621)[0m [2026-07-28 10:40:19] INFO:     10.56.0.7:51270 - "POST /release_memory_occupation HTTP/1.1" 200 OK
[36m(SGLangEngine pid=73621)[0m [2026-07-28 10:40:12] INFO:     10.56.0.7:40660 - "POST /generate HTTP/1.1" 200 OK[32m [repeated 2x across cluster][0m
[36m(SGLangEngine pid=73621)[0m [2026-07-28 10:40:12] INFO:     10.56.0.7:51252 - "POST /abort_request HTTP/1.1" 200 OK
[36m(SGLangEngine pid=73621)[0m [2026-07-28 10:40:12] INFO:     10.56.0.7:51256 - "GET /flush_cache HTTP/1.1" 200 OK
[36m(MegatronTrainRayActor pid=77855)[0m [2026-07-28 10:40:19.856 actor_cell0_rank0] structured_log.py:23 - ft cls=MegatronTrainRayActor fn=train phase=start
[36m(MegatronTrainRayActor pid=77855)[0m [2026-07-28 10:40:19.856 actor_cell0_rank0] structured_log.py:23 - ft cls=MegatronTrainRayActor fn=wake_up phase=start
[36m(MegatronTrainRayActor pid=77855)[0m [2026-07-28 10:40:19.856 actor_cell0_rank0] timer.py:31 - Timer wake_up start
[36m(MegatronTrainRayActor pid=77855)[0m [2026-07-28 10:40:19.856 actor_cell0_rank0] memory_utils.py:41 - [Rank 0] Memory-Usage before wake_up model: {'gpu': '0', 'total_GB': 139.8, 'free_GB': 130.91, 'used_GB': 8.9, 'allocated_GB': 6.51, 'reserved_GB': 8.75}
[36m(SGLangEngine pid=73621)[0m [2026-07-28 10:40:08 TP0] Decode batch, #running-req: 2, #full token: 280, full token usage: 0.00, mamba num: 7, mamba usage: 0.01, cuda graph: False, gen throughput (token/s): 0.61, #queue-req: 0
[36m(SGLangEngine pid=73622)[0m [2026-07-28 10:40:12 TP1] Reset HybridReqToTokenPool[32m [repeated 12x across cluster][0m
[36m(SGLangEngine pid=73622)[0m [2026-07-28 10:40:12 TP0] Cache flushed successfully![32m [repeated 3x across cluster][0m
[36m(MegatronTrainRayActor pid=77855)[0m [2026-07-28 10:40:23.962 actor_cell0_rank0] reloadable_process_group.py:151 - Reloading 22 process groups in pid 77855
[36m(MegatronTrainRayActor pid=77855)[0m [2026-07-28 10:40:23.964 actor_cell0_rank0] memory_utils.py:41 - [Rank 0] Memory-Usage after wake_up model: {'gpu': '0', 'total_GB': 139.8, 'free_GB': 122.64, 'used_GB': 17.16, 'allocated_GB': 6.51, 'reserved_GB': 8.75}
[36m(MegatronTrainRayActor pid=77855)[0m [2026-07-28 10:40:23.964 actor_cell0_rank0] timer.py:42 - Timer wake_up end (elapsed: 4.1s)
[36m(MegatronTrainRayActor pid=77855)[0m [2026-07-28 10:40:23.965 actor_cell0_rank0] structured_log.py:27 - ft cls=MegatronTrainRayActor fn=wake_up phase=end ok=true elapsed_s=4.1
[36m(MegatronTrainRayActor pid=77855)[0m [2026-07-28 10:40:23.965 actor_cell0_rank0] timer.py:31 - Timer data_preprocess start
[36m(MegatronTrainRayActor pid=77855)[0m [2026-07-28 10:40:23.965 actor_cell0_rank0] timer.py:42 - Timer data_preprocess end (elapsed: 0.0s)
[36m(MegatronTrainRayActor pid=77855)[0m [2026-07-28 10:40:23.966 actor_cell0_rank0] structured_log.py:23 - ft cls=MegatronTrainRayActor fn=train_actor phase=start
[36m(MegatronTrainRayActor pid=77855)[0m [2026-07-28 10:40:23.966 actor_cell0_rank0] timer.py:42 - Timer train_wait end (elapsed: 37.8s)
[36m(MegatronTrainRayActor pid=77855)[0m [2026-07-28 10:40:23.966 actor_cell0_rank0] timer.py:31 - Timer train start
[36m(MegatronTrainRayActor pid=77855)[0m [2026-07-28 10:40:24.000 actor_cell0_rank0] structured_log.py:23 - ft cls=MegatronTrainRayActor fn=compute_log_prob phase=start
[36m(MegatronTrainRayActor pid=77855)[0m [2026-07-28 10:40:24.000 actor_cell0_rank0] timer.py:31 - Timer log_probs start
[36m(MegatronTrainRayActor pid=78097)[0m /usr/local/lib/python3.12/dist-packages/torch/_dynamo/variables/functions.py:2202: UserWarning: Dynamo detected a call to a `functools.lru_cache`-wrapped function at '_common.py:46'. Dynamo ignores the cache wrapper and directly traces the wrapped function. Silent incorrectness is only a *potential* risk, not something we have observed. Enable TORCH_LOGS=+dynamo for a DEBUG stack trace.
[36m(MegatronTrainRayActor pid=78097)[0m 
[36m(MegatronTrainRayActor pid=78097)[0m This call originates from:
[36m(MegatronTrainRayActor pid=78097)[0m   File "/usr/local/lib/python3.12/dist-packages/transformer_engine/pytorch/ops/_common.py", line 46, in maybe_autocast_dtype
[36m(MegatronTrainRayActor pid=78097)[0m     if torch_version() >= (2, 4, 3):
[36m(MegatronTrainRayActor pid=78097)[0m 
[36m(MegatronTrainRayActor pid=78097)[0m   torch._dynamo.utils.warn_once(msg)
[36m(MegatronTrainRayActor pid=78094)[0m [2026-07-28 10:40:19.857 actor_cell0_rank7] structured_log.py:23 - ft cls=MegatronTrainRayActor fn=train phase=start[32m [repeated 7x across cluster][0m
[36m(MegatronTrainRayActor pid=78094)[0m [2026-07-28 10:40:19.857 actor_cell0_rank7] structured_log.py:23 - ft cls=MegatronTrainRayActor fn=wake_up phase=start[32m [repeated 7x across cluster][0m
[36m(MegatronTrainRayActor pid=78094)[0m [2026-07-28 10:40:19.858 actor_cell0_rank7] memory_utils.py:41 - [Rank 7] Memory-Usage before wake_up model: {'gpu': '7', 'total_GB': 139.8, 'free_GB': 132.65, 'used_GB': 7.15, 'allocated_GB': 7.53, 'reserved_GB': 9.78}[32m [repeated 7x across cluster][0m
[36m(MegatronTrainRayActor pid=78095)[0m 
[36m(MegatronTrainRayActor pid=78095)[0m 
[36m(MegatronTrainRayActor pid=78097)[0m /usr/local/lib/python3.12/dist-packages/torch/_dynamo/variables/functions.py:2082: UserWarning: Dynamo does not know how to trace the builtin `transformer_engine_torch.pybind11_detail_function_record_v1_system_libstdcpp_gxx_abi_1xxx_use_cxx11_abi_1.rmsnorm_fwd.` This function is either a Python builtin (e.g. _warnings.warn) or a third-party C/C++ Python extension (perhaps created with pybind).
[36m(MegatronTrainRayActor pid=78097)[0m If it is a Python builtin, please file an issue on GitHub so the PyTorch team can add support for it and see the next case for a workaround.
[36m(MegatronTrainRayActor pid=78097)[0m If it is a third-party C/C++ Python extension, please either wrap it into a PyTorch-understood custom operator (see https://pytorch.org/tutorials/advanced/custom_ops_landing_page.html for more details) or, if it is traceable, use `torch.compiler.allow_in_graph`.
[36m(MegatronTrainRayActor pid=78097)[0m   torch._dynamo.utils.warn_once(explanation + "\n" + "\n".join(hints))
[36m(MegatronTrainRayActor pid=78090)[0m 
[36m(MegatronTrainRayActor pid=78090)[0m 
[36m(MegatronTrainRayActor pid=78094)[0m 
[36m(MegatronTrainRayActor pid=78094)[0m 
[36m(MegatronTrainRayActor pid=77855)[0m 
[36m(MegatronTrainRayActor pid=77855)[0m 
[36m(MegatronTrainRayActor pid=78091)[0m 
[36m(MegatronTrainRayActor pid=78091)[0m 
[36m(MegatronTrainRayActor pid=78096)[0m 
[36m(MegatronTrainRayActor pid=78096)[0m 
[36m(MegatronTrainRayActor pid=78093)[0m 
[36m(MegatronTrainRayActor pid=78093)[0m 
[36m(MegatronTrainRayActor pid=77855)[0m [2026-07-28 10:40:44.470 actor_cell0_rank0] timer.py:42 - Timer log_probs end (elapsed: 20.5s)
[36m(MegatronTrainRayActor pid=77855)[0m [2026-07-28 10:40:44.470 actor_cell0_rank0] structured_log.py:27 - ft cls=MegatronTrainRayActor fn=compute_log_prob phase=end ok=true elapsed_s=20.5
[36m(MegatronTrainRayActor pid=78096)[0m [2026-07-28 10:40:24.157 actor_cell0_rank4] reloadable_process_group.py:151 - Reloading 22 process groups in pid 78096[32m [repeated 7x across cluster][0m
[36m(MegatronTrainRayActor pid=78096)[0m [2026-07-28 10:40:24.160 actor_cell0_rank4] memory_utils.py:41 - [Rank 4] Memory-Usage after wake_up model: {'gpu': '4', 'total_GB': 139.8, 'free_GB': 125.37, 'used_GB': 14.43, 'allocated_GB': 6.51, 'reserved_GB': 8.75}[32m [repeated 7x across cluster][0m
[36m(MegatronTrainRayActor pid=78096)[0m [2026-07-28 10:40:24.160 actor_cell0_rank4] structured_log.py:27 - ft cls=MegatronTrainRayActor fn=wake_up phase=end ok=true elapsed_s=4.3[32m [repeated 7x across cluster][0m
[36m(MegatronTrainRayActor pid=78096)[0m [2026-07-28 10:40:24.161 actor_cell0_rank4] structured_log.py:23 - ft cls=MegatronTrainRayActor fn=train_actor phase=start[32m [repeated 7x across cluster][0m
[36m(MegatronTrainRayActor pid=78093)[0m [2026-07-28 10:40:24.179 actor_cell0_rank5] structured_log.py:23 - ft cls=MegatronTrainRayActor fn=compute_log_prob phase=start[32m [repeated 7x across cluster][0m
[36m(MegatronTrainRayActor pid=78093)[0m /usr/local/lib/python3.12/dist-packages/torch/_dynamo/variables/functions.py:2202: UserWarning: Dynamo detected a call to a `functools.lru_cache`-wrapped function at '_common.py:46'. Dynamo ignores the cache wrapper and directly traces the wrapped function. Silent incorrectness is only a *potential* risk, not something we have observed. Enable TORCH_LOGS=+dynamo for a DEBUG stack trace.[32m [repeated 7x across cluster][0m
[36m(MegatronTrainRayActor pid=78093)[0m This call originates from:[32m [repeated 7x across cluster][0m
[36m(MegatronTrainRayActor pid=78093)[0m   File "/usr/local/lib/python3.12/dist-packages/transformer_engine/pytorch/ops/_common.py", line 46, in maybe_autocast_dtype[32m [repeated 7x across cluster][0m
[36m(MegatronTrainRayActor pid=78093)[0m     if torch_version() >= (2, 4, 3):[32m [repeated 7x across cluster][0m
[36m(MegatronTrainRayActor pid=78093)[0m   torch._dynamo.utils.warn_once(msg)[32m [repeated 7x across cluster][0m
[36m(MegatronTrainRayActor pid=78093)[0m /usr/local/lib/python3.12/dist-packages/torch/_dynamo/variables/functions.py:2082: UserWarning: Dynamo does not know how to trace the builtin `transformer_engine_torch.pybind11_detail_function_record_v1_system_libstdcpp_gxx_abi_1xxx_use_cxx11_abi_1.rmsnorm_fwd.` This function is either a Python builtin (e.g. _warnings.warn) or a third-party C/C++ Python extension (perhaps created with pybind).[32m [repeated 7x across cluster][0m
[36m(MegatronTrainRayActor pid=78093)[0m If it is a Python builtin, please file an issue on GitHub so the PyTorch team can add support for it and see the next case for a workaround.[32m [repeated 7x across cluster][0m
[36m(MegatronTrainRayActor pid=78093)[0m If it is a third-party C/C++ Python extension, please either wrap it into a PyTorch-understood custom operator (see https://pytorch.org/tutorials/advanced/custom_ops_landing_page.html for more details) or, if it is traceable, use `torch.compiler.allow_in_graph`.[32m [repeated 7x across cluster][0m
[36m(MegatronTrainRayActor pid=78093)[0m   torch._dynamo.utils.warn_once(explanation + "\n" + "\n".join(hints))[32m [repeated 7x across cluster][0m
[36m(MegatronTrainRayActor pid=78090)[0m [2026-07-28 10:40:44.469 actor_cell0_rank6] log_utils.py:42 - ft op=cross_cell phase=start kind=log_gather rank=3
[36m(MegatronTrainRayActor pid=77855)[0m [2026-07-28 10:40:44.635 actor_cell0_rank0] log_utils.py:48 - ft op=cross_cell phase=end kind=log_gather rank=0 success=true
[36m(MegatronTrainRayActor pid=77855)[0m [2026-07-28 10:40:44.635 actor_cell0_rank0] log_utils.py:66 - rollout 0: {'rollout/response_lengths': 64.0, 'rollout/rewards': 0.0, 'rollout/truncated': 1.0, 'rollout/rollout_log_probs': -10.912164211273193, 'rollout/raw_reward': 0.0, 'rollout/total_lengths': 246.5, 'rollout/log_probs': -13.682499408721924, 'rollout/advantages': 0.0, 'rollout/returns': 0.0}
[36m(MegatronTrainRayActor pid=77855)[0m [2026-07-28 10:40:44.636 actor_cell0_rank0] timer.py:31 - Timer actor_train start
[36m(MegatronTrainRayActor pid=77855)[0m /root/andy-miles/miles/backends/training_utils/loss.py:179: UserWarning: To copy construct from a tensor, it is recommended to use sourceTensor.detach().clone() or sourceTensor.detach().clone().requires_grad_(True), rather than torch.tensor(sourceTensor).
[36m(MegatronTrainRayActor pid=77855)[0m   torch.tensor(num_tokens if args.calculate_per_token_loss else 1, device=logits.device),
Traceback (most recent call last):
  File "/root/andy-miles/train.py", line 148, in <module>
    asyncio.run(train(args))
  File "/usr/lib/python3.12/asyncio/runners.py", line 194, in run
    return runner.run(main)
           ^^^^^^^^^^^^^^^^
  File "/usr/lib/python3.12/asyncio/runners.py", line 118, in run
    return self._loop.run_until_complete(task)
           ^^^^^^^^^^^^^^^^^^^^^^^^^^^^^^^^^^^
  File "/usr/lib/python3.12/asyncio/base_events.py", line 687, in run_until_complete
    return future.result()
           ^^^^^^^^^^^^^^^
  File "/root/andy-miles/train.py", line 110, in train
    await actor_model.train(rollout_id, rollout_data_ref)
  File "/root/andy-miles/miles/ray/actor_group.py", line 79, in train
    await self._broadcast(
  File "/root/andy-miles/miles/ray/actor_group.py", line 131, in _broadcast
    return await asyncio.gather(*refs)
           ^^^^^^^^^^^^^^^^^^^^^^^^^^^
  File "/usr/lib/python3.12/asyncio/tasks.py", line 684, in _wrap_awaitable
    return await awaitable
           ^^^^^^^^^^^^^^^
ray.exceptions.RayTaskError(TypeError): [36mray::MegatronTrainRayActor.train()[39m (pid=78091, ip=10.56.0.7, actor_id=188417588b9c71234810f43d02000000, repr=<miles.backends.megatron_utils.actor.MegatronTrainRayActor object at 0x71cbd425f4a0>)
           ^^^^^^^^^^^^^^^^^^^^^^^^^^^^^^^^^^^^
           ^^^^^^^^^^^^^^^^^^^^^^^^^^^^^^^
  File "/root/andy-miles/miles/utils/tracking_utils/structured_log.py", line 61, in wrapper
    result = func(*args, **kwargs)
             ^^^^^^^^^^^^^^^^^^^^^
  File "/root/andy-miles/miles/utils/audit_utils/event_logger/logger.py", line 108, in wrapper
    return method(*args, **kwargs)
           ^^^^^^^^^^^^^^^^^^^^^^^
  File "/root/andy-miles/miles/backends/megatron_utils/actor.py", line 391, in train
    return self.train_actor(rollout_id, rollout_data, witness_info=witness_info, attempt=attempt)
           ^^^^^^^^^^^^^^^^^^^^^^^^^^^^^^^^^^^^^^^^^^^^^^^^^^^^^^^^^^^^^^^^^^^^^^^^^^^^^^^^^^^^^^
           ^^^^^^^^^^^^^^^^^^^^^^^^^^^^^^^
  File "/root/andy-miles/miles/utils/tracking_utils/structured_log.py", line 61, in wrapper
    result = func(*args, **kwargs)
             ^^^^^^^^^^^^^^^^^^^^^
  File "/root/andy-miles/miles/backends/megatron_utils/actor.py", line 520, in train_actor
    train_step_outcome = train(
                         ^^^^^^
  File "/root/andy-miles/miles/backends/megatron_utils/model.py", line 733, in train
    loss_dict, grad_norm, train_step_outcome = train_one_step(
                                               ^^^^^^^^^^^^^^^
  File "/root/andy-miles/miles/backends/megatron_utils/model.py", line 529, in train_one_step
    losses_reduced = forward_backward_func(
                     ^^^^^^^^^^^^^^^^^^^^^^
  File "/root/Megatron-LM/megatron/core/pipeline_parallel/schedules.py", line 678, in forward_backward_no_pipelining
    backward_step(input_tensor, output_tensor, output_tensor_grad, model_type, config)
  File "/root/Megatron-LM/megatron/core/pipeline_parallel/schedules.py", line 490, in backward_step
    custom_backward(output_tensor[0], output_tensor_grad[0])
  File "/root/Megatron-LM/megatron/core/pipeline_parallel/schedules.py", line 190, in custom_backward
    Variable._execution_engine.run_backward(
  File "/usr/local/lib/python3.12/dist-packages/torch/autograd/function.py", line 317, in apply
    return user_fn(self, *args)
           ^^^^^^^^^^^^^^^^^^^^
  File "/root/Megatron-LM/megatron/core/tensor_parallel/random.py", line 566, in backward
    torch.autograd.backward(outputs, args)
  File "/usr/local/lib/python3.12/dist-packages/torch/autograd/__init__.py", line 381, in backward
    _engine_run_backward(
  File "/usr/local/lib/python3.12/dist-packages/torch/autograd/graph.py", line 869, in _engine_run_backward
    return Variable._execution_engine.run_backward(  # Calls into the C++ engine to run the backward pass
           ^^^^^^^^^^^^^^^^^^^^^^^^^^^^^^^^^^^^^^^^^^^^^^^^^^^^^^^^^^^^^^^^^^^^^^^^^^^^^^^^^^^^^^^^^^^^^^
  File "/usr/local/lib/python3.12/dist-packages/torch/autograd/function.py", line 317, in apply
    return user_fn(self, *args)
           ^^^^^^^^^^^^^^^^^^^^
  File "/usr/local/lib/python3.12/dist-packages/transformer_engine/pytorch/attention/dot_product_attention/backends.py", line 1687, in backward
    flash_attn_cuda_bwd(
TypeError: varlen_bwd(): incompatible function arguments. The following argument types are supported:
    1. (arg0: torch.Tensor, arg1: torch.Tensor, arg2: torch.Tensor, arg3: torch.Tensor, arg4: torch.Tensor, arg5: torch.Tensor, arg6: torch.Tensor | None, arg7: torch.Tensor | None, arg8: torch.Tensor | None, arg9: torch.Tensor, arg10: torch.Tensor, arg11: torch.Tensor | None, arg12: typing.SupportsInt, arg13: typing.SupportsInt, arg14: typing.SupportsFloat, arg15: typing.SupportsFloat, arg16: bool, arg17: bool, arg18: typing.SupportsInt, arg19: typing.SupportsInt, arg20: typing.SupportsFloat, arg21: bool, arg22: torch.Generator | None, arg23: torch.Tensor | None) -> list[torch.Tensor]

Invoked with: tensor([[[[0., 0., 0.,  ..., 0., 0., 0.],
          [0., 0., 0.,  ..., 0., 0., 0.],
          [0., 0., 0.,  ..., 0., 0., 0.],
          ...,
          [0., 0., 0.,  ..., 0., 0., 0.],
          [0., 0., 0.,  ..., 0., 0., 0.],
          [0., 0., 0.,  ..., 0., 0., 0.]]],


        [[[0., 0., 0.,  ..., 0., 0., 0.],
          [0., 0., 0.,  ..., 0., 0., 0.],
          [0., 0., 0.,  ..., 0., 0., 0.],
          ...,
          [0., 0., 0.,  ..., 0., 0., 0.],
          [0., 0., 0.,  ..., 0., 0., 0.],
          [0., 0., 0.,  ..., 0., 0., 0.]]],


        [[[0., 0., 0.,  ..., 0., 0., 0.],
          [0., 0., 0.,  ..., 0., 0., 0.],
          [0., 0., 0.,  ..., 0., 0., 0.],
          ...,
          [0., 0., 0.,  ..., 0., 0., 0.],
          [0., 0., 0.,  ..., 0., 0., 0.],
          [0., 0., 0.,  ..., 0., 0., 0.]]],


        ...,


        [[[0., 0., 0.,  ..., 0., 0., 0.],
          [0., 0., 0.,  ..., 0., 0., 0.],
          [0., 0., 0.,  ..., 0., 0., 0.],
          ...,
          [0., 0., 0.,  ..., 0., 0., 0.],
          [0., 0., 0.,  ..., 0., 0., 0.],
          [0., 0., 0.,  ..., 0., 0., 0.]]],


        [[[0., 0., 0.,  ..., 0., 0., 0.],
          [0., 0., 0.,  ..., 0., 0., 0.],
          [0., 0., 0.,  ..., 0., 0., 0.],
          ...,
          [0., 0., 0.,  ..., 0., 0., 0.],
          [0., 0., 0.,  ..., 0., 0., 0.],
          [0., 0., 0.,  ..., 0., 0., 0.]]],


        [[[0., 0., 0.,  ..., 0., 0., 0.],
          [0., 0., 0.,  ..., 0., 0., 0.],
          [0., 0., 0.,  ..., 0., 0., 0.],
          ...,
          [0., 0., 0.,  ..., 0., 0., 0.],
          [0., 0., 0.,  ..., 0., 0., 0.],
          [0., 0., 0.,  ..., 0., 0., 0.]]]], device='cuda:1',
       dtype=torch.bfloat16), tensor([[[[ 1.3516,  1.1641,  2.1250,  ..., -0.8945, -1.2188,  2.3438],
          [-3.6250,  0.9570,  0.9570,  ..., -2.7656,  1.7344, -0.2178],
          [ 2.0156, -0.6211, -3.1719,  ..., -3.8281,  1.2812, -1.5781],
          ...,
          [ 2.9219, -3.1250, -0.8047,  ...,  0.5547,  3.1875, -0.0898],
          [ 5.3438, -2.8750, -2.9062,  ...,  2.2500, -0.1436,  1.9609],
          [ 0.8945, -1.1562, -0.4414,  ..., -0.7070,  0.1729,  1.3750]]],


        [[[-0.5703,  0.7617, -1.6172,  ..., -2.5469, -0.4453,  2.5625],
          [ 0.3828, -1.3984,  2.0469,  ..., -3.6250, -2.4844, -1.2344],
          [-2.8125, -0.5312,  0.5508,  ..., -0.8984,  0.4316,  2.5781],
          ...,
          [ 0.3359,  0.2451,  0.0198,  ...,  0.4277, -0.7227,  1.5859],
          [ 1.4531, -2.2031, -2.9375,  ...,  2.0781,  0.2412, -1.6797],
          [ 0.9219, -2.6250,  1.9688,  ...,  1.7422,  2.0000,  1.9219]]],


        [[[ 3.5781,  0.2109, -0.0996,  ...,  0.9297, -1.0078,  0.3027],
          [ 1.7266, -2.5312, -1.1016,  ..., -2.4531, -2.3438, -0.2832],
          [ 2.6406,  1.2891,  2.0156,  ..., -0.1846,  1.0781, -3.4062],
          ...,
          [ 1.0000, -0.6836, -0.7891,  ..., -1.9375,  0.0272,  2.2969],
          [ 0.5391, -2.1719, -0.2637,  ..., -0.9727,  1.2188, -0.2832],
          [ 2.1250, -3.3125, -0.7031,  ...,  0.8086, -0.0977,  3.2656]]],


        ...,


        [[[-0.2832,  2.2344,  1.0938,  ...,  0.2002, -0.9766, -4.2500],
          [ 3.2031, -3.2188, -2.9531,  ...,  0.7188, -2.9844, -1.3672],
          [ 2.1562,  0.2432,  0.0762,  ...,  1.3359,  0.1709, -0.1914],
          ...,
          [-0.1494,  1.9453,  1.7109,  ...,  1.4688,  4.0625, -2.2188],
          [-0.2012, -2.2031,  0.4902,  ..., -1.2500,  5.3125,  4.7812],
          [ 2.2031,  0.1250,  2.6250,  ...,  0.1338,  2.3281,  0.8516]]],


        [[[ 2.9062,  0.5039,  1.4688,  ..., -0.6250, -1.9141, -2.9688],
          [ 0.1138,  1.4844, -3.2969,  ...,  1.9766,  1.6172,  0.0500],
          [ 2.4219, -1.2344, -0.4199,  ..., -1.8125,  1.1875,  2.3125],
          ...,
          [ 0.8086,  1.0312,  2.4844,  ...,  0.9492,  3.3906, -2.2344],
          [ 1.9375, -1.8203, -2.6875,  ..., -0.2197,  2.5469,  3.8750],
          [ 1.3906,  2.4844,  2.4531,  ..., -0.0981,  0.8398,  0.1689]]],


        [[[ 2.7188,  2.5312, -1.4766,  ...,  1.3906,  4.0312, -3.6875],
          [ 1.6094,  1.3828, -2.1562,  ...,  1.7656,  0.6133,  1.4375],
          [ 1.0312, -0.8008,  0.3184,  ..., -0.2119, -1.2734,  2.6562],
          ...,
          [-1.6094, -0.9219,  2.9531,  ...,  0.1738,  1.0938,  0.9883],
          [-1.6406, -2.3438, -0.0108,  ...,  0.8711, -0.1187,  0.8086],
          [-1.1719,  3.1094,  1.3438,  ...,  1.1641,  1.9375, -1.5234]]]],
       device='cuda:1', dtype=torch.bfloat16, grad_fn=<CatBackward0>), tensor([[[[-3.1094,  0.2080, -0.3711,  ...,  0.0581, -3.6875,  1.8203]]],


        [[[-2.4375, -2.8906,  0.7930,  ..., -1.0391, -0.6758, -0.4785]]],


        [[[ 2.9375,  1.7500, -2.0625,  ...,  0.0054, -0.3301,  3.2500]]],


        ...,


        [[[-0.7695, -2.8281, -3.0625,  ..., -0.8555,  0.1602, -0.8242]]],


        [[[-1.0781, -0.5547,  1.5312,  ..., -0.4980, -1.1875, -2.7344]]],


        [[[-0.5312, -3.2344, -0.7617,  ..., -1.6641,  0.6875,  0.4824]]]],
       device='cuda:1', dtype=torch.bfloat16, grad_fn=<CatBackward0>), tensor([[[[-1.5938,  2.9062,  0.0583,  ...,  0.6562, -0.2295,  1.0859]]],


        [[[ 0.1641, -0.9062, -0.7148,  ...,  1.8359, -1.9219, -0.3496]]],


        [[[ 0.1582, -2.5000,  1.6562,  ..., -0.8164,  0.7031, -1.1016]]],


        ...,


        [[[ 0.2207, -1.6094,  0.7227,  ..., -0.0306,  1.2031,  2.1406]]],


        [[[ 1.2188, -4.5938, -0.3789,  ..., -0.6641, -2.0312,  1.1406]]],


        [[[-1.9219, -5.7500, -0.5508,  ...,  0.7266, -0.8398, -1.2734]]]],
       device='cuda:1', dtype=torch.bfloat16, grad_fn=<CloneBackward0>), tensor([[[[-1.5938,  2.9062,  0.0583,  ...,  0.6562, -0.2295,  1.0859],
          [-1.5938,  2.9062,  0.0583,  ...,  0.6562, -0.2295,  1.0859],
          [-1.5938,  2.9062,  0.0583,  ...,  0.6562, -0.2295,  1.0859],
          ...,
          [-1.5938,  2.9062,  0.0583,  ...,  0.6562, -0.2295,  1.0859],
          [-1.5938,  2.9062,  0.0583,  ...,  0.6562, -0.2295,  1.0859],
          [-1.5938,  2.9062,  0.0583,  ...,  0.6562, -0.2295,  1.0859]]],


        [[[-1.5938,  2.9062,  0.0581,  ...,  0.6562, -0.2295,  1.0859],
          [-1.5547,  2.8281,  0.0417,  ...,  0.6797, -0.2656,  1.0547],
          [-1.5547,  2.8281,  0.0422,  ...,  0.6797, -0.2656,  1.0547],
          ...,
          [-1.5078,  2.7188,  0.0210,  ...,  0.7148, -0.3105,  1.0156],
          [-1.5703,  2.8594,  0.0486,  ...,  0.6719, -0.2520,  1.0703],
          [ 0.1602, -0.8984, -0.7148,  ...,  1.8359, -1.9141, -0.3457]]],


        [[[-1.5312,  2.7031,  0.1162,  ...,  0.6016, -0.1953,  1.0078],
          [ 0.0688, -2.1562,  1.4688,  ..., -0.6211,  0.5352, -0.9570],
          [ 0.0408, -1.1172,  0.0410,  ...,  0.9688, -1.0234, -0.4727],
          ...,
          [-0.1157, -1.6484,  1.3984,  ..., -0.5742,  0.5430, -0.7539],
          [-0.0659, -1.0469,  0.3242,  ...,  0.6328, -0.6641, -0.4609],
          [-1.1250,  1.4609,  0.4785,  ...,  0.2695,  0.0116,  0.5039]]],


        ...,


        [[[ 2.3281, -0.6719, -0.2168,  ...,  0.1123,  0.7617,  1.3672],
          [-0.7656, -1.9766, -0.3418,  ..., -0.3672,  1.9141, -0.5742],
          [-1.3516, -0.7148,  0.2852,  ..., -0.6641,  1.7344, -1.1250],
          ...,
          [-0.5742,  0.2002,  0.1270,  ...,  0.0581,  0.3809,  0.3203],
          [-0.8477, -1.1406, -0.0820,  ...,  0.5781,  0.5430,  0.4648],
          [-1.0391,  1.2422,  0.7344,  ..., -1.4688, -1.9609, -1.0469]]],


        [[[ 3.3750, -0.7773, -0.4668,  ...,  1.2266,  0.4023,  1.4375],
          [ 0.7070, -0.2773,  0.1992,  ...,  0.6211,  0.6875,  0.5312],
          [ 1.5312,  0.4570, -0.3828,  ..., -0.3418,  0.2715, -1.0234],
          ...,
          [-0.5430,  1.2422,  0.3457,  ..., -0.5195,  0.5117,  0.2090],
          [-2.7656, -2.0625, -0.5859,  ..., -0.5664,  2.3438,  0.4824],
          [ 0.8672,  0.1924,  0.1582,  ...,  0.2539,  0.8945, -0.1680]]],


        [[[ 0.0664, -1.0234, -0.0403,  ...,  1.6719,  1.8359,  1.2812],
          [-1.3594, -1.7188, -0.1260,  ..., -0.6719,  3.0781, -0.1611],
          [-0.6836,  0.4043,  0.4434,  ..., -0.9844,  0.2021,  0.5938],
          ...,
          [-0.4629, -0.9297,  0.7617,  ..., -0.6406, -0.0693, -0.0186],
          [-1.0859, -0.8438,  0.0801,  ..., -0.3320, -0.2100, -0.6016],
          [-0.6719, -0.4863,  0.0845,  ...,  0.4102,  0.9023, -0.2598]]]],
       device='cuda:1', dtype=torch.bfloat16, grad_fn=<FusedAttnFuncBackward>), tensor([[[[-0.8910],
          [ 7.9880],
          [ 7.3269],
          ...,
          [13.5110],
          [13.2306],
          [13.7055]],

         [[-1.4506],
          [ 1.7493],
          [-0.7438],
          ...,
          [13.3086],
          [11.6929],
          [12.9470]],

         [[ 0.6861],
          [ 1.4369],
          [-0.1147],
          ...,
          [14.5878],
          [13.4337],
          [12.9580]],

         ...,

         [[ 2.9506],
          [ 1.9898],
          [ 4.6551],
          ...,
          [12.4688],
          [12.0309],
          [12.4617]],

         [[ 0.3675],
          [ 1.0122],
          [ 4.7617],
          ...,
          [11.7123],
          [14.0163],
          [13.4004]],

         [[ 2.4092],
          [ 5.6353],
          [ 2.9216],
          ...,
          [13.2865],
          [11.6775],
          [10.6549]]]], device='cuda:1'), tensor([[[[ 1.2344,  1.0625,  1.9297,  ..., -0.8164, -1.1094,  2.1406],
          [-3.3438,  0.8828,  0.8828,  ..., -2.5469,  1.6016, -0.2012],
          [ 1.7578, -0.5391, -2.7656,  ..., -3.3281,  1.1172, -1.3750],
          ...,
          [ 2.4375, -2.6094, -0.6719,  ...,  0.4609,  2.6562, -0.0747],
          [ 5.0938, -2.7344, -2.7656,  ...,  2.1406, -0.1367,  1.8672],
          [ 0.8008, -1.0391, -0.3965,  ..., -0.6328,  0.1553,  1.2344]]],


        [[[ 0.1582, -0.9883, -1.0547,  ..., -2.1562,  1.4844, -1.9375],
          [ 2.7656,  1.0000,  1.0547,  ..., -1.9531, -1.3750,  0.2012],
          [-1.6094, -2.4375, -3.5938,  ...,  0.6250,  0.6172,  2.3750],
          ...,
          [-0.0103, -0.9727, -1.4062,  ...,  0.0113, -0.3105,  1.2891],
          [-0.1846,  2.6250, -3.0312,  ..., -2.6562, -0.8438,  2.7188],
          [-1.2656,  0.0461,  0.7266,  ..., -0.2539,  3.2500, -3.3906]]],


        [[[-2.5938,  0.1738, -0.3105,  ...,  0.0486, -3.0781,  1.5234],
          [-1.5938,  2.9062,  0.0583,  ...,  0.6562, -0.2295,  1.0859],
          [ 1.6016, -0.0325, -1.2500,  ..., -2.3438, -0.4082,  2.3594],
          ...,
          [-1.5781, -1.5000, -1.9844,  ..., -1.5469,  2.5000,  1.2969],
          [-1.2031, -1.3750, -1.0703,  ...,  0.2363, -1.2188, -2.1406],
          [ 5.0938, -1.8281,  0.9102,  ...,  0.4082, -0.6875,  1.5156]]],


        ...,


        [[[-0.4102,  0.1602, -0.8672,  ...,  0.0894,  2.0469, -2.3750],
          [ 0.5938, -1.4453, -2.0312,  ...,  1.3672,  1.2266, -0.6562],
          [ 2.0781, -0.0913,  0.0596,  ...,  2.9219, -0.6758, -0.0884],
          ...,
          [-1.0781,  0.1689,  5.2500,  ...,  1.8203,  1.0938, -0.2090],
          [ 0.8164, -2.2344,  2.2188,  ...,  1.6641,  1.4375, -0.6406],
          [ 3.3594, -3.1562,  1.3906,  ...,  0.5352, -0.1260,  0.0806]]],


        [[[-0.8438, -0.7031,  0.5742,  ..., -1.1797,  5.1562, -0.6602],
          [-1.6094,  0.0413,  1.2656,  ..., -0.1221,  2.3438, -1.8516],
          [ 2.2500, -0.4668,  0.8945,  ...,  0.4805, -4.6875, -3.5469],
          ...,
          [-2.1250, -1.2031,  2.1406,  ...,  3.6875,  0.6367, -0.6289],
          [-1.8750, -0.1216, -2.5938,  ..., -1.9766, -2.1094, -1.0391],
          [-1.6328,  1.3516,  0.1992,  ...,  2.9688,  2.0625,  0.4473]]],


        [[[-2.0156, -1.2031, -2.6562,  ..., -0.6289, -2.6250,  1.3984],
          [ 1.6875,  1.5000,  1.3516,  ..., -3.5781, -0.6758, -0.4258],
          [-3.4688,  2.1719, -0.1157,  ..., -0.6992, -0.4570, -0.6719],
          ...,
          [-0.1069,  2.9531, -1.4297,  ..., -1.3750, -0.4980,  4.9375],
          [-1.7656,  4.1875,  0.3672,  ..., -0.8750,  1.3047, -1.6094],
          [ 1.2344, -2.4219,  1.0469,  ...,  1.3906,  0.6250,  0.4355]]]],
       device='cuda:1', dtype=torch.bfloat16), tensor([[[[0.0000e+00, 0.0000e+00, 0.0000e+00,  ..., 0.0000e+00,
           0.0000e+00, 0.0000e+00]]],


        [[[0.0000e+00, 0.0000e+00, 0.0000e+00,  ..., 0.0000e+00,
           0.0000e+00, 0.0000e+00]]],


        [[[0.0000e+00, 0.0000e+00, 0.0000e+00,  ..., 0.0000e+00,
           0.0000e+00, 0.0000e+00]]],


        ...,


        [[[0.0000e+00, 0.0000e+00, 0.0000e+00,  ..., 0.0000e+00,
           0.0000e+00, 0.0000e+00]]],


        [[[0.0000e+00, 0.0000e+00, 0.0000e+00,  ..., 0.0000e+00,
           9.1835e-41, 0.0000e+00]]],


        [[[0.0000e+00, 0.0000e+00, 0.0000e+00,  ..., 0.0000e+00,
           0.0000e+00, 0.0000e+00]]]], device='cuda:1', dtype=torch.bfloat16), tensor([[[[ 0.0000e+00, -0.0000e+00,  0.0000e+00,  ...,  0.0000e+00,
            0.0000e+00, -0.0000e+00]]],


        [[[-0.0000e+00,  0.0000e+00, -0.0000e+00,  ...,  0.0000e+00,
           -0.0000e+00, -0.0000e+00]]],


        [[[ 0.0000e+00, -0.0000e+00, -0.0000e+00,  ..., -0.0000e+00,
            0.0000e+00,  0.0000e+00]]],


        ...,


        [[[-6.5484e-11, -3.3651e-11,  1.5120e-11,  ..., -3.1378e-11,
           -2.2828e-10, -3.8199e-11]]],


        [[[-2.1714e-11,  7.4215e-10, -1.6371e-10,  ..., -1.7280e-11,
           -2.8876e-11, -3.4561e-10]]],


        [[[ 2.5102e-10, -5.5661e-10, -9.0222e-10,  ...,  1.0459e-11,
            9.6043e-10,  1.1460e-10]]]], device='cuda:1', dtype=torch.bfloat16), tensor([  0, 512], device='cuda:1', dtype=torch.int32), tensor([  0, 512], device='cuda:1', dtype=torch.int32), 512, 512, 0.0, 0.0625, False, True, None, tensor([3953, 9700], device='cuda:1')
[36m(MegatronTrainRayActor pid=77855)[0m /usr/local/lib/python3.12/dist-packages/torch/autograd/graph.py:869: UserWarning: The AccumulateGrad node's stream does not match the stream of the node that produced the incoming gradient. This may incur unnecessary synchronization and break CUDA graph capture if the AccumulateGrad node's stream is the default stream. This mismatch is caused by an AccumulateGrad node created prior to the current iteration being kept alive. This can happen if the autograd graph is still being kept alive by tensors such as the loss, or if you are using DDP, which will stash a reference to the node. To resolve the mismatch, delete all references to the autograd graph or ensure that DDP initialization is performed under the same stream as subsequent forwards. If the mismatch is intentional, you can use torch.autograd.graph.set_warn_on_accumulate_grad_stream_mismatch(False) to suppress this warning. (Triggered internally at /pytorch/torch/csrc/autograd/input_buffer.cpp:240.)
[36m(MegatronTrainRayActor pid=77855)[0m   return Variable._execution_engine.run_backward(  # Calls into the C++ engine to run the backward pass
[36m(MegatronTrainRayActor pid=77855)[0m [2026-07-28 10:40:52.694 actor_cell0_rank0] timer.py:42 - Timer actor_train end (elapsed: 8.1s)
[36m(MegatronTrainRayActor pid=77855)[0m [2026-07-28 10:40:52.694 actor_cell0_rank0] timer.py:42 - Timer train end (elapsed: 28.7s)
[36m(MegatronTrainRayActor pid=77855)[0m [2026-07-28 10:40:52.694 actor_cell0_rank0] timer.py:31 - Timer train_wait start
[36m(MegatronTrainRayActor pid=77855)[0m [2026-07-28 10:40:52.694 actor_cell0_rank0] structured_log.py:30 - ft cls=MegatronTrainRayActor fn=train_actor phase=end ok=false elapsed_s=28.7
[36m(MegatronTrainRayActor pid=77855)[0m Traceback (most recent call last):
[36m(MegatronTrainRayActor pid=77855)[0m   File "/root/andy-miles/miles/utils/tracking_utils/structured_log.py", line 61, in wrapper
[36m(MegatronTrainRayActor pid=77855)[0m     result = func(*args, **kwargs)
[36m(MegatronTrainRayActor pid=77855)[0m              ^^^^^^^^^^^^^^^^^^^^^
[36m(MegatronTrainRayActor pid=77855)[0m   File "/root/andy-miles/miles/backends/megatron_utils/actor.py", line 520, in train_actor
[36m(MegatronTrainRayActor pid=77855)[0m     train_step_outcome = train(
[36m(MegatronTrainRayActor pid=77855)[0m                          ^^^^^^
[36m(MegatronTrainRayActor pid=77855)[0m   File "/root/andy-miles/miles/backends/megatron_utils/model.py", line 733, in train
[36m(MegatronTrainRayActor pid=77855)[0m     loss_dict, grad_norm, train_step_outcome = train_one_step(
[36m(MegatronTrainRayActor pid=77855)[0m                                                ^^^^^^^^^^^^^^^
[36m(MegatronTrainRayActor pid=77855)[0m   File "/root/andy-miles/miles/backends/megatron_utils/model.py", line 529, in train_one_step
[36m(MegatronTrainRayActor pid=77855)[0m     losses_reduced = forward_backward_func(
[36m(MegatronTrainRayActor pid=77855)[0m                      ^^^^^^^^^^^^^^^^^^^^^^
[36m(MegatronTrainRayActor pid=77855)[0m   File "/root/Megatron-LM/megatron/core/pipeline_parallel/schedules.py", line 678, in forward_backward_no_pipelining
[36m(MegatronTrainRayActor pid=77855)[0m     backward_step(input_tensor, output_tensor, output_tensor_grad, model_type, config)
[36m(MegatronTrainRayActor pid=77855)[0m   File "/root/Megatron-LM/megatron/core/pipeline_parallel/schedules.py", line 490, in backward_step
[36m(MegatronTrainRayActor pid=77855)[0m     custom_backward(output_tensor[0], output_tensor_grad[0])
[36m(MegatronTrainRayActor pid=77855)[0m   File "/root/Megatron-LM/megatron/core/pipeline_parallel/schedules.py", line 190, in custom_backward
[36m(MegatronTrainRayActor pid=77855)[0m     Variable._execution_engine.run_backward(
[36m(MegatronTrainRayActor pid=77855)[0m   File "/usr/local/lib/python3.12/dist-packages/torch/autograd/function.py", line 317, in apply
[36m(MegatronTrainRayActor pid=77855)[0m     return user_fn(self, *args)
[36m(MegatronTrainRayActor pid=77855)[0m            ^^^^^^^^^^^^^^^^^^^^
[36m(MegatronTrainRayActor pid=77855)[0m   File "/root/Megatron-LM/megatron/core/tensor_parallel/random.py", line 566, in backward
[36m(MegatronTrainRayActor pid=77855)[0m     torch.autograd.backward(outputs, args)
[36m(MegatronTrainRayActor pid=77855)[0m   File "/usr/local/lib/python3.12/dist-packages/torch/autograd/__init__.py", line 381, in backward
[36m(MegatronTrainRayActor pid=77855)[0m     _engine_run_backward(
[36m(MegatronTrainRayActor pid=77855)[0m   File "/usr/local/lib/python3.12/dist-packages/torch/autograd/graph.py", line 869, in _engine_run_backward
[36m(MegatronTrainRayActor pid=77855)[0m     return Variable._execution_engine.run_backward(  # Calls into the C++ engine to run the backward pass
[36m(MegatronTrainRayActor pid=77855)[0m            ^^^^^^^^^^^^^^^^^^^^^^^^^^^^^^^^^^^^^^^^^^^^^^^^^^^^^^^^^^^^^^^^^^^^^^^^^^^^^^^^^^^^^^^^^^^^^^
[36m(MegatronTrainRayActor pid=77855)[0m   File "/usr/local/lib/python3.12/dist-packages/torch/autograd/function.py", line 317, in apply
[36m(MegatronTrainRayActor pid=77855)[0m     return user_fn(self, *args)
[36m(MegatronTrainRayActor pid=77855)[0m            ^^^^^^^^^^^^^^^^^^^^
[36m(MegatronTrainRayActor pid=77855)[0m   File "/usr/local/lib/python3.12/dist-packages/transformer_engine/pytorch/attention/dot_product_attention/backends.py", line 1687, in backward
[36m(MegatronTrainRayActor pid=77855)[0m     flash_attn_cuda_bwd(
[36m(MegatronTrainRayActor pid=77855)[0m TypeError: varlen_bwd(): incompatible function arguments. The following argument types are supported:
[36m(MegatronTrainRayActor pid=77855)[0m     1. (arg0: torch.Tensor, arg1: torch.Tensor, arg2: torch.Tensor, arg3: torch.Tensor, arg4: torch.Tensor, arg5: torch.Tensor, arg6: torch.Tensor | None, arg7: torch.Tensor | None, arg8: torch.Tensor | None, arg9: torch.Tensor, arg10: torch.Tensor, arg11: torch.Tensor | None, arg12: typing.SupportsInt, arg13: typing.SupportsInt, arg14: typing.SupportsFloat, arg15: typing.SupportsFloat, arg16: bool, arg17: bool, arg18: typing.SupportsInt, arg19: typing.SupportsInt, arg20: typing.SupportsFloat, arg21: bool, arg22: torch.Generator | None, arg23: torch.Tensor | None) -> list[torch.Tensor]
[36m(MegatronTrainRayActor pid=77855)[0m 
[36m(MegatronTrainRayActor pid=77855)[0m Invoked with: tensor([[[[0., 0., 0.,  ..., 0., 0., 0.],
[36m(MegatronTrainRayActor pid=77855)[0m           [0., 0., 0.,  ..., 0., 0., 0.],
[36m(MegatronTrainRayActor pid=77855)[0m           [0., 0., 0.,  ..., 0., 0., 0.],
[36m(MegatronTrainRayActor pid=77855)[0m           ...,
[36m(MegatronTrainRayActor pid=77855)[0m           [0., 0., 0.,  ..., 0., 0., 0.],
[36m(MegatronTrainRayActor pid=77855)[0m           [0., 0., 0.,  ..., 0., 0., 0.],
[36m(MegatronTrainRayActor pid=77855)[0m           [0., 0., 0.,  ..., 0., 0., 0.]]],
[36m(MegatronTrainRayActor pid=77855)[0m 
[36m(MegatronTrainRayActor pid=77855)[0m 
[36m(MegatronTrainRayActor pid=77855)[0m         [[[0., 0., 0.,  ..., 0., 0., 0.],
[36m(MegatronTrainRayActor pid=77855)[0m           [0., 0., 0.,  ..., 0., 0., 0.],
[36m(MegatronTrainRayActor pid=77855)[0m           [0., 0., 0.,  ..., 0., 0., 0.],
[36m(MegatronTrainRayActor pid=77855)[0m           ...,
[36m(MegatronTrainRayActor pid=77855)[0m           [0., 0., 0.,  ..., 0., 0., 0.],
[36m(MegatronTrainRayActor pid=77855)[0m           [0., 0., 0.,  ..., 0., 0., 0.],
[36m(MegatronTrainRayActor pid=77855)[0m           [0., 0., 0.,  ..., 0., 0., 0.]]],
[36m(MegatronTrainRayActor pid=77855)[0m 
[36m(MegatronTrainRayActor pid=77855)[0m 
[36m(MegatronTrainRayActor pid=77855)[0m         [[[0., 0., 0.,  ..., 0., 0., 0.],
[36m(MegatronTrainRayActor pid=77855)[0m           [0., 0., 0.,  ..., 0., 0., 0.],
[36m(MegatronTrainRayActor pid=77855)[0m           [0., 0., 0.,  ..., 0., 0., 0.],
[36m(MegatronTrainRayActor pid=77855)[0m           ...,
[36m(MegatronTrainRayActor pid=77855)[0m           [0., 0., 0.,  ..., 0., 0., 0.],
[36m(MegatronTrainRayActor pid=77855)[0m           [0., 0., 0.,  ..., 0., 0., 0.],
[36m(MegatronTrainRayActor pid=77855)[0m           [0., 0., 0.,  ..., 0., 0., 0.]]],
[36m(MegatronTrainRayActor pid=77855)[0m 
[36m(MegatronTrainRayActor pid=77855)[0m 
[36m(MegatronTrainRayActor pid=77855)[0m         ...,
[36m(MegatronTrainRayActor pid=77855)[0m 
[36m(MegatronTrainRayActor pid=77855)[0m 
[36m(MegatronTrainRayActor pid=77855)[0m         [[[0., 0., 0.,  ..., 0., 0., 0.],
[36m(MegatronTrainRayActor pid=77855)[0m           [0., 0., 0.,  ..., 0., 0., 0.],
[36m(MegatronTrainRayActor pid=77855)[0m           [0., 0., 0.,  ..., 0., 0., 0.],
[36m(MegatronTrainRayActor pid=77855)[0m           ...,
[36m(MegatronTrainRayActor pid=77855)[0m           [0., 0., 0.,  ..., 0., 0., 0.],
[36m(MegatronTrainRayActor pid=77855)[0m           [0., 0., 0.,  ..., 0., 0., 0.],
[36m(MegatronTrainRayActor pid=77855)[0m           [0., 0., 0.,  ..., 0., 0., 0.]]],
[36m(MegatronTrainRayActor pid=77855)[0m 
[36m(MegatronTrainRayActor pid=77855)[0m 
[36m(MegatronTrainRayActor pid=77855)[0m         [[[0., 0., 0.,  ..., 0., 0., 0.],
[36m(MegatronTrainRayActor pid=77855)[0m           [0., 0., 0.,  ..., 0., 0., 0.],
[36m(MegatronTrainRayActor pid=77855)[0m           [0., 0., 0.,  ..., 0., 0., 0.],
[36m(MegatronTrainRayActor pid=77855)[0m           ...,
[36m(MegatronTrainRayActor pid=77855)[0m           [0., 0., 0.,  ..., 0., 0., 0.],
[36m(MegatronTrainRayActor pid=77855)[0m           [0., 0., 0.,  ..., 0., 0., 0.],
[36m(MegatronTrainRayActor pid=77855)[0m           [0., 0., 0.,  ..., 0., 0., 0.]]],
[36m(MegatronTrainRayActor pid=77855)[0m 
[36m(MegatronTrainRayActor pid=77855)[0m 
[36m(MegatronTrainRayActor pid=77855)[0m         [[[0., 0., 0.,  ..., 0., 0., 0.],
[36m(MegatronTrainRayActor pid=77855)[0m           [0., 0., 0.,  ..., 0., 0., 0.],
[36m(MegatronTrainRayActor pid=77855)[0m           [0., 0., 0.,  ..., 0., 0., 0.],
[36m(MegatronTrainRayActor pid=77855)[0m           ...,
[36m(MegatronTrainRayActor pid=77855)[0m           [0., 0., 0.,  ..., 0., 0., 0.],
[36m(MegatronTrainRayActor pid=77855)[0m           [0., 0., 0.,  ..., 0., 0., 0.],
[36m(MegatronTrainRayActor pid=77855)[0m           [0., 0., 0.,  ..., 0., 0., 0.]]]], device='cuda:0',
[36m(MegatronTrainRayActor pid=77855)[0m        dtype=torch.bfloat16), tensor([[[[-8.3594e-01, -1.1094e+00,  2.3145e-01,  ..., -1.9531e+00,
[36m(MegatronTrainRayActor pid=77855)[0m            -5.0000e-01,  2.2500e+00],
[36m(MegatronTrainRayActor pid=77855)[0m           [-7.8735e-03, -1.6406e+00, -1.6172e+00,  ..., -1.7578e-01,
[36m(MegatronTrainRayActor pid=77855)[0m             8.5156e-01, -1.5078e+00],
[36m(MegatronTrainRayActor pid=77855)[0m           [-3.0312e+00, -2.6562e+00,  2.8906e+00,  ...,  9.3750e-01,
[36m(MegatronTrainRayActor pid=77855)[0m             1.6953e+00,  2.5469e+00],
[36m(MegatronTrainRayActor pid=77855)[0m           ...,
[36m(MegatronTrainRayActor pid=77855)[0m           [ 3.5938e-01,  7.3047e-01, -9.1016e-01,  ...,  8.1641e-01,
[36m(MegatronTrainRayActor pid=77855)[0m             1.5547e+00,  3.3438e+00],
[36m(MegatronTrainRayActor pid=77855)[0m           [-1.4551e-01, -1.8750e+00, -2.4062e+00,  ..., -3.3438e+00,
[36m(MegatronTrainRayActor pid=77855)[0m             9.7266e-01,  2.1875e+00],
[36m(MegatronTrainRayActor pid=77855)[0m           [-8.8867e-02, -8.0469e-01,  1.0000e+00,  ...,  1.1797e+00,
[36m(MegatronTrainRayActor pid=77855)[0m             3.4961e-01,  2.1289e-01]]],
[36m(MegatronTrainRayActor pid=77855)[0m 
[36m(MegatronTrainRayActor pid=77855)[0m 
[36m(MegatronTrainRayActor pid=77855)[0m         [[[ 6.2891e-01,  3.2031e+00,  2.3438e+00,  ..., -1.5625e+00,
[36m(MegatronTrainRayActor pid=77855)[0m             3.4570e-01, -6.5234e-01],
[36m(MegatronTrainRayActor pid=77855)[0m           [ 1.0938e+00,  4.3359e-01, -3.5000e+00,  ...,  2.3281e+00,
[36m(MegatronTrainRayActor pid=77855)[0m             1.1084e-01,  2.5156e+00],
[36m(MegatronTrainRayActor pid=77855)[0m           [-6.7969e-01, -2.6875e+00,  1.2891e+00,  ...,  3.6133e-01,
[36m(MegatronTrainRayActor pid=77855)[0m             1.9844e+00,  2.5312e+00],
[36m(MegatronTrainRayActor pid=77855)[0m           ...,
[36m(MegatronTrainRayActor pid=77855)[0m           [-2.0605e-01,  4.6875e+00, -2.5781e-01,  ...,  1.6172e+00,
[36m(MegatronTrainRayActor pid=77855)[0m             2.6719e+00,  4.2812e+00],
[36m(MegatronTrainRayActor pid=77855)[0m           [ 5.5908e-02, -1.8672e+00, -3.3789e-01,  ...,  1.7188e+00,
[36m(MegatronTrainRayActor pid=77855)[0m             7.7637e-02, -9.6094e-01],
[36m(MegatronTrainRayActor pid=77855)[0m           [ 1.6797e+00, -1.5078e+00,  5.4688e-01,  ...,  1.0078e+00,
[36m(MegatronTrainRayActor pid=77855)[0m            -4.0625e+00, -2.9844e+00]]],
[36m(MegatronTrainRayActor pid=77855)[0m 
[36m(MegatronTrainRayActor pid=77855)[0m 
[36m(MegatronTrainRayActor pid=77855)[0m         [[[-6.6406e-01, -2.2344e+00, -1.1797e+00,  ..., -5.9375e-01,
[36m(MegatronTrainRayActor pid=77855)[0m            -2.4536e-02,  1.0156e+00],
[36m(MegatronTrainRayActor pid=77855)[0m           [ 3.8086e-01,  3.6094e+00,  1.8984e+00,  ...,  1.5000e+00,
[36m(MegatronTrainRayActor pid=77855)[0m             1.8906e+00, -3.6094e+00],
[36m(MegatronTrainRayActor pid=77855)[0m           [ 3.6875e+00, -2.9844e+00,  2.0156e+00,  ...,  1.8203e+00,
[36m(MegatronTrainRayActor pid=77855)[0m             1.1250e+00,  3.0469e-01],
[36m(MegatronTrainRayActor pid=77855)[0m           ...,
[36m(MegatronTrainRayActor pid=77855)[0m           [-2.4609e-01, -7.0703e-01,  2.8125e+00,  ..., -1.0312e+00,
[36m(MegatronTrainRayActor pid=77855)[0m            -3.5742e-01,  1.4609e+00],
[36m(MegatronTrainRayActor pid=77855)[0m           [ 1.3125e+00, -2.9531e+00,  1.0859e+00,  ..., -2.7969e+00,
[36m(MegatronTrainRayActor pid=77855)[0m            -2.5781e-01,  4.2383e-01],
[36m(MegatronTrainRayActor pid=77855)[0m           [ 1.4453e+00, -3.1562e+00, -2.2656e+00,  ..., -3.3008e-01,
[36m(MegatronTrainRayActor pid=77855)[0m            -1.5469e+00, -1.3438e+00]]],
[36m(MegatronTrainRayActor pid=77855)[0m 
[36m(MegatronTrainRayActor pid=77855)[0m 
[36m(MegatronTrainRayActor pid=77855)[0m         ...,
[36m(MegatronTrainRayActor pid=77855)[0m 
[36m(MegatronTrainRayActor pid=77855)[0m 
[36m(MegatronTrainRayActor pid=77855)[0m         [[[ 2.0469e+00,  9.8438e-01, -2.4844e+00,  ..., -1.7656e+00,
[36m(MegatronTrainRayActor pid=77855)[0m             9.4141e-01, -1.9922e-01],
[36m(MegatronTrainRayActor pid=77855)[0m           [ 9.0234e-01, -1.1328e+00,  4.9375e+00,  ...,  6.6016e-01,
[36m(MegatronTrainRayActor pid=77855)[0m             5.0391e-01,  2.0312e+00],
[36m(MegatronTrainRayActor pid=77855)[0m           [ 1.1328e-01, -1.2598e-01,  2.7656e+00,  ...,  8.8281e-01,
[36m(MegatronTrainRayActor pid=77855)[0m            -1.1562e+00,  1.2344e+00],
[36m(MegatronTrainRayActor pid=77855)[0m           ...,
[36m(MegatronTrainRayActor pid=77855)[0m           [-1.5625e-01,  2.7031e+00, -2.4902e-01,  ..., -4.7656e-01,
[36m(MegatronTrainRayActor pid=77855)[0m             3.6406e+00,  1.3281e-01],
[36m(MegatronTrainRayActor pid=77855)[0m           [-7.5391e-01, -2.8750e+00,  1.4297e+00,  ..., -2.2188e+00,
[36m(MegatronTrainRayActor pid=77855)[0m            -1.6562e+00, -2.9219e+00],
[36m(MegatronTrainRayActor pid=77855)[0m           [-5.3516e-01,  6.6406e-02,  1.8359e+00,  ..., -2.7344e-02,
[36m(MegatronTrainRayActor pid=77855)[0m            -1.3203e+00,  1.4609e+00]]],
[36m(MegatronTrainRayActor pid=77855)[0m 
[36m(MegatronTrainRayActor pid=77855)[0m 
[36m(MegatronTrainRayActor pid=77855)[0m         [[[-1.6094e+00, -7.0703e-01, -8.2031e-01,  ..., -9.7266e-01,
[36m(MegatronTrainRayActor pid=77855)[0m             5.5176e-02, -2.1719e+00],
[36m(MegatronTrainRayActor pid=77855)[0m           [-8.3008e-02,  4.1797e-01,  1.6406e+00,  ..., -5.1953e-01,
[36m(MegatronTrainRayActor pid=77855)[0m            -8.7891e-01,  9.2578e-01],
[36m(MegatronTrainRayActor pid=77855)[0m           [ 1.9043e-01,  7.2266e-01,  1.2500e+00,  ...,  2.9688e+00,
[36m(MegatronTrainRayActor pid=77855)[0m            -8.0469e-01,  2.3438e+00],
[36m(MegatronTrainRayActor pid=77855)[0m           ...,
[36m(MegatronTrainRayActor pid=77855)[0m           [ 2.9688e+00,  2.6719e+00, -4.4250e-04,  ..., -1.5312e+00,
[36m(MegatronTrainRayActor pid=77855)[0m             3.0156e+00,  2.9102e-01],
[36m(MegatronTrainRayActor pid=77855)[0m           [-1.3984e+00, -7.4609e-01, -2.2656e-01,  ...,  3.7305e-01,
[36m(MegatronTrainRayActor pid=77855)[0m            -1.7344e+00,  2.9297e-01],
[36m(MegatronTrainRayActor pid=77855)[0m           [-7.4219e-01,  1.1328e+00,  1.6719e+00,  ..., -3.3398e-01,
[36m(MegatronTrainRayActor pid=77855)[0m            -3.1875e+00, -7.9688e-01]]],
[36m(MegatronTrainRayActor pid=77855)[0m 
[36m(MegatronTrainRayActor pid=77855)[0m 
[36m(MegatronTrainRayActor pid=77855)[0m         [[[ 1.9531e+00, -3.5938e+00, -1.0312e+00,  ..., -4.0938e+00,
[36m(MegatronTrainRayActor pid=77855)[0m             2.3438e+00,  3.4375e+00],
[36m(MegatronTrainRayActor pid=77855)[0m           [ 4.0625e-01,  1.4844e+00,  1.7969e+00,  ...,  3.9844e+00,
[36m(MegatronTrainRayActor pid=77855)[0m             7.7344e-01,  1.5391e+00],
[36m(MegatronTrainRayActor pid=77855)[0m           [-5.0391e-01,  4.1875e+00,  9.5703e-01,  ..., -1.5859e+00,
[36m(MegatronTrainRayActor pid=77855)[0m            -3.9062e-01, -3.2500e+00],
[36m(MegatronTrainRayActor pid=77855)[0m           ...,
[36m(MegatronTrainRayActor pid=77855)[0m           [ 2.4023e-01,  3.0000e+00,  2.0156e+00,  ..., -7.1094e-01,
[36m(MegatronTrainRayActor pid=77855)[0m             6.1562e+00, -5.3906e-01],
[36m(MegatronTrainRayActor pid=77855)[0m           [ 5.5859e-01, -1.9727e-01, -2.6367e-01,  ..., -1.5312e+00,
[36m(MegatronTrainRayActor pid=77855)[0m             1.3281e+00,  2.4375e+00],
[36m(MegatronTrainRayActor pid=77855)[0m           [-9.8438e-01,  3.4219e+00,  1.5156e+00,  ...,  5.8594e-01,
[36m(MegatronTrainRayActor pid=77855)[0m             3.2422e-01,  4.7461e-01]]]], device='cuda:0', dtype=torch.bfloat16,
[36m(MegatronTrainRayActor pid=77855)[0m        grad_fn=<CatBackward0>), tensor([[[[-2.9219,  1.3359,  0.0630,  ...,  2.8125, -2.8906,  3.0000]]],
[36m(MegatronTrainRayActor pid=77855)[0m 
[36m(MegatronTrainRayActor pid=77855)[0m 
[36m(MegatronTrainRayActor pid=77855)[0m         [[[-1.1484,  0.2285,  3.5312,  ...,  0.5234, -1.6250,  1.3984]]],
[36m(MegatronTrainRayActor pid=77855)[0m 
[36m(MegatronTrainRayActor pid=77855)[0m 
[36m(MegatronTrainRayActor pid=77855)[0m         [[[-1.2188,  2.6719, -1.9609,  ..., -1.3906, -0.5547,  0.2422]]],
[36m(MegatronTrainRayActor pid=77855)[0m 
[36m(MegatronTrainRayActor pid=77855)[0m 
[36m(MegatronTrainRayActor pid=77855)[0m         ...,
[36m(MegatronTrainRayActor pid=77855)[0m 
[36m(MegatronTrainRayActor pid=77855)[0m 
[36m(MegatronTrainRayActor pid=77855)[0m         [[[-2.6719, -0.5352,  0.4629,  ...,  0.1738,  3.2812,  1.8281]]],
[36m(MegatronTrainRayActor pid=77855)[0m 
[36m(MegatronTrainRayActor pid=77855)[0m 
[36m(MegatronTrainRayActor pid=77855)[0m         [[[-4.7500, -1.2969,  1.0547,  ..., -1.1016,  0.4375,  3.8125]]],
[36m(MegatronTrainRayActor pid=77855)[0m 
[36m(MegatronTrainRayActor pid=77855)[0m 
[36m(MegatronTrainRayActor pid=77855)[0m         [[[ 2.6562,  1.9531, -0.8555,  ..., -1.8906,  1.1875,  2.5000]]]],
[36m(MegatronTrainRayActor pid=77855)[0m        device='cuda:0', dtype=torch.bfloat16, grad_fn=<CatBackward0>), tensor([[[[-3.1250,  2.3125, -0.8086,  ..., -3.3438, -2.1719, -1.3516]]],
[36m(MegatronTrainRayActor pid=77855)[0m 
[36m(MegatronTrainRayActor pid=77855)[0m 
[36m(MegatronTrainRayActor pid=77855)[0m         [[[ 0.2734, -0.8711, -4.8438,  ...,  0.3516, -2.3125, -4.3125]]],
[36m(MegatronTrainRayActor pid=77855)[0m 
[36m(MegatronTrainRayActor pid=77855)[0m 
[36m(MegatronTrainRayActor pid=77855)[0m         [[[-3.7656, -0.5898, -5.8125,  ...,  0.9766, -3.4531, -2.5312]]],
[36m(MegatronTrainRayActor pid=77855)[0m 
[36m(MegatronTrainRayActor pid=77855)[0m 
[36m(MegatronTrainRayActor pid=77855)[0m         ...,
[36m(MegatronTrainRayActor pid=77855)[0m 
[36m(MegatronTrainRayActor pid=77855)[0m 
[36m(MegatronTrainRayActor pid=77855)[0m         [[[ 0.7969, -3.2188, -1.8438,  ...,  1.6797,  3.8750,  1.4219]]],
[36m(MegatronTrainRayActor pid=77855)[0m 
[36m(MegatronTrainRayActor pid=77855)[0m 
[36m(MegatronTrainRayActor pid=77855)[0m         [[[ 0.4785,  1.0547, -1.5703,  ...,  0.9766,  2.0156, -1.3438]]],
[36m(MegatronTrainRayActor pid=77855)[0m 
[36m(MegatronTrainRayActor pid=77855)[0m 
[36m(MegatronTrainRayActor pid=77855)[0m         [[[ 1.7422, -1.8516, -1.0312,  ..., -0.4375,  0.9102,  0.8789]]]],
[36m(MegatronTrainRayActor pid=77855)[0m        device='cuda:0', dtype=torch.bfloat16, grad_fn=<CloneBackward0>), tensor([[[[-3.1250,  2.3125, -0.8086,  ..., -3.3438, -2.1719, -1.3516],
[36m(MegatronTrainRayActor pid=77855)[0m           [-3.1250,  2.3125, -0.8086,  ..., -3.3438, -2.1719, -1.3516],
[36m(MegatronTrainRayActor pid=77855)[0m           [-3.1250,  2.3125, -0.8086,  ..., -3.3438, -2.1719, -1.3516],
[36m(MegatronTrainRayActor pid=77855)[0m           ...,
[36m(MegatronTrainRayActor pid=77855)[0m           [-3.1250,  2.3125, -0.8086,  ..., -3.3438, -2.1719, -1.3516],
[36m(MegatronTrainRayActor pid=77855)[0m           [-3.1250,  2.3125, -0.8086,  ..., -3.3438, -2.1719, -1.3516],
[36m(MegatronTrainRayActor pid=77855)[0m           [-3.1250,  2.3125, -0.8086,  ..., -3.3438, -2.1719, -1.3516]]],
[36m(MegatronTrainRayActor pid=77855)[0m 
[36m(MegatronTrainRayActor pid=77855)[0m 
[36m(MegatronTrainRayActor pid=77855)[0m         [[[-2.6094,  1.8359, -1.4141,  ..., -2.7812, -2.1875, -1.7969],
[36m(MegatronTrainRayActor pid=77855)[0m           [-2.8438,  2.0469, -1.1406,  ..., -3.0469, -2.1875, -1.5938],
[36m(MegatronTrainRayActor pid=77855)[0m           [ 0.2578, -0.8555, -4.8125,  ...,  0.3340, -2.3125, -4.3125],
[36m(MegatronTrainRayActor pid=77855)[0m           ...,
[36m(MegatronTrainRayActor pid=77855)[0m           [-3.1094,  2.2969, -0.8242,  ..., -3.3281, -2.1719, -1.3672],
[36m(MegatronTrainRayActor pid=77855)[0m           [-0.2197, -0.4082, -4.2500,  ..., -0.1855, -2.2969, -3.8750],
[36m(MegatronTrainRayActor pid=77855)[0m           [-3.0938,  2.2969, -0.8359,  ..., -3.3125, -2.1719, -1.3750]]],
[36m(MegatronTrainRayActor pid=77855)[0m 
[36m(MegatronTrainRayActor pid=77855)[0m 
[36m(MegatronTrainRayActor pid=77855)[0m         [[[-1.0391, -0.5742, -4.8125,  ...,  0.2598, -2.6094, -3.6250],
[36m(MegatronTrainRayActor pid=77855)[0m           [-3.3438,  1.2734, -2.5938,  ..., -1.8047, -2.6250, -1.7734],
[36m(MegatronTrainRayActor pid=77855)[0m           [-3.1875,  1.9922, -1.3594,  ..., -2.8750, -2.3125, -1.4844],
[36m(MegatronTrainRayActor pid=77855)[0m           ...,
[36m(MegatronTrainRayActor pid=77855)[0m           [-0.0476, -0.8203, -4.8750,  ...,  0.3633, -2.3906, -4.1562],
[36m(MegatronTrainRayActor pid=77855)[0m           [-2.6719, -0.3730, -5.0625,  ...,  0.3867, -3.0312, -2.8750],
[36m(MegatronTrainRayActor pid=77855)[0m           [-0.6836, -0.8047, -5.0625,  ...,  0.5000, -2.5781, -3.8906]]],
[36m(MegatronTrainRayActor pid=77855)[0m 
[36m(MegatronTrainRayActor pid=77855)[0m 
[36m(MegatronTrainRayActor pid=77855)[0m         ...,
[36m(MegatronTrainRayActor pid=77855)[0m 
[36m(MegatronTrainRayActor pid=77855)[0m 
[36m(MegatronTrainRayActor pid=77855)[0m         [[[ 0.1992,  1.5234, -0.0247,  ...,  0.3965,  1.2188, -1.5625],
[36m(MegatronTrainRayActor pid=77855)[0m           [ 0.5195, -0.3008, -1.3750,  ..., -0.5547,  1.3438, -0.5273],
[36m(MegatronTrainRayActor pid=77855)[0m           [-0.5195,  0.0781, -0.6055,  ..., -0.3301, -0.3281,  0.4414],
[36m(MegatronTrainRayActor pid=77855)[0m           ...,
[36m(MegatronTrainRayActor pid=77855)[0m           [ 0.3691,  0.6953, -0.3145,  ..., -0.2734, -0.3496, -1.5391],
[36m(MegatronTrainRayActor pid=77855)[0m           [-1.1094, -0.6367,  0.1021,  ...,  0.0317,  1.5781, -1.0078],
[36m(MegatronTrainRayActor pid=77855)[0m           [-0.5625,  1.2891, -1.0000,  ..., -0.6016,  2.6562,  2.6719]]],
[36m(MegatronTrainRayActor pid=77855)[0m 
[36m(MegatronTrainRayActor pid=77855)[0m 
[36m(MegatronTrainRayActor pid=77855)[0m         [[[ 1.4141, -1.7188, -2.4219,  ...,  0.4023,  0.8633,  0.7305],
[36m(MegatronTrainRayActor pid=77855)[0m           [ 0.6719,  2.1094, -0.1709,  ...,  0.8281,  1.0000, -0.4121],
[36m(MegatronTrainRayActor pid=77855)[0m           [-0.6406,  0.0245,  0.0737,  ...,  0.1689,  0.8594, -0.7344],
[36m(MegatronTrainRayActor pid=77855)[0m           ...,
[36m(MegatronTrainRayActor pid=77855)[0m           [ 1.2891,  0.3105, -2.0156,  ...,  0.5742,  0.4512, -2.1875],
[36m(MegatronTrainRayActor pid=77855)[0m           [ 2.7656, -0.4727, -2.1875,  ...,  0.1953,  0.9922, -0.2031],
[36m(MegatronTrainRayActor pid=77855)[0m           [-0.9180, -0.7891, -0.1182,  ..., -1.0234,  2.3125, -1.3594]]],
[36m(MegatronTrainRayActor pid=77855)[0m 
[36m(MegatronTrainRayActor pid=77855)[0m 
[36m(MegatronTrainRayActor pid=77855)[0m         [[[ 0.8359, -0.3145, -1.5703,  ...,  0.4160,  1.0078, -0.2041],
[36m(MegatronTrainRayActor pid=77855)[0m           [-1.1484, -0.5117, -0.8555,  ..., -0.5625, -0.1504,  0.1641],
[36m(MegatronTrainRayActor pid=77855)[0m           [ 1.1406,  0.3613, -1.8672,  ..., -1.7266, -1.3984, -0.9531],
[36m(MegatronTrainRayActor pid=77855)[0m           ...,
[36m(MegatronTrainRayActor pid=77855)[0m           [-0.2871,  0.3613,  1.1641,  ..., -0.8164, -1.0938, -1.5156],
[36m(MegatronTrainRayActor pid=77855)[0m           [ 0.6875, -0.5430,  0.3398,  ...,  0.1650,  0.9453, -0.5508],
[36m(MegatronTrainRayActor pid=77855)[0m           [ 0.7383,  1.1250, -2.2344,  ..., -1.7969,  1.7812,  0.3301]]]],
[36m(MegatronTrainRayActor pid=77855)[0m        device='cuda:0', dtype=torch.bfloat16, grad_fn=<FusedAttnFuncBackward>), tensor([[[[-0.6170],
[36m(MegatronTrainRayActor pid=77855)[0m           [ 8.2797],
[36m(MegatronTrainRayActor pid=77855)[0m           [ 2.8625],
[36m(MegatronTrainRayActor pid=77855)[0m           ...,
[36m(MegatronTrainRayActor pid=77855)[0m           [12.2529],
[36m(MegatronTrainRayActor pid=77855)[0m           [15.1791],
[36m(MegatronTrainRayActor pid=77855)[0m           [12.6421]],
[36m(MegatronTrainRayActor pid=77855)[0m 
[36m(MegatronTrainRayActor pid=77855)[0m          [[ 0.2384],
[36m(MegatronTrainRayActor pid=77855)[0m           [-0.4807],
[36m(MegatronTrainRayActor pid=77855)[0m           [ 7.6871],
[36m(MegatronTrainRayActor pid=77855)[0m           ...,
[36m(MegatronTrainRayActor pid=77855)[0m           [12.6812],
[36m(MegatronTrainRayActor pid=77855)[0m           [13.4920],
[36m(MegatronTrainRayActor pid=77855)[0m           [12.0598]],
[36m(MegatronTrainRayActor pid=77855)[0m 
[36m(MegatronTrainRayActor pid=77855)[0m          [[ 0.2153],
[36m(MegatronTrainRayActor pid=77855)[0m           [ 2.7881],
[36m(MegatronTrainRayActor pid=77855)[0m           [ 0.4983],
[36m(MegatronTrainRayActor pid=77855)[0m           ...,
[36m(MegatronTrainRayActor pid=77855)[0m           [10.5370],
[36m(MegatronTrainRayActor pid=77855)[0m           [11.5822],
[36m(MegatronTrainRayActor pid=77855)[0m           [12.2287]],
[36m(MegatronTrainRayActor pid=77855)[0m 
[36m(MegatronTrainRayActor pid=77855)[0m          ...,
[36m(MegatronTrainRayActor pid=77855)[0m 
[36m(MegatronTrainRayActor pid=77855)[0m          [[-0.6126],
[36m(MegatronTrainRayActor pid=77855)[0m           [ 3.0436],
[36m(MegatronTrainRayActor pid=77855)[0m           [ 3.5112],
[36m(MegatronTrainRayActor pid=77855)[0m           ...,
[36m(MegatronTrainRayActor pid=77855)[0m           [13.2748],
[36m(MegatronTrainRayActor pid=77855)[0m           [12.3099],
[36m(MegatronTrainRayActor pid=77855)[0m           [11.0053]],
[36m(MegatronTrainRayActor pid=77855)[0m 
[36m(MegatronTrainRayActor pid=77855)[0m          [[ 2.6935],
[36m(MegatronTrainRayActor pid=77855)[0m           [ 2.8929],
[36m(MegatronTrainRayActor pid=77855)[0m           [-0.5952],
[36m(MegatronTrainRayActor pid=77855)[0m           ...,
[36m(MegatronTrainRayActor pid=77855)[0m           [15.4969],
[36m(MegatronTrainRayActor pid=77855)[0m           [15.5897],
[36m(MegatronTrainRayActor pid=77855)[0m           [14.3968]],
[36m(MegatronTrainRayActor pid=77855)[0m 
[36m(MegatronTrainRayActor pid=77855)[0m          [[-3.3222],
[36m(MegatronTrainRayActor pid=77855)[0m           [-0.8465],
[36m(MegatronTrainRayActor pid=77855)[0m           [-0.9367],
[36m(MegatronTrainRayActor pid=77855)[0m           ...,
[36m(MegatronTrainRayActor pid=77855)[0m           [13.9833],
[36m(MegatronTrainRayActor pid=77855)[0m           [13.0564],
[36m(MegatronTrainRayActor pid=77855)[0m           [12.5561]]]], device='cuda:0'), tensor([[[[-7.1484e-01, -9.4531e-01,  1.9727e-01,  ..., -1.6641e+00,
[36m(MegatronTrainRayActor pid=77855)[0m            -4.2578e-01,  1.9219e+00],
[36m(MegatronTrainRayActor pid=77855)[0m           [-7.1411e-03, -1.4844e+00, -1.4609e+00,  ..., -1.5918e-01,
[36m(MegatronTrainRayActor pid=77855)[0m             7.6953e-01, -1.3594e+00],
[36m(MegatronTrainRayActor pid=77855)[0m           [-2.7031e+00, -2.3594e+00,  2.5781e+00,  ...,  8.3594e-01,
[36m(MegatronTrainRayActor pid=77855)[0m             1.5078e+00,  2.2656e+00],
[36m(MegatronTrainRayActor pid=77855)[0m           ...,
[36m(MegatronTrainRayActor pid=77855)[0m           [ 3.1055e-01,  6.3281e-01, -7.8516e-01,  ...,  7.0703e-01,
[36m(MegatronTrainRayActor pid=77855)[0m             1.3438e+00,  2.8906e+00],
[36m(MegatronTrainRayActor pid=77855)[0m           [-1.3574e-01, -1.7500e+00, -2.2500e+00,  ..., -3.1250e+00,
[36m(MegatronTrainRayActor pid=77855)[0m             9.0625e-01,  2.0469e+00],
[36m(MegatronTrainRayActor pid=77855)[0m           [-8.7402e-02, -7.9297e-01,  9.8828e-01,  ...,  1.1641e+00,
[36m(MegatronTrainRayActor pid=77855)[0m             3.4375e-01,  2.0996e-01]]],
[36m(MegatronTrainRayActor pid=77855)[0m 
[36m(MegatronTrainRayActor pid=77855)[0m 
[36m(MegatronTrainRayActor pid=77855)[0m         [[[-1.0859e+00, -1.8594e+00,  1.8984e+00,  ...,  2.6875e+00,
[36m(MegatronTrainRayActor pid=77855)[0m             9.8828e-01,  1.4141e+00],
[36m(MegatronTrainRayActor pid=77855)[0m           [-7.9102e-02, -2.0000e+00, -1.5625e+00,  ..., -1.5137e-01,
[36m(MegatronTrainRayActor pid=77855)[0m            -8.5547e-01, -6.1768e-02],
[36m(MegatronTrainRayActor pid=77855)[0m           [-6.0938e-01,  4.8047e-01,  1.6172e+00,  ...,  3.6406e+00,
[36m(MegatronTrainRayActor pid=77855)[0m             9.7266e-01, -4.2188e+00],
[36m(MegatronTrainRayActor pid=77855)[0m           ...,
[36m(MegatronTrainRayActor pid=77855)[0m           [-2.5195e-01,  1.5078e+00, -1.0303e-01,  ...,  4.0430e-01,
[36m(MegatronTrainRayActor pid=77855)[0m            -7.5391e-01, -3.7031e+00],
[36m(MegatronTrainRayActor pid=77855)[0m           [ 1.6724e-02,  7.8906e-01,  1.8125e+00,  ..., -1.5625e+00,
[36m(MegatronTrainRayActor pid=77855)[0m            -5.8594e-01,  1.6094e+00],
[36m(MegatronTrainRayActor pid=77855)[0m           [ 3.2227e-02,  1.0000e+00,  3.5156e+00,  ..., -4.9023e-01,
[36m(MegatronTrainRayActor pid=77855)[0m            -3.0273e-01,  3.6469e-03]]],
[36m(MegatronTrainRayActor pid=77855)[0m 
[36m(MegatronTrainRayActor pid=77855)[0m 
[36m(MegatronTrainRayActor pid=77855)[0m         [[[-2.5781e+00,  1.1797e+00,  5.5664e-02,  ...,  2.4844e+00,
[36m(MegatronTrainRayActor pid=77855)[0m            -2.5469e+00,  2.6562e+00],
[36m(MegatronTrainRayActor pid=77855)[0m           [-3.1250e+00,  2.3125e+00, -8.0859e-01,  ..., -3.3438e+00,
[36m(MegatronTrainRayActor pid=77855)[0m            -2.1719e+00, -1.3516e+00],
[36m(MegatronTrainRayActor pid=77855)[0m           [-7.0703e-01,  8.2812e-01,  1.6719e+00,  ..., -1.4297e+00,
[36m(MegatronTrainRayActor pid=77855)[0m             3.1641e-01, -5.9766e-01],
[36m(MegatronTrainRayActor pid=77855)[0m           ...,
[36m(MegatronTrainRayActor pid=77855)[0m           [-5.3516e-01,  4.6484e-01, -1.4531e+00,  ...,  8.2812e-01,
[36m(MegatronTrainRayActor pid=77855)[0m             9.1797e-01, -3.9307e-02],
[36m(MegatronTrainRayActor pid=77855)[0m           [ 3.1250e+00,  4.0625e-01, -2.4531e+00,  ...,  1.3438e+00,
[36m(MegatronTrainRayActor pid=77855)[0m             1.2188e+00,  1.3516e+00],
[36m(MegatronTrainRayActor pid=77855)[0m           [ 8.9453e-01,  1.5312e+00, -1.5156e+00,  ...,  1.4766e+00,
[36m(MegatronTrainRayActor pid=77855)[0m             2.4375e+00,  3.9062e+00]]],
[36m(MegatronTrainRayActor pid=77855)[0m 
[36m(MegatronTrainRayActor pid=77855)[0m 
[36m(MegatronTrainRayActor pid=77855)[0m         ...,
[36m(MegatronTrainRayActor pid=77855)[0m 
[36m(MegatronTrainRayActor pid=77855)[0m 
[36m(MegatronTrainRayActor pid=77855)[0m         [[[ 2.2363e-01,  4.1562e+00,  2.3047e-01,  ..., -2.3438e+00,
[36m(MegatronTrainRayActor pid=77855)[0m            -6.7969e-01,  6.4062e-01],
[36m(MegatronTrainRayActor pid=77855)[0m           [-2.5781e-01, -5.4688e-01,  7.1484e-01,  ...,  8.2031e-01,
[36m(MegatronTrainRayActor pid=77855)[0m             4.6875e+00, -2.0625e+00],
[36m(MegatronTrainRayActor pid=77855)[0m           [ 2.9102e-01,  1.3438e+00,  8.2812e-01,  ..., -1.9922e-01,
[36m(MegatronTrainRayActor pid=77855)[0m             1.3516e+00, -4.7656e-01],
[36m(MegatronTrainRayActor pid=77855)[0m           ...,
[36m(MegatronTrainRayActor pid=77855)[0m           [ 2.7188e+00, -9.6484e-01, -4.7500e+00,  ..., -4.2500e+00,
[36m(MegatronTrainRayActor pid=77855)[0m             2.6250e+00, -1.4297e+00],
[36m(MegatronTrainRayActor pid=77855)[0m           [-2.2812e+00,  1.6641e+00,  2.6094e+00,  ...,  4.9023e-01,
[36m(MegatronTrainRayActor pid=77855)[0m             1.1250e+00, -3.4375e+00],
[36m(MegatronTrainRayActor pid=77855)[0m           [ 3.8125e+00, -2.1719e+00,  2.7031e+00,  ..., -1.7188e+00,
[36m(MegatronTrainRayActor pid=77855)[0m            -5.0000e-01, -1.2578e+00]]],
[36m(MegatronTrainRayActor pid=77855)[0m 
[36m(MegatronTrainRayActor pid=77855)[0m 
[36m(MegatronTrainRayActor pid=77855)[0m         [[[ 8.1641e-01, -1.5000e+00,  1.3359e+00,  ..., -1.5234e+00,
[36m(MegatronTrainRayActor pid=77855)[0m            -8.8281e-01,  2.0000e+00],
[36m(MegatronTrainRayActor pid=77855)[0m           [ 5.2734e-01, -1.6484e+00, -1.8921e-02,  ...,  9.6094e-01,
[36m(MegatronTrainRayActor pid=77855)[0m            -1.0469e+00,  1.1953e+00],
[36m(MegatronTrainRayActor pid=77855)[0m           [-1.8906e+00,  3.2227e-01, -2.3906e+00,  ..., -2.4688e+00,
[36m(MegatronTrainRayActor pid=77855)[0m             1.2422e+00,  1.5625e-02],
[36m(MegatronTrainRayActor pid=77855)[0m           ...,
[36m(MegatronTrainRayActor pid=77855)[0m           [ 1.8906e+00,  2.3594e+00,  2.2031e+00,  ..., -3.1836e-01,
[36m(MegatronTrainRayActor pid=77855)[0m            -5.2734e-01,  4.9414e-01],
[36m(MegatronTrainRayActor pid=77855)[0m           [ 1.4688e+00,  2.2344e+00, -2.5586e-01,  ..., -1.2891e+00,
[36m(MegatronTrainRayActor pid=77855)[0m             3.2188e+00,  1.2109e+00],
[36m(MegatronTrainRayActor pid=77855)[0m           [ 1.5391e+00, -1.2188e+00,  9.5703e-02,  ..., -5.4297e-01,
[36m(MegatronTrainRayActor pid=77855)[0m            -3.6406e+00,  2.9219e+00]]],
[36m(MegatronTrainRayActor pid=77855)[0m 
[36m(MegatronTrainRayActor pid=77855)[0m 
[36m(MegatronTrainRayActor pid=77855)[0m         [[[-9.4922e-01,  1.6719e+00, -7.9297e-01,  ...,  4.5508e-01,
[36m(MegatronTrainRayActor pid=77855)[0m             2.0000e+00, -1.6113e-01],
[36m(MegatronTrainRayActor pid=77855)[0m           [ 3.0625e+00, -2.4062e+00,  1.2109e+00,  ...,  8.6719e-01,
[36m(MegatronTrainRayActor pid=77855)[0m             8.3984e-02,  2.0625e+00],
[36m(MegatronTrainRayActor pid=77855)[0m           [ 4.3945e-01, -8.9453e-01,  1.1328e+00,  ..., -1.2969e+00,
[36m(MegatronTrainRayActor pid=77855)[0m             9.3750e-01, -1.5078e+00],
[36m(MegatronTrainRayActor pid=77855)[0m           ...,
[36m(MegatronTrainRayActor pid=77855)[0m           [ 2.4688e+00,  7.1484e-01, -2.1250e+00,  ..., -1.5938e+00,
[36m(MegatronTrainRayActor pid=77855)[0m             2.4844e+00,  8.3984e-01],
[36m(MegatronTrainRayActor pid=77855)[0m           [-1.7109e+00,  3.4570e-01, -8.5156e-01,  ...,  5.3906e-01,
[36m(MegatronTrainRayActor pid=77855)[0m             4.1797e-01, -2.2344e+00],
[36m(MegatronTrainRayActor pid=77855)[0m           [ 4.6680e-01,  7.2266e-01, -1.3516e+00,  ...,  1.3281e+00,
[36m(MegatronTrainRayActor pid=77855)[0m             2.9844e+00, -2.1406e+00]]]], device='cuda:0', dtype=torch.bfloat16), tensor([[[[0., 0., 0.,  ..., 0., 0., 0.]]],
[36m(MegatronTrainRayActor pid=77855)[0m 
[36m(MegatronTrainRayActor pid=77855)[0m 
[36m(MegatronTrainRayActor pid=77855)[0m         [[[0., 0., 0.,  ..., 0., 0., 0.]]],
[36m(MegatronTrainRayActor pid=77855)[0m 
[36m(MegatronTrainRayActor pid=77855)[0m 
[36m(MegatronTrainRayActor pid=77855)[0m         [[[0., 0., 0.,  ..., 0., 0., 0.]]],
[36m(MegatronTrainRayActor pid=77855)[0m 
[36m(MegatronTrainRayActor pid=77855)[0m 
[36m(MegatronTrainRayActor pid=77855)[0m         ...,
[36m(MegatronTrainRayActor pid=77855)[0m 
[36m(MegatronTrainRayActor pid=77855)[0m 
[36m(MegatronTrainRayActor pid=77855)[0m         [[[0., 0., 0.,  ..., 0., 0., 0.]]],
[36m(MegatronTrainRayActor pid=77855)[0m 
[36m(MegatronTrainRayActor pid=77855)[0m 
[36m(MegatronTrainRayActor pid=77855)[0m         [[[0., 0., 0.,  ..., 0., 0., 0.]]],
[36m(MegatronTrainRayActor pid=77855)[0m 
[36m(MegatronTrainRayActor pid=77855)[0m 
[36m(MegatronTrainRayActor pid=77855)[0m         [[[0., 0., 0.,  ..., 0., 0., 0.]]]], device='cuda:0',
[36m(MegatronTrainRayActor pid=77855)[0m        dtype=torch.bfloat16), tensor([[[[-0.0000e+00, -0.0000e+00,  0.0000e+00,  ..., -0.0000e+00,
[36m(MegatronTrainRayActor pid=77855)[0m            -0.0000e+00,  0.0000e+00]]],
[36m(MegatronTrainRayActor pid=77855)[0m 
[36m(MegatronTrainRayActor pid=77855)[0m 
[36m(MegatronTrainRayActor pid=77855)[0m         [[[ 0.0000e+00,  0.0000e+00,  0.0000e+00,  ...,  0.0000e+00,
[36m(MegatronTrainRayActor pid=77855)[0m            -0.0000e+00, -0.0000e+00]]],
[36m(MegatronTrainRayActor pid=77855)[0m 
[36m(MegatronTrainRayActor pid=77855)[0m 
[36m(MegatronTrainRayActor pid=77855)[0m         [[[-0.0000e+00,  0.0000e+00, -0.0000e+00,  ...,  0.0000e+00,
[36m(MegatronTrainRayActor pid=77855)[0m            -0.0000e+00, -0.0000e+00]]],
[36m(MegatronTrainRayActor pid=77855)[0m 
[36m(MegatronTrainRayActor pid=77855)[0m 
[36m(MegatronTrainRayActor pid=77855)[0m         ...,
[36m(MegatronTrainRayActor pid=77855)[0m 
[36m(MegatronTrainRayActor pid=77855)[0m 
[36m(MegatronTrainRayActor pid=77855)[0m         [[[ 3.5527e-12,  3.7971e-11,  6.1107e-12,  ..., -6.9122e-11,
[36m(MegatronTrainRayActor pid=77855)[0m             2.2169e-11, -5.1159e-12]]],
[36m(MegatronTrainRayActor pid=77855)[0m 
[36m(MegatronTrainRayActor pid=77855)[0m 
[36m(MegatronTrainRayActor pid=77855)[0m         [[[ 1.4552e-10,  1.2096e-10, -1.3642e-11,  ..., -1.0516e-11,
[36m(MegatronTrainRayActor pid=77855)[0m             3.1469e-10,  4.9795e-11]]],
[36m(MegatronTrainRayActor pid=77855)[0m 
[36m(MegatronTrainRayActor pid=77855)[0m 
[36m(MegatronTrainRayActor pid=77855)[0m         [[[-4.2746e-10, -5.6389e-10, -5.2012e-12,  ..., -3.1605e-11,
[36m(MegatronTrainRayActor pid=77855)[0m            -4.1211e-12, -1.0823e-10]]]], device='cuda:0', dtype=torch.bfloat16), tensor([  0, 512], device='cuda:0', dtype=torch.int32), tensor([  0, 512], device='cuda:0', dtype=torch.int32), 512, 512, 0.0, 0.0625, False, True, None, tensor([3952, 9700], device='cuda:0')
[36m(MegatronTrainRayActor pid=77855)[0m [2026-07-28 10:40:52.697 actor_cell0_rank0] structured_log.py:30 - ft cls=MegatronTrainRayActor fn=train phase=end ok=false elapsed_s=32.8
[36m(MegatronTrainRayActor pid=77855)[0m Traceback (most recent call last):
[36m(MegatronTrainRayActor pid=77855)[0m   File "/root/andy-miles/miles/utils/tracking_utils/structured_log.py", line 61, in wrapper
[36m(MegatronTrainRayActor pid=77855)[0m     result = func(*args, **kwargs)
[36m(MegatronTrainRayActor pid=77855)[0m              ^^^^^^^^^^^^^^^^^^^^^
[36m(MegatronTrainRayActor pid=77855)[0m   File "/root/andy-miles/miles/utils/audit_utils/event_logger/logger.py", line 108, in wrapper
[36m(MegatronTrainRayActor pid=77855)[0m     return method(*args, **kwargs)
[36m(MegatronTrainRayActor pid=77855)[0m            ^^^^^^^^^^^^^^^^^^^^^^^
[36m(MegatronTrainRayActor pid=77855)[0m   File "/root/andy-miles/miles/backends/megatron_utils/actor.py", line 391, in train
[36m(MegatronTrainRayActor pid=77855)[0m     return self.train_actor(rollout_id, rollout_data, witness_info=witness_info, attempt=attempt)
[36m(MegatronTrainRayActor pid=77855)[0m            ^^^^^^^^^^^^^^^^^^^^^^^^^^^^^^^^^^^^^^^^^^^^^^^^^^^^^^^^^^^^^^^^^^^^^^^^^^^^^^^^^^^^^^
[36m(MegatronTrainRayActor pid=77855)[0m   File "/usr/local/lib/python3.12/dist-packages/ray/util/tracing/tracing_helper.py", line 487, in _resume_span
[36m(MegatronTrainRayActor pid=77855)[0m     return method(self, *_args, **_kwargs)
[36m(MegatronTrainRayActor pid=77855)[0m            ^^^^^^^^^^^^^^^^^^^^^^^^^^^^^^^
[36m(MegatronTrainRayActor pid=77855)[0m   File "/root/andy-miles/miles/utils/tracking_utils/structured_log.py", line 61, in wrapper
[36m(MegatronTrainRayActor pid=77855)[0m     result = func(*args, **kwargs)
[36m(MegatronTrainRayActor pid=77855)[0m              ^^^^^^^^^^^^^^^^^^^^^
[36m(MegatronTrainRayActor pid=77855)[0m   File "/root/andy-miles/miles/backends/megatron_utils/actor.py", line 520, in train_actor
[36m(MegatronTrainRayActor pid=77855)[0m     train_step_outcome = train(
[36m(MegatronTrainRayActor pid=77855)[0m                          ^^^^^^
[36m(MegatronTrainRayActor pid=77855)[0m   File "/root/andy-miles/miles/backends/megatron_utils/model.py", line 733, in train
[36m(MegatronTrainRayActor pid=77855)[0m     loss_dict, grad_norm, train_step_outcome = train_one_step(
[36m(MegatronTrainRayActor pid=77855)[0m                                                ^^^^^^^^^^^^^^^
[36m(MegatronTrainRayActor pid=77855)[0m   File "/root/andy-miles/miles/backends/megatron_utils/model.py", line 529, in train_one_step
[36m(MegatronTrainRayActor pid=77855)[0m     losses_reduced = forward_backward_func(
[36m(MegatronTrainRayActor pid=77855)[0m                      ^^^^^^^^^^^^^^^^^^^^^^
[36m(MegatronTrainRayActor pid=77855)[0m   File "/root/Megatron-LM/megatron/core/pipeline_parallel/schedules.py", line 678, in forward_backward_no_pipelining
[36m(MegatronTrainRayActor pid=77855)[0m     backward_step(input_tensor, output_tensor, output_tensor_grad, model_type, config)
[36m(MegatronTrainRayActor pid=77855)[0m   File "/root/Megatron-LM/megatron/core/pipeline_parallel/schedules.py", line 490, in backward_step
[36m(MegatronTrainRayActor pid=77855)[0m     custom_backward(output_tensor[0], output_tensor_grad[0])
[36m(MegatronTrainRayActor pid=77855)[0m   File "/root/Megatron-LM/megatron/core/pipeline_parallel/schedules.py", line 190, in custom_backward
[36m(MegatronTrainRayActor pid=77855)[0m     Variable._execution_engine.run_backward(
[36m(MegatronTrainRayActor pid=77855)[0m   File "/usr/local/lib/python3.12/dist-packages/torch/autograd/function.py", line 317, in apply
[36m(MegatronTrainRayActor pid=77855)[0m     return user_fn(self, *args)
[36m(MegatronTrainRayActor pid=77855)[0m            ^^^^^^^^^^^^^^^^^^^^
[36m(MegatronTrainRayActor pid=77855)[0m   File "/root/Megatron-LM/megatron/core/tensor_parallel/random.py", line 566, in backward
[36m(MegatronTrainRayActor pid=77855)[0m     torch.autograd.backward(outputs, args)
[36m(MegatronTrainRayActor pid=77855)[0m   File "/usr/local/lib/python3.12/dist-packages/torch/autograd/__init__.py", line 381, in backward
[36m(MegatronTrainRayActor pid=77855)[0m     _engine_run_backward(
[36m(MegatronTrainRayActor pid=77855)[0m   File "/usr/local/lib/python3.12/dist-packages/torch/autograd/graph.py", line 869, in _engine_run_backward
[36m(MegatronTrainRayActor pid=77855)[0m     return Variable._execution_engine.run_backward(  # Calls into the C++ engine to run the backward pass
[36m(MegatronTrainRayActor pid=77855)[0m            ^^^^^^^^^^^^^^^^^^^^^^^^^^^^^^^^^^^^^^^^^^^^^^^^^^^^^^^^^^^^^^^^^^^^^^^^^^^^^^^^^^^^^^^^^^^^^^
[36m(MegatronTrainRayActor pid=77855)[0m   File "/usr/local/lib/python3.12/dist-packages/torch/autograd/function.py", line 317, in apply
[36m(MegatronTrainRayActor pid=77855)[0m     return user_fn(self, *args)
[36m(MegatronTrainRayActor pid=77855)[0m            ^^^^^^^^^^^^^^^^^^^^
[36m(MegatronTrainRayActor pid=77855)[0m   File "/usr/local/lib/python3.12/dist-packages/transformer_engine/pytorch/attention/dot_product_attention/backends.py", line 1687, in backward
[36m(MegatronTrainRayActor pid=77855)[0m     flash_attn_cuda_bwd(
[36m(MegatronTrainRayActor pid=77855)[0m TypeError: varlen_bwd(): incompatible function arguments. The following argument types are supported:
[36m(MegatronTrainRayActor pid=77855)[0m     1. (arg0: torch.Tensor, arg1: torch.Tensor, arg2: torch.Tensor, arg3: torch.Tensor, arg4: torch.Tensor, arg5: torch.Tensor, arg6: torch.Tensor | None, arg7: torch.Tensor | None, arg8: torch.Tensor | None, arg9: torch.Tensor, arg10: torch.Tensor, arg11: torch.Tensor | None, arg12: typing.SupportsInt, arg13: typing.SupportsInt, arg14: typing.SupportsFloat, arg15: typing.SupportsFloat, arg16: bool, arg17: bool, arg18: typing.SupportsInt, arg19: typing.SupportsInt, arg20: typing.SupportsFloat, arg21: bool, arg22: torch.Generator | None, arg23: torch.Tensor | None) -> list[torch.Tensor]
[36m(MegatronTrainRayActor pid=77855)[0m 
[36m(MegatronTrainRayActor pid=77855)[0m Invoked with: tensor([[[[0., 0., 0.,  ..., 0., 0., 0.],
[36m(MegatronTrainRayActor pid=77855)[0m           [0., 0., 0.,  ..., 0., 0., 0.],
[36m(MegatronTrainRayActor pid=77855)[0m           [0., 0., 0.,  ..., 0., 0., 0.],
[36m(MegatronTrainRayActor pid=77855)[0m           ...,
[36m(MegatronTrainRayActor pid=77855)[0m           [0., 0., 0.,  ..., 0., 0., 0.],
[36m(MegatronTrainRayActor pid=77855)[0m           [0., 0., 0.,  ..., 0., 0., 0.],
[36m(MegatronTrainRayActor pid=77855)[0m           [0., 0., 0.,  ..., 0., 0., 0.]]],
[36m(MegatronTrainRayActor pid=77855)[0m 
[36m(MegatronTrainRayActor pid=77855)[0m 
[36m(MegatronTrainRayActor pid=77855)[0m         [[[0., 0., 0.,  ..., 0., 0., 0.],
[36m(MegatronTrainRayActor pid=77855)[0m           [0., 0., 0.,  ..., 0., 0., 0.],
[36m(MegatronTrainRayActor pid=77855)[0m           [0., 0., 0.,  ..., 0., 0., 0.],
[36m(MegatronTrainRayActor pid=77855)[0m           ...,
[36m(MegatronTrainRayActor pid=77855)[0m           [0., 0., 0.,  ..., 0., 0., 0.],
[36m(MegatronTrainRayActor pid=77855)[0m           [0., 0., 0.,  ..., 0., 0., 0.],
[36m(MegatronTrainRayActor pid=77855)[0m           [0., 0., 0.,  ..., 0., 0., 0.]]],
[36m(MegatronTrainRayActor pid=77855)[0m 
[36m(MegatronTrainRayActor pid=77855)[0m 
[36m(MegatronTrainRayActor pid=77855)[0m         [[[0., 0., 0.,  ..., 0., 0., 0.],
[36m(MegatronTrainRayActor pid=77855)[0m           [0., 0., 0.,  ..., 0., 0., 0.],
[36m(MegatronTrainRayActor pid=77855)[0m           [0., 0., 0.,  ..., 0., 0., 0.],
[36m(MegatronTrainRayActor pid=77855)[0m           ...,
[36m(MegatronTrainRayActor pid=77855)[0m           [0., 0., 0.,  ..., 0., 0., 0.],
[36m(MegatronTrainRayActor pid=77855)[0m           [0., 0., 0.,  ..., 0., 0., 0.],
[36m(MegatronTrainRayActor pid=77855)[0m           [0., 0., 0.,  ..., 0., 0., 0.]]],
[36m(MegatronTrainRayActor pid=77855)[0m 
[36m(MegatronTrainRayActor pid=77855)[0m 
[36m(MegatronTrainRayActor pid=77855)[0m         ...,
[36m(MegatronTrainRayActor pid=77855)[0m 
[36m(MegatronTrainRayActor pid=77855)[0m 
[36m(MegatronTrainRayActor pid=77855)[0m         [[[0., 0., 0.,  ..., 0., 0., 0.],
[36m(MegatronTrainRayActor pid=77855)[0m           [0., 0., 0.,  ..., 0., 0., 0.],
[36m(MegatronTrainRayActor pid=77855)[0m           [0., 0., 0.,  ..., 0., 0., 0.],
[36m(MegatronTrainRayActor pid=77855)[0m           ...,
[36m(MegatronTrainRayActor pid=77855)[0m           [0., 0., 0.,  ..., 0., 0., 0.],
[36m(MegatronTrainRayActor pid=77855)[0m           [0., 0., 0.,  ..., 0., 0., 0.],
[36m(MegatronTrainRayActor pid=77855)[0m           [0., 0., 0.,  ..., 0., 0., 0.]]],
[36m(MegatronTrainRayActor pid=77855)[0m 
[36m(MegatronTrainRayActor pid=77855)[0m 
[36m(MegatronTrainRayActor pid=77855)[0m         [[[0., 0., 0.,  ..., 0., 0., 0.],
[36m(MegatronTrainRayActor pid=77855)[0m           [0., 0., 0.,  ..., 0., 0., 0.],
[36m(MegatronTrainRayActor pid=77855)[0m           [0., 0., 0.,  ..., 0., 0., 0.],
[36m(MegatronTrainRayActor pid=77855)[0m           ...,
[36m(MegatronTrainRayActor pid=77855)[0m           [0., 0., 0.,  ..., 0., 0., 0.],
[36m(MegatronTrainRayActor pid=77855)[0m           [0., 0., 0.,  ..., 0., 0., 0.],
[36m(MegatronTrainRayActor pid=77855)[0m           [0., 0., 0.,  ..., 0., 0., 0.]]],
[36m(MegatronTrainRayActor pid=77855)[0m 
[36m(MegatronTrainRayActor pid=77855)[0m 
[36m(MegatronTrainRayActor pid=77855)[0m         [[[0., 0., 0.,  ..., 0., 0., 0.],
[36m(MegatronTrainRayActor pid=77855)[0m           [0., 0., 0.,  ..., 0., 0., 0.],
[36m(MegatronTrainRayActor pid=77855)[0m           [0., 0., 0.,  ..., 0., 0., 0.],
[36m(MegatronTrainRayActor pid=77855)[0m           ...,
[36m(MegatronTrainRayActor pid=77855)[0m           [0., 0., 0.,  ..., 0., 0., 0.],
[36m(MegatronTrainRayActor pid=77855)[0m           [0., 0., 0.,  ..., 0., 0., 0.],
[36m(MegatronTrainRayActor pid=77855)[0m           [0., 0., 0.,  ..., 0., 0., 0.]]]], device='cuda:0',
[36m(MegatronTrainRayActor pid=77855)[0m        dtype=torch.bfloat16), tensor([[[[-8.3594e-01, -1.1094e+00,  2.3145e-01,  ..., -1.9531e+00,
[36m(MegatronTrainRayActor pid=77855)[0m            -5.0000e-01,  2.2500e+00],
[36m(MegatronTrainRayActor pid=77855)[0m           [-7.8735e-03, -1.6406e+00, -1.6172e+00,  ..., -1.7578e-01,
[36m(MegatronTrainRayActor pid=77855)[0m             8.5156e-01, -1.5078e+00],
[36m(MegatronTrainRayActor pid=77855)[0m           [-3.0312e+00, -2.6562e+00,  2.8906e+00,  ...,  9.3750e-01,
[36m(MegatronTrainRayActor pid=77855)[0m             1.6953e+00,  2.5469e+00],
[36m(MegatronTrainRayActor pid=77855)[0m           ...,
[36m(MegatronTrainRayActor pid=77855)[0m           [ 3.5938e-01,  7.3047e-01, -9.1016e-01,  ...,  8.1641e-01,
[36m(MegatronTrainRayActor pid=77855)[0m             1.5547e+00,  3.3438e+00],
[36m(MegatronTrainRayActor pid=77855)[0m           [-1.4551e-01, -1.8750e+00, -2.4062e+00,  ..., -3.3438e+00,
[36m(MegatronTrainRayActor pid=77855)[0m             9.7266e-01,  2.1875e+00],
[36m(MegatronTrainRayActor pid=77855)[0m           [-8.8867e-02, -8.0469e-01,  1.0000e+00,  ...,  1.1797e+00,
[36m(MegatronTrainRayActor pid=77855)[0m             3.4961e-01,  2.1289e-01]]],
[36m(MegatronTrainRayActor pid=77855)[0m 
[36m(MegatronTrainRayActor pid=77855)[0m 
[36m(MegatronTrainRayActor pid=77855)[0m         [[[ 6.2891e-01,  3.2031e+00,  2.3438e+00,  ..., -1.5625e+00,
[36m(MegatronTrainRayActor pid=77855)[0m             3.4570e-01, -6.5234e-01],
[36m(MegatronTrainRayActor pid=77855)[0m           [ 1.0938e+00,  4.3359e-01, -3.5000e+00,  ...,  2.3281e+00,
[36m(MegatronTrainRayActor pid=77855)[0m             1.1084e-01,  2.5156e+00],
[36m(MegatronTrainRayActor pid=77855)[0m           [-6.7969e-01, -2.6875e+00,  1.2891e+00,  ...,  3.6133e-01,
[36m(MegatronTrainRayActor pid=77855)[0m             1.9844e+00,  2.5312e+00],
[36m(MegatronTrainRayActor pid=77855)[0m           ...,
[36m(MegatronTrainRayActor pid=77855)[0m           [-2.0605e-01,  4.6875e+00, -2.5781e-01,  ...,  1.6172e+00,
[36m(MegatronTrainRayActor pid=77855)[0m             2.6719e+00,  4.2812e+00],
[36m(MegatronTrainRayActor pid=77855)[0m           [ 5.5908e-02, -1.8672e+00, -3.3789e-01,  ...,  1.7188e+00,
[36m(MegatronTrainRayActor pid=77855)[0m             7.7637e-02, -9.6094e-01],
[36m(MegatronTrainRayActor pid=77855)[0m           [ 1.6797e+00, -1.5078e+00,  5.4688e-01,  ...,  1.0078e+00,
[36m(MegatronTrainRayActor pid=77855)[0m            -4.0625e+00, -2.9844e+00]]],
[36m(MegatronTrainRayActor pid=77855)[0m 
[36m(MegatronTrainRayActor pid=77855)[0m 
[36m(MegatronTrainRayActor pid=77855)[0m         [[[-6.6406e-01, -2.2344e+00, -1.1797e+00,  ..., -5.9375e-01,
[36m(MegatronTrainRayActor pid=77855)[0m            -2.4536e-02,  1.0156e+00],
[36m(MegatronTrainRayActor pid=77855)[0m           [ 3.8086e-01,  3.6094e+00,  1.8984e+00,  ...,  1.5000e+00,
[36m(MegatronTrainRayActor pid=77855)[0m             1.8906e+00, -3.6094e+00],
[36m(MegatronTrainRayActor pid=77855)[0m           [ 3.6875e+00, -2.9844e+00,  2.0156e+00,  ...,  1.8203e+00,
[36m(MegatronTrainRayActor pid=77855)[0m             1.1250e+00,  3.0469e-01],
[36m(MegatronTrainRayActor pid=77855)[0m           ...,
[36m(MegatronTrainRayActor pid=77855)[0m           [-2.4609e-01, -7.0703e-01,  2.8125e+00,  ..., -1.0312e+00,
[36m(MegatronTrainRayActor pid=77855)[0m            -3.5742e-01,  1.4609e+00],
[36m(MegatronTrainRayActor pid=77855)[0m           [ 1.3125e+00, -2.9531e+00,  1.0859e+00,  ..., -2.7969e+00,
[36m(MegatronTrainRayActor pid=77855)[0m            -2.5781e-01,  4.2383e-01],
[36m(MegatronTrainRayActor pid=77855)[0m           [ 1.4453e+00, -3.1562e+00, -2.2656e+00,  ..., -3.3008e-01,
[36m(MegatronTrainRayActor pid=77855)[0m            -1.5469e+00, -1.3438e+00]]],
[36m(MegatronTrainRayActor pid=77855)[0m 
[36m(MegatronTrainRayActor pid=77855)[0m 
[36m(MegatronTrainRayActor pid=77855)[0m         ...,
[36m(MegatronTrainRayActor pid=77855)[0m 
[36m(MegatronTrainRayActor pid=77855)[0m 
[36m(MegatronTrainRayActor pid=77855)[0m         [[[ 2.0469e+00,  9.8438e-01, -2.4844e+00,  ..., -1.7656e+00,
[36m(MegatronTrainRayActor pid=77855)[0m             9.4141e-01, -1.9922e-01],
[36m(MegatronTrainRayActor pid=77855)[0m           [ 9.0234e-01, -1.1328e+00,  4.9375e+00,  ...,  6.6016e-01,
[36m(MegatronTrainRayActor pid=77855)[0m             5.0391e-01,  2.0312e+00],
[36m(MegatronTrainRayActor pid=77855)[0m           [ 1.1328e-01, -1.2598e-01,  2.7656e+00,  ...,  8.8281e-01,
[36m(MegatronTrainRayActor pid=77855)[0m            -1.1562e+00,  1.2344e+00],
[36m(MegatronTrainRayActor pid=77855)[0m           ...,
[36m(MegatronTrainRayActor pid=77855)[0m           [-1.5625e-01,  2.7031e+00, -2.4902e-01,  ..., -4.7656e-01,
[36m(MegatronTrainRayActor pid=77855)[0m             3.6406e+00,  1.3281e-01],
[36m(MegatronTrainRayActor pid=77855)[0m           [-7.5391e-01, -2.8750e+00,  1.4297e+00,  ..., -2.2188e+00,
[36m(MegatronTrainRayActor pid=77855)[0m            -1.6562e+00, -2.9219e+00],
[36m(MegatronTrainRayActor pid=77855)[0m           [-5.3516e-01,  6.6406e-02,  1.8359e+00,  ..., -2.7344e-02,
[36m(MegatronTrainRayActor pid=77855)[0m            -1.3203e+00,  1.4609e+00]]],
[36m(MegatronTrainRayActor pid=77855)[0m 
[36m(MegatronTrainRayActor pid=77855)[0m 
[36m(MegatronTrainRayActor pid=77855)[0m         [[[-1.6094e+00, -7.0703e-01, -8.2031e-01,  ..., -9.7266e-01,
[36m(MegatronTrainRayActor pid=77855)[0m             5.5176e-02, -2.1719e+00],
[36m(MegatronTrainRayActor pid=77855)[0m           [-8.3008e-02,  4.1797e-01,  1.6406e+00,  ..., -5.1953e-01,
[36m(MegatronTrainRayActor pid=77855)[0m            -8.7891e-01,  9.2578e-01],
[36m(MegatronTrainRayActor pid=77855)[0m           [ 1.9043e-01,  7.2266e-01,  1.2500e+00,  ...,  2.9688e+00,
[36m(MegatronTrainRayActor pid=77855)[0m            -8.0469e-01,  2.3438e+00],
[36m(MegatronTrainRayActor pid=77855)[0m           ...,
[36m(MegatronTrainRayActor pid=77855)[0m           [ 2.9688e+00,  2.6719e+00, -4.4250e-04,  ..., -1.5312e+00,
[36m(MegatronTrainRayActor pid=77855)[0m             3.0156e+00,  2.9102e-01],
[36m(MegatronTrainRayActor pid=77855)[0m           [-1.3984e+00, -7.4609e-01, -2.2656e-01,  ...,  3.7305e-01,
[36m(MegatronTrainRayActor pid=77855)[0m            -1.7344e+00,  2.9297e-01],
[36m(MegatronTrainRayActor pid=77855)[0m           [-7.4219e-01,  1.1328e+00,  1.6719e+00,  ..., -3.3398e-01,
[36m(MegatronTrainRayActor pid=77855)[0m            -3.1875e+00, -7.9688e-01]]],
[36m(MegatronTrainRayActor pid=77855)[0m 
[36m(MegatronTrainRayActor pid=77855)[0m 
[36m(MegatronTrainRayActor pid=77855)[0m         [[[ 1.9531e+00, -3.5938e+00, -1.0312e+00,  ..., -4.0938e+00,
[36m(MegatronTrainRayActor pid=77855)[0m             2.3438e+00,  3.4375e+00],
[36m(MegatronTrainRayActor pid=77855)[0m           [ 4.0625e-01,  1.4844e+00,  1.7969e+00,  ...,  3.9844e+00,
[36m(MegatronTrainRayActor pid=77855)[0m             7.7344e-01,  1.5391e+00],
[36m(MegatronTrainRayActor pid=77855)[0m           [-5.0391e-01,  4.1875e+00,  9.5703e-01,  ..., -1.5859e+00,
[36m(MegatronTrainRayActor pid=77855)[0m            -3.9062e-01, -3.2500e+00],
[36m(MegatronTrainRayActor pid=77855)[0m           ...,
[36m(MegatronTrainRayActor pid=77855)[0m           [ 2.4023e-01,  3.0000e+00,  2.0156e+00,  ..., -7.1094e-01,
[36m(MegatronTrainRayActor pid=77855)[0m             6.1562e+00, -5.3906e-01],
[36m(MegatronTrainRayActor pid=77855)[0m           [ 5.5859e-01, -1.9727e-01, -2.6367e-01,  ..., -1.5312e+00,
[36m(MegatronTrainRayActor pid=77855)[0m             1.3281e+00,  2.4375e+00],
[36m(MegatronTrainRayActor pid=77855)[0m           [-9.8438e-01,  3.4219e+00,  1.5156e+00,  ...,  5.8594e-01,
[36m(MegatronTrainRayActor pid=77855)[0m             3.2422e-01,  4.7461e-01]]]], device='cuda:0', dtype=torch.bfloat16,
[36m(MegatronTrainRayActor pid=77855)[0m        grad_fn=<CatBackward0>), tensor([[[[-2.9219,  1.3359,  0.0630,  ...,  2.8125, -2.8906,  3.0000]]],
[36m(MegatronTrainRayActor pid=77855)[0m 
[36m(MegatronTrainRayActor pid=77855)[0m 
[36m(MegatronTrainRayActor pid=77855)[0m         [[[-1.1484,  0.2285,  3.5312,  ...,  0.5234, -1.6250,  1.3984]]],
[36m(MegatronTrainRayActor pid=77855)[0m 
[36m(MegatronTrainRayActor pid=77855)[0m 
[36m(MegatronTrainRayActor pid=77855)[0m         [[[-1.2188,  2.6719, -1.9609,  ..., -1.3906, -0.5547,  0.2422]]],
[36m(MegatronTrainRayActor pid=77855)[0m 
[36m(MegatronTrainRayActor pid=77855)[0m 
[36m(MegatronTrainRayActor pid=77855)[0m         ...,
[36m(MegatronTrainRayActor pid=77855)[0m 
[36m(MegatronTrainRayActor pid=77855)[0m 
[36m(MegatronTrainRayActor pid=77855)[0m         [[[-2.6719, -0.5352,  0.4629,  ...,  0.1738,  3.2812,  1.8281]]],
[36m(MegatronTrainRayActor pid=77855)[0m 
[36m(MegatronTrainRayActor pid=77855)[0m 
[36m(MegatronTrainRayActor pid=77855)[0m         [[[-4.7500, -1.2969,  1.0547,  ..., -1.1016,  0.4375,  3.8125]]],
[36m(MegatronTrainRayActor pid=77855)[0m 
[36m(MegatronTrainRayActor pid=77855)[0m 
[36m(MegatronTrainRayActor pid=77855)[0m         [[[ 2.6562,  1.9531, -0.8555,  ..., -1.8906,  1.1875,  2.5000]]]],
[36m(MegatronTrainRayActor pid=77855)[0m        device='cuda:0', dtype=torch.bfloat16, grad_fn=<CatBackward0>), tensor([[[[-3.1250,  2.3125, -0.8086,  ..., -3.3438, -2.1719, -1.3516]]],
[36m(MegatronTrainRayActor pid=77855)[0m 
[36m(MegatronTrainRayActor pid=77855)[0m 
[36m(MegatronTrainRayActor pid=77855)[0m         [[[ 0.2734, -0.8711, -4.8438,  ...,  0.3516, -2.3125, -4.3125]]],
[36m(MegatronTrainRayActor pid=77855)[0m 
[36m(MegatronTrainRayActor pid=77855)[0m 
[36m(MegatronTrainRayActor pid=77855)[0m         [[[-3.7656, -0.5898, -5.8125,  ...,  0.9766, -3.4531, -2.5312]]],
[36m(MegatronTrainRayActor pid=77855)[0m 
[36m(MegatronTrainRayActor pid=77855)[0m 
[36m(MegatronTrainRayActor pid=77855)[0m         ...,
[36m(MegatronTrainRayActor pid=77855)[0m 
[36m(MegatronTrainRayActor pid=77855)[0m 
[36m(MegatronTrainRayActor pid=77855)[0m         [[[ 0.7969, -3.2188, -1.8438,  ...,  1.6797,  3.8750,  1.4219]]],
[36m(MegatronTrainRayActor pid=77855)[0m 
[36m(MegatronTrainRayActor pid=77855)[0m 
[36m(MegatronTrainRayActor pid=77855)[0m         [[[ 0.4785,  1.0547, -1.5703,  ...,  0.9766,  2.0156, -1.3438]]],
[36m(MegatronTrainRayActor pid=77855)[0m 
[36m(MegatronTrainRayActor pid=77855)[0m 
[36m(MegatronTrainRayActor pid=77855)[0m         [[[ 1.7422, -1.8516, -1.0312,  ..., -0.4375,  0.9102,  0.8789]]]],
[36m(MegatronTrainRayActor pid=77855)[0m        device='cuda:0', dtype=torch.bfloat16, grad_fn=<CloneBackward0>), tensor([[[[-3.1250,  2.3125, -0.8086,  ..., -3.3438, -2.1719, -1.3516],
[36m(MegatronTrainRayActor pid=77855)[0m           [-3.1250,  2.3125, -0.8086,  ..., -3.3438, -2.1719, -1.3516],
[36m(MegatronTrainRayActor pid=77855)[0m           [-3.1250,  2.3125, -0.8086,  ..., -3.3438, -2.1719, -1.3516],
[36m(MegatronTrainRayActor pid=77855)[0m           ...,
[36m(MegatronTrainRayActor pid=77855)[0m           [-3.1250,  2.3125, -0.8086,  ..., -3.3438, -2.1719, -1.3516],
[36m(MegatronTrainRayActor pid=77855)[0m           [-3.1250,  2.3125, -0.8086,  ..., -3.3438, -2.1719, -1.3516],
[36m(MegatronTrainRayActor pid=77855)[0m           [-3.1250,  2.3125, -0.8086,  ..., -3.3438, -2.1719, -1.3516]]],
[36m(MegatronTrainRayActor pid=77855)[0m 
[36m(MegatronTrainRayActor pid=77855)[0m 
[36m(MegatronTrainRayActor pid=77855)[0m         [[[-2.6094,  1.8359, -1.4141,  ..., -2.7812, -2.1875, -1.7969],
[36m(MegatronTrainRayActor pid=77855)[0m           [-2.8438,  2.0469, -1.1406,  ..., -3.0469, -2.1875, -1.5938],
[36m(MegatronTrainRayActor pid=77855)[0m           [ 0.2578, -0.8555, -4.8125,  ...,  0.3340, -2.3125, -4.3125],
[36m(MegatronTrainRayActor pid=77855)[0m           ...,
[36m(MegatronTrainRayActor pid=77855)[0m           [-3.1094,  2.2969, -0.8242,  ..., -3.3281, -2.1719, -1.3672],
[36m(MegatronTrainRayActor pid=77855)[0m           [-0.2197, -0.4082, -4.2500,  ..., -0.1855, -2.2969, -3.8750],
[36m(MegatronTrainRayActor pid=77855)[0m           [-3.0938,  2.2969, -0.8359,  ..., -3.3125, -2.1719, -1.3750]]],
[36m(MegatronTrainRayActor pid=77855)[0m 
[36m(MegatronTrainRayActor pid=77855)[0m 
[36m(MegatronTrainRayActor pid=77855)[0m         [[[-1.0391, -0.5742, -4.8125,  ...,  0.2598, -2.6094, -3.6250],
[36m(MegatronTrainRayActor pid=77855)[0m           [-3.3438,  1.2734, -2.5938,  ..., -1.8047, -2.6250, -1.7734],
[36m(MegatronTrainRayActor pid=77855)[0m           [-3.1875,  1.9922, -1.3594,  ..., -2.8750, -2.3125, -1.4844],
[36m(MegatronTrainRayActor pid=77855)[0m           ...,
[36m(MegatronTrainRayActor pid=77855)[0m           [-0.0476, -0.8203, -4.8750,  ...,  0.3633, -2.3906, -4.1562],
[36m(MegatronTrainRayActor pid=77855)[0m           [-2.6719, -0.3730, -5.0625,  ...,  0.3867, -3.0312, -2.8750],
[36m(MegatronTrainRayActor pid=77855)[0m           [-0.6836, -0.8047, -5.0625,  ...,  0.5000, -2.5781, -3.8906]]],
[36m(MegatronTrainRayActor pid=77855)[0m 
[36m(MegatronTrainRayActor pid=77855)[0m 
[36m(MegatronTrainRayActor pid=77855)[0m         ...,
[36m(MegatronTrainRayActor pid=77855)[0m 
[36m(MegatronTrainRayActor pid=77855)[0m 
[36m(MegatronTrainRayActor pid=77855)[0m         [[[ 0.1992,  1.5234, -0.0247,  ...,  0.3965,  1.2188, -1.5625],
[36m(MegatronTrainRayActor pid=77855)[0m           [ 0.5195, -0.3008, -1.3750,  ..., -0.5547,  1.3438, -0.5273],
[36m(MegatronTrainRayActor pid=77855)[0m           [-0.5195,  0.0781, -0.6055,  ..., -0.3301, -0.3281,  0.4414],
[36m(MegatronTrainRayActor pid=77855)[0m           ...,
[36m(MegatronTrainRayActor pid=77855)[0m           [ 0.3691,  0.6953, -0.3145,  ..., -0.2734, -0.3496, -1.5391],
[36m(MegatronTrainRayActor pid=77855)[0m           [-1.1094, -0.6367,  0.1021,  ...,  0.0317,  1.5781, -1.0078],
[36m(MegatronTrainRayActor pid=77855)[0m           [-0.5625,  1.2891, -1.0000,  ..., -0.6016,  2.6562,  2.6719]]],
[36m(MegatronTrainRayActor pid=77855)[0m 
[36m(MegatronTrainRayActor pid=77855)[0m 
[36m(MegatronTrainRayActor pid=77855)[0m         [[[ 1.4141, -1.7188, -2.4219,  ...,  0.4023,  0.8633,  0.7305],
[36m(MegatronTrainRayActor pid=77855)[0m           [ 0.6719,  2.1094, -0.1709,  ...,  0.8281,  1.0000, -0.4121],
[36m(MegatronTrainRayActor pid=77855)[0m           [-0.6406,  0.0245,  0.0737,  ...,  0.1689,  0.8594, -0.7344],
[36m(MegatronTrainRayActor pid=77855)[0m           ...,
[36m(MegatronTrainRayActor pid=77855)[0m           [ 1.2891,  0.3105, -2.0156,  ...,  0.5742,  0.4512, -2.1875],
[36m(MegatronTrainRayActor pid=77855)[0m           [ 2.7656, -0.4727, -2.1875,  ...,  0.1953,  0.9922, -0.2031],
[36m(MegatronTrainRayActor pid=77855)[0m           [-0.9180, -0.7891, -0.1182,  ..., -1.0234,  2.3125, -1.3594]]],
[36m(MegatronTrainRayActor pid=77855)[0m 
[36m(MegatronTrainRayActor pid=77855)[0m 
[36m(MegatronTrainRayActor pid=77855)[0m         [[[ 0.8359, -0.3145, -1.5703,  ...,  0.4160,  1.0078, -0.2041],
[36m(MegatronTrainRayActor pid=77855)[0m           [-1.1484, -0.5117, -0.8555,  ..., -0.5625, -0.1504,  0.1641],
[36m(MegatronTrainRayActor pid=77855)[0m           [ 1.1406,  0.3613, -1.8672,  ..., -1.7266, -1.3984, -0.9531],
[36m(MegatronTrainRayActor pid=77855)[0m           ...,
[36m(MegatronTrainRayActor pid=77855)[0m           [-0.2871,  0.3613,  1.1641,  ..., -0.8164, -1.0938, -1.5156],
[36m(MegatronTrainRayActor pid=77855)[0m           [ 0.6875, -0.5430,  0.3398,  ...,  0.1650,  0.9453, -0.5508],
[36m(MegatronTrainRayActor pid=77855)[0m           [ 0.7383,  1.1250, -2.2344,  ..., -1.7969,  1.7812,  0.3301]]]],
[36m(MegatronTrainRayActor pid=77855)[0m        device='cuda:0', dtype=torch.bfloat16, grad_fn=<FusedAttnFuncBackward>), tensor([[[[-0.6170],
[36m(MegatronTrainRayActor pid=77855)[0m           [ 8.2797],
[36m(MegatronTrainRayActor pid=77855)[0m           [ 2.8625],
[36m(MegatronTrainRayActor pid=77855)[0m           ...,
[36m(MegatronTrainRayActor pid=77855)[0m           [12.2529],
[36m(MegatronTrainRayActor pid=77855)[0m           [15.1791],
[36m(MegatronTrainRayActor pid=77855)[0m           [12.6421]],
[36m(MegatronTrainRayActor pid=77855)[0m 
[36m(MegatronTrainRayActor pid=77855)[0m          [[ 0.2384],
[36m(MegatronTrainRayActor pid=77855)[0m           [-0.4807],
[36m(MegatronTrainRayActor pid=77855)[0m           [ 7.6871],
[36m(MegatronTrainRayActor pid=77855)[0m           ...,
[36m(MegatronTrainRayActor pid=77855)[0m           [12.6812],
[36m(MegatronTrainRayActor pid=77855)[0m           [13.4920],
[36m(MegatronTrainRayActor pid=77855)[0m           [12.0598]],
[36m(MegatronTrainRayActor pid=77855)[0m 
[36m(MegatronTrainRayActor pid=77855)[0m          [[ 0.2153],
[36m(MegatronTrainRayActor pid=77855)[0m           [ 2.7881],
[36m(MegatronTrainRayActor pid=77855)[0m           [ 0.4983],
[36m(MegatronTrainRayActor pid=77855)[0m           ...,
[36m(MegatronTrainRayActor pid=77855)[0m           [10.5370],
[36m(MegatronTrainRayActor pid=77855)[0m           [11.5822],
[36m(MegatronTrainRayActor pid=77855)[0m           [12.2287]],
[36m(MegatronTrainRayActor pid=77855)[0m 
[36m(MegatronTrainRayActor pid=77855)[0m          ...,
[36m(MegatronTrainRayActor pid=77855)[0m 
[36m(MegatronTrainRayActor pid=77855)[0m          [[-0.6126],
[36m(MegatronTrainRayActor pid=77855)[0m           [ 3.0436],
[36m(MegatronTrainRayActor pid=77855)[0m           [ 3.5112],
[36m(MegatronTrainRayActor pid=77855)[0m           ...,
[36m(MegatronTrainRayActor pid=77855)[0m           [13.2748],
[36m(MegatronTrainRayActor pid=77855)[0m           [12.3099],
[36m(MegatronTrainRayActor pid=77855)[0m           [11.0053]],
[36m(MegatronTrainRayActor pid=77855)[0m 
[36m(MegatronTrainRayActor pid=77855)[0m          [[ 2.6935],
[36m(MegatronTrainRayActor pid=77855)[0m           [ 2.8929],
[36m(MegatronTrainRayActor pid=77855)[0m           [-0.5952],
[36m(MegatronTrainRayActor pid=77855)[0m           ...,
[36m(MegatronTrainRayActor pid=77855)[0m           [15.4969],
[36m(MegatronTrainRayActor pid=77855)[0m           [15.5897],
[36m(MegatronTrainRayActor pid=77855)[0m           [14.3968]],
[36m(MegatronTrainRayActor pid=77855)[0m 
[36m(MegatronTrainRayActor pid=77855)[0m          [[-3.3222],
[36m(MegatronTrainRayActor pid=77855)[0m           [-0.8465],
[36m(MegatronTrainRayActor pid=77855)[0m           [-0.9367],
[36m(MegatronTrainRayActor pid=77855)[0m           ...,
[36m(MegatronTrainRayActor pid=77855)[0m           [13.9833],
[36m(MegatronTrainRayActor pid=77855)[0m           [13.0564],
[36m(MegatronTrainRayActor pid=77855)[0m           [12.5561]]]], device='cuda:0'), tensor([[[[-7.1484e-01, -9.4531e-01,  1.9727e-01,  ..., -1.6641e+00,
[36m(MegatronTrainRayActor pid=77855)[0m            -4.2578e-01,  1.9219e+00],
[36m(MegatronTrainRayActor pid=77855)[0m           [-7.1411e-03, -1.4844e+00, -1.4609e+00,  ..., -1.5918e-01,
[36m(MegatronTrainRayActor pid=77855)[0m             7.6953e-01, -1.3594e+00],
[36m(MegatronTrainRayActor pid=77855)[0m           [-2.7031e+00, -2.3594e+00,  2.5781e+00,  ...,  8.3594e-01,
[36m(MegatronTrainRayActor pid=77855)[0m             1.5078e+00,  2.2656e+00],
[36m(MegatronTrainRayActor pid=77855)[0m           ...,
[36m(MegatronTrainRayActor pid=77855)[0m           [ 3.1055e-01,  6.3281e-01, -7.8516e-01,  ...,  7.0703e-01,
[36m(MegatronTrainRayActor pid=77855)[0m             1.3438e+00,  2.8906e+00],
[36m(MegatronTrainRayActor pid=77855)[0m           [-1.3574e-01, -1.7500e+00, -2.2500e+00,  ..., -3.1250e+00,
[36m(MegatronTrainRayActor pid=77855)[0m             9.0625e-01,  2.0469e+00],
[36m(MegatronTrainRayActor pid=77855)[0m           [-8.7402e-02, -7.9297e-01,  9.8828e-01,  ...,  1.1641e+00,
[36m(MegatronTrainRayActor pid=77855)[0m             3.4375e-01,  2.0996e-01]]],
[36m(MegatronTrainRayActor pid=77855)[0m 
[36m(MegatronTrainRayActor pid=77855)[0m 
[36m(MegatronTrainRayActor pid=77855)[0m         [[[-1.0859e+00, -1.8594e+00,  1.8984e+00,  ...,  2.6875e+00,
[36m(MegatronTrainRayActor pid=77855)[0m             9.8828e-01,  1.4141e+00],
[36m(MegatronTrainRayActor pid=77855)[0m           [-7.9102e-02, -2.0000e+00, -1.5625e+00,  ..., -1.5137e-01,
[36m(MegatronTrainRayActor pid=77855)[0m            -8.5547e-01, -6.1768e-02],
[36m(MegatronTrainRayActor pid=77855)[0m           [-6.0938e-01,  4.8047e-01,  1.6172e+00,  ...,  3.6406e+00,
[36m(MegatronTrainRayActor pid=77855)[0m             9.7266e-01, -4.2188e+00],
[36m(MegatronTrainRayActor pid=77855)[0m           ...,
[36m(MegatronTrainRayActor pid=77855)[0m           [-2.5195e-01,  1.5078e+00, -1.0303e-01,  ...,  4.0430e-01,
[36m(MegatronTrainRayActor pid=77855)[0m            -7.5391e-01, -3.7031e+00],
[36m(MegatronTrainRayActor pid=77855)[0m           [ 1.6724e-02,  7.8906e-01,  1.8125e+00,  ..., -1.5625e+00,
[36m(MegatronTrainRayActor pid=77855)[0m            -5.8594e-01,  1.6094e+00],
[36m(MegatronTrainRayActor pid=77855)[0m           [ 3.2227e-02,  1.0000e+00,  3.5156e+00,  ..., -4.9023e-01,
[36m(MegatronTrainRayActor pid=77855)[0m            -3.0273e-01,  3.6469e-03]]],
[36m(MegatronTrainRayActor pid=77855)[0m 
[36m(MegatronTrainRayActor pid=77855)[0m 
[36m(MegatronTrainRayActor pid=77855)[0m         [[[-2.5781e+00,  1.1797e+00,  5.5664e-02,  ...,  2.4844e+00,
[36m(MegatronTrainRayActor pid=77855)[0m            -2.5469e+00,  2.6562e+00],
[36m(MegatronTrainRayActor pid=77855)[0m           [-3.1250e+00,  2.3125e+00, -8.0859e-01,  ..., -3.3438e+00,
[36m(MegatronTrainRayActor pid=77855)[0m            -2.1719e+00, -1.3516e+00],
[36m(MegatronTrainRayActor pid=77855)[0m           [-7.0703e-01,  8.2812e-01,  1.6719e+00,  ..., -1.4297e+00,
[36m(MegatronTrainRayActor pid=77855)[0m             3.1641e-01, -5.9766e-01],
[36m(MegatronTrainRayActor pid=77855)[0m           ...,
[36m(MegatronTrainRayActor pid=77855)[0m           [-5.3516e-01,  4.6484e-01, -1.4531e+00,  ...,  8.2812e-01,
[36m(MegatronTrainRayActor pid=77855)[0m             9.1797e-01, -3.9307e-02],
[36m(MegatronTrainRayActor pid=77855)[0m           [ 3.1250e+00,  4.0625e-01, -2.4531e+00,  ...,  1.3438e+00,
[36m(MegatronTrainRayActor pid=77855)[0m             1.2188e+00,  1.3516e+00],
[36m(MegatronTrainRayActor pid=77855)[0m           [ 8.9453e-01,  1.5312e+00, -1.5156e+00,  ...,  1.4766e+00,
[36m(MegatronTrainRayActor pid=77855)[0m             2.4375e+00,  3.9062e+00]]],
[36m(MegatronTrainRayActor pid=77855)[0m 
[36m(MegatronTrainRayActor pid=77855)[0m 
[36m(MegatronTrainRayActor pid=77855)[0m         ...,
[36m(MegatronTrainRayActor pid=77855)[0m 
[36m(MegatronTrainRayActor pid=77855)[0m 
[36m(MegatronTrainRayActor pid=77855)[0m         [[[ 2.2363e-01,  4.1562e+00,  2.3047e-01,  ..., -2.3438e+00,
[36m(MegatronTrainRayActor pid=77855)[0m            -6.7969e-01,  6.4062e-01],
[36m(MegatronTrainRayActor pid=77855)[0m           [-2.5781e-01, -5.4688e-01,  7.1484e-01,  ...,  8.2031e-01,
[36m(MegatronTrainRayActor pid=77855)[0m             4.6875e+00, -2.0625e+00],
[36m(MegatronTrainRayActor pid=77855)[0m           [ 2.9102e-01,  1.3438e+00,  8.2812e-01,  ..., -1.9922e-01,
[36m(MegatronTrainRayActor pid=77855)[0m             1.3516e+00, -4.7656e-01],
[36m(MegatronTrainRayActor pid=77855)[0m           ...,
[36m(MegatronTrainRayActor pid=77855)[0m           [ 2.7188e+00, -9.6484e-01, -4.7500e+00,  ..., -4.2500e+00,
[36m(MegatronTrainRayActor pid=77855)[0m             2.6250e+00, -1.4297e+00],
[36m(MegatronTrainRayActor pid=77855)[0m           [-2.2812e+00,  1.6641e+00,  2.6094e+00,  ...,  4.9023e-01,
[36m(MegatronTrainRayActor pid=77855)[0m             1.1250e+00, -3.4375e+00],
[36m(MegatronTrainRayActor pid=77855)[0m           [ 3.8125e+00, -2.1719e+00,  2.7031e+00,  ..., -1.7188e+00,
[36m(MegatronTrainRayActor pid=77855)[0m            -5.0000e-01, -1.2578e+00]]],
[36m(MegatronTrainRayActor pid=77855)[0m 
[36m(MegatronTrainRayActor pid=77855)[0m 
[36m(MegatronTrainRayActor pid=77855)[0m         [[[ 8.1641e-01, -1.5000e+00,  1.3359e+00,  ..., -1.5234e+00,
[36m(MegatronTrainRayActor pid=77855)[0m            -8.8281e-01,  2.0000e+00],
[36m(MegatronTrainRayActor pid=77855)[0m           [ 5.2734e-01, -1.6484e+00, -1.8921e-02,  ...,  9.6094e-01,
[36m(MegatronTrainRayActor pid=77855)[0m            -1.0469e+00,  1.1953e+00],
[36m(MegatronTrainRayActor pid=77855)[0m           [-1.8906e+00,  3.2227e-01, -2.3906e+00,  ..., -2.4688e+00,
[36m(MegatronTrainRayActor pid=77855)[0m             1.2422e+00,  1.5625e-02],
[36m(MegatronTrainRayActor pid=77855)[0m           ...,
[36m(MegatronTrainRayActor pid=77855)[0m           [ 1.8906e+00,  2.3594e+00,  2.2031e+00,  ..., -3.1836e-01,
[36m(MegatronTrainRayActor pid=77855)[0m            -5.2734e-01,  4.9414e-01],
[36m(MegatronTrainRayActor pid=77855)[0m           [ 1.4688e+00,  2.2344e+00, -2.5586e-01,  ..., -1.2891e+00,
[36m(MegatronTrainRayActor pid=77855)[0m             3.2188e+00,  1.2109e+00],
[36m(MegatronTrainRayActor pid=77855)[0m           [ 1.5391e+00, -1.2188e+00,  9.5703e-02,  ..., -5.4297e-01,
[36m(MegatronTrainRayActor pid=77855)[0m            -3.6406e+00,  2.9219e+00]]],
[36m(MegatronTrainRayActor pid=77855)[0m 
[36m(MegatronTrainRayActor pid=77855)[0m 
[36m(MegatronTrainRayActor pid=77855)[0m         [[[-9.4922e-01,  1.6719e+00, -7.9297e-01,  ...,  4.5508e-01,
[36m(MegatronTrainRayActor pid=77855)[0m             2.0000e+00, -1.6113e-01],
[36m(MegatronTrainRayActor pid=77855)[0m           [ 3.0625e+00, -2.4062e+00,  1.2109e+00,  ...,  8.6719e-01,
[36m(MegatronTrainRayActor pid=77855)[0m             8.3984e-02,  2.0625e+00],
[36m(MegatronTrainRayActor pid=77855)[0m           [ 4.3945e-01, -8.9453e-01,  1.1328e+00,  ..., -1.2969e+00,
[36m(MegatronTrainRayActor pid=77855)[0m             9.3750e-01, -1.5078e+00],
[36m(MegatronTrainRayActor pid=77855)[0m           ...,
[36m(MegatronTrainRayActor pid=77855)[0m           [ 2.4688e+00,  7.1484e-01, -2.1250e+00,  ..., -1.5938e+00,
[36m(MegatronTrainRayActor pid=77855)[0m             2.4844e+00,  8.3984e-01],
[36m(MegatronTrainRayActor pid=77855)[0m           [-1.7109e+00,  3.4570e-01, -8.5156e-01,  ...,  5.3906e-01,
[36m(MegatronTrainRayActor pid=77855)[0m             4.1797e-01, -2.2344e+00],
[36m(MegatronTrainRayActor pid=77855)[0m           [ 4.6680e-01,  7.2266e-01, -1.3516e+00,  ...,  1.3281e+00,
[36m(MegatronTrainRayActor pid=77855)[0m             2.9844e+00, -2.1406e+00]]]], device='cuda:0', dtype=torch.bfloat16), tensor([[[[0., 0., 0.,  ..., 0., 0., 0.]]],
[36m(MegatronTrainRayActor pid=77855)[0m 
[36m(MegatronTrainRayActor pid=77855)[0m 
[36m(MegatronTrainRayActor pid=77855)[0m         [[[0., 0., 0.,  ..., 0., 0., 0.]]],
[36m(MegatronTrainRayActor pid=77855)[0m 
[36m(MegatronTrainRayActor pid=77855)[0m 
[36m(MegatronTrainRayActor pid=77855)[0m         [[[0., 0., 0.,  ..., 0., 0., 0.]]],
[36m(MegatronTrainRayActor pid=77855)[0m 
[36m(MegatronTrainRayActor pid=77855)[0m 
[36m(MegatronTrainRayActor pid=77855)[0m         ...,
[36m(MegatronTrainRayActor pid=77855)[0m 
[36m(MegatronTrainRayActor pid=77855)[0m 
[36m(MegatronTrainRayActor pid=77855)[0m         [[[0., 0., 0.,  ..., 0., 0., 0.]]],
[36m(MegatronTrainRayActor pid=77855)[0m 
[36m(MegatronTrainRayActor pid=77855)[0m 
[36m(MegatronTrainRayActor pid=77855)[0m         [[[0., 0., 0.,  ..., 0., 0., 0.]]],
[36m(MegatronTrainRayActor pid=77855)[0m 
[36m(MegatronTrainRayActor pid=77855)[0m 
[36m(MegatronTrainRayActor pid=77855)[0m         [[[0., 0., 0.,  ..., 0., 0., 0.]]]], device='cuda:0',
[36m(MegatronTrainRayActor pid=77855)[0m        dtype=torch.bfloat16), tensor([[[[-0.0000e+00, -0.0000e+00,  0.0000e+00,  ..., -0.0000e+00,
[36m(MegatronTrainRayActor pid=77855)[0m            -0.0000e+00,  0.0000e+00]]],
[36m(MegatronTrainRayActor pid=77855)[0m 
[36m(MegatronTrainRayActor pid=77855)[0m 
[36m(MegatronTrainRayActor pid=77855)[0m         [[[ 0.0000e+00,  0.0000e+00,  0.0000e+00,  ...,  0.0000e+00,
[36m(MegatronTrainRayActor pid=77855)[0m            -0.0000e+00, -0.0000e+00]]],
[36m(MegatronTrainRayActor pid=77855)[0m 
[36m(MegatronTrainRayActor pid=77855)[0m 
[36m(MegatronTrainRayActor pid=77855)[0m         [[[-0.0000e+00,  0.0000e+00, -0.0000e+00,  ...,  0.0000e+00,
[36m(MegatronTrainRayActor pid=77855)[0m            -0.0000e+00, -0.0000e+00]]],
[36m(MegatronTrainRayActor pid=77855)[0m 
[36m(MegatronTrainRayActor pid=77855)[0m 
[36m(MegatronTrainRayActor pid=77855)[0m         ...,
[36m(MegatronTrainRayActor pid=77855)[0m 
[36m(MegatronTrainRayActor pid=77855)[0m 
[36m(MegatronTrainRayActor pid=77855)[0m         [[[ 3.5527e-12,  3.7971e-11,  6.1107e-12,  ..., -6.9122e-11,
[36m(MegatronTrainRayActor pid=77855)[0m             2.2169e-11, -5.1159e-12]]],
[36m(MegatronTrainRayActor pid=77855)[0m 
[36m(MegatronTrainRayActor pid=77855)[0m 
[36m(MegatronTrainRayActor pid=77855)[0m         [[[ 1.4552e-10,  1.2096e-10, -1.3642e-11,  ..., -1.0516e-11,
[36m(MegatronTrainRayActor pid=77855)[0m             3.1469e-10,  4.9795e-11]]],
[36m(MegatronTrainRayActor pid=77855)[0m 
[36m(MegatronTrainRayActor pid=77855)[0m 
[36m(MegatronTrainRayActor pid=77855)[0m         [[[-4.2746e-10, -5.6389e-10, -5.2012e-12,  ..., -3.1605e-11,
[36m(MegatronTrainRayActor pid=77855)[0m            -4.1211e-12, -1.0823e-10]]]], device='cuda:0', dtype=torch.bfloat16), tensor([  0, 512], device='cuda:0', dtype=torch.int32), tensor([  0, 512], device='cuda:0', dtype=torch.int32), 512, 512, 0.0, 0.0625, False, True, None, tensor([3952, 9700], device='cuda:0')
[36m(MegatronTrainRayActor pid=78095)[0m [2026-07-28 10:40:44.631 actor_cell0_rank2] structured_log.py:27 - ft cls=MegatronTrainRayActor fn=compute_log_prob phase=end ok=true elapsed_s=20.6[32m [repeated 7x across cluster][0m
[36m(MegatronTrainRayActor pid=78095)[0m [2026-07-28 10:40:44.633 actor_cell0_rank2] log_utils.py:42 - ft op=cross_cell phase=start kind=log_gather rank=1[32m [repeated 3x across cluster][0m
[36m(MegatronTrainRayActor pid=78095)[0m [2026-07-28 10:40:44.635 actor_cell0_rank2] log_utils.py:48 - ft op=cross_cell phase=end kind=log_gather rank=1 success=true[32m [repeated 3x across cluster][0m
[36m(MegatronTrainRayActor pid=78094)[0m /root/andy-miles/miles/backends/training_utils/loss.py:179: UserWarning: To copy construct from a tensor, it is recommended to use sourceTensor.detach().clone() or sourceTensor.detach().clone().requires_grad_(True), rather than torch.tensor(sourceTensor).[32m [repeated 7x across cluster][0m
[36m(MegatronTrainRayActor pid=78094)[0m   torch.tensor(num_tokens if args.calculate_per_token_loss else 1, device=logits.device),[32m [repeated 7x across cluster][0m
[36m(MegatronTrainRayActor pid=78091)[0m     custom_backward(output_tensor[0], output_tensor_grad[0])
[36m(MegatronTrainRayActor pid=78091)[0m 
[36m(MegatronTrainRayActor pid=78091)[0m 
[36m(MegatronTrainRayActor pid=78091)[0m 
[36m(MegatronTrainRayActor pid=78091)[0m 
[36m(MegatronTrainRayActor pid=78091)[0m 
[36m(MegatronTrainRayActor pid=78091)[0m 
[36m(MegatronTrainRayActor pid=78091)[0m 
[36m(MegatronTrainRayActor pid=78091)[0m 
[36m(MegatronTrainRayActor pid=78091)[0m 
[36m(MegatronTrainRayActor pid=78091)[0m 
[36m(MegatronTrainRayActor pid=78091)[0m 
[36m(MegatronTrainRayActor pid=78091)[0m 
[36m(MegatronTrainRayActor pid=78091)[0m 
[36m(MegatronTrainRayActor pid=78091)[0m        dtype=torch.bfloat16), tensor([[[[ 1.3516,  1.1641,  2.1250,  ..., -0.8945, -1.2188,  2.3438],
[36m(MegatronTrainRayActor pid=78091)[0m 
[36m(MegatronTrainRayActor pid=78091)[0m 
[36m(MegatronTrainRayActor pid=78091)[0m 
[36m(MegatronTrainRayActor pid=78091)[0m 
[36m(MegatronTrainRayActor pid=78091)[0m 
[36m(MegatronTrainRayActor pid=78091)[0m 
[36m(MegatronTrainRayActor pid=78091)[0m 
[36m(MegatronTrainRayActor pid=78091)[0m 
[36m(MegatronTrainRayActor pid=78091)[0m 
[36m(MegatronTrainRayActor pid=78091)[0m 
[36m(MegatronTrainRayActor pid=78091)[0m 
[36m(MegatronTrainRayActor pid=78091)[0m 
[36m(MegatronTrainRayActor pid=78091)[0m 
[36m(MegatronTrainRayActor pid=78091)[0m 
[36m(MegatronTrainRayActor pid=78091)[0m 
[36m(MegatronTrainRayActor pid=78091)[0m 
[36m(MegatronTrainRayActor pid=78091)[0m 
[36m(MegatronTrainRayActor pid=78091)[0m 
[36m(MegatronTrainRayActor pid=78091)[0m 
[36m(MegatronTrainRayActor pid=78091)[0m 
[36m(MegatronTrainRayActor pid=78091)[0m 
[36m(MegatronTrainRayActor pid=78091)[0m 
[36m(MegatronTrainRayActor pid=78091)[0m 
[36m(MegatronTrainRayActor pid=78091)[0m 
[36m(MegatronTrainRayActor pid=78091)[0m 
[36m(MegatronTrainRayActor pid=78091)[0m 
[36m(MegatronTrainRayActor pid=78091)[0m 
[36m(MegatronTrainRayActor pid=78091)[0m 
[36m(MegatronTrainRayActor pid=78091)[0m 
[36m(MegatronTrainRayActor pid=78091)[0m 
[36m(MegatronTrainRayActor pid=78091)[0m 
[36m(MegatronTrainRayActor pid=78091)[0m 
[36m(MegatronTrainRayActor pid=78091)[0m 
[36m(MegatronTrainRayActor pid=78091)[0m 
[36m(MegatronTrainRayActor pid=78091)[0m 
[36m(MegatronTrainRayActor pid=78091)[0m 
[36m(MegatronTrainRayActor pid=78091)[0m 
[36m(MegatronTrainRayActor pid=78091)[0m 
[36m(MegatronTrainRayActor pid=78091)[0m 
[36m(MegatronTrainRayActor pid=78091)[0m 
[36m(MegatronTrainRayActor pid=78091)[0m 
[36m(MegatronTrainRayActor pid=78091)[0m 
[36m(MegatronTrainRayActor pid=78091)[0m 
[36m(MegatronTrainRayActor pid=78091)[0m 
[36m(MegatronTrainRayActor pid=78091)[0m 
[36m(MegatronTrainRayActor pid=78091)[0m 
[36m(MegatronTrainRayActor pid=78091)[0m 
[36m(MegatronTrainRayActor pid=78091)[0m 
[36m(MegatronTrainRayActor pid=78091)[0m           [13.5110],
[36m(MegatronTrainRayActor pid=78091)[0m           [13.2306],
[36m(MegatronTrainRayActor pid=78091)[0m           [13.7055]],
[36m(MegatronTrainRayActor pid=78091)[0m 
[36m(MegatronTrainRayActor pid=78091)[0m          [[-1.4506],
[36m(MegatronTrainRayActor pid=78091)[0m           [-0.7438],
[36m(MegatronTrainRayActor pid=78091)[0m           [13.3086],
[36m(MegatronTrainRayActor pid=78091)[0m           [11.6929],
[36m(MegatronTrainRayActor pid=78091)[0m           [12.9470]],
[36m(MegatronTrainRayActor pid=78091)[0m 
[36m(MegatronTrainRayActor pid=78091)[0m           [-0.1147],
[36m(MegatronTrainRayActor pid=78091)[0m           [14.5878],
[36m(MegatronTrainRayActor pid=78091)[0m           [13.4337],
[36m(MegatronTrainRayActor pid=78091)[0m           [12.9580]],
[36m(MegatronTrainRayActor pid=78091)[0m 
[36m(MegatronTrainRayActor pid=78091)[0m 
[36m(MegatronTrainRayActor pid=78091)[0m           [12.4688],
[36m(MegatronTrainRayActor pid=78091)[0m           [12.0309],
[36m(MegatronTrainRayActor pid=78091)[0m           [12.4617]],
[36m(MegatronTrainRayActor pid=78091)[0m 
[36m(MegatronTrainRayActor pid=78091)[0m           [11.7123],
[36m(MegatronTrainRayActor pid=78091)[0m           [14.0163],
[36m(MegatronTrainRayActor pid=78091)[0m           [13.4004]],
[36m(MegatronTrainRayActor pid=78091)[0m 
[36m(MegatronTrainRayActor pid=78091)[0m           [13.2865],
[36m(MegatronTrainRayActor pid=78091)[0m           [11.6775],
[36m(MegatronTrainRayActor pid=78091)[0m           [10.6549]]]], device='cuda:1'), tensor([[[[ 1.2344,  1.0625,  1.9297,  ..., -0.8164, -1.1094,  2.1406],
[36m(MegatronTrainRayActor pid=78091)[0m 
[36m(MegatronTrainRayActor pid=78091)[0m 
[36m(MegatronTrainRayActor pid=78091)[0m 
[36m(MegatronTrainRayActor pid=78091)[0m 
[36m(MegatronTrainRayActor pid=78091)[0m 
[36m(MegatronTrainRayActor pid=78091)[0m 
[36m(MegatronTrainRayActor pid=78091)[0m 
[36m(MegatronTrainRayActor pid=78091)[0m 
[36m(MegatronTrainRayActor pid=78091)[0m 
[36m(MegatronTrainRayActor pid=78091)[0m 
[36m(MegatronTrainRayActor pid=78091)[0m 
[36m(MegatronTrainRayActor pid=78091)[0m 
[36m(MegatronTrainRayActor pid=78091)[0m            0.0000e+00, 0.0000e+00]]],
[36m(MegatronTrainRayActor pid=78091)[0m 
[36m(MegatronTrainRayActor pid=78091)[0m 
[36m(MegatronTrainRayActor pid=78091)[0m            0.0000e+00, 0.0000e+00]]],
[36m(MegatronTrainRayActor pid=78091)[0m 
[36m(MegatronTrainRayActor pid=78091)[0m 
[36m(MegatronTrainRayActor pid=78091)[0m            0.0000e+00, 0.0000e+00]]],
[36m(MegatronTrainRayActor pid=78091)[0m 
[36m(MegatronTrainRayActor pid=78091)[0m 
[36m(MegatronTrainRayActor pid=78091)[0m 
[36m(MegatronTrainRayActor pid=78091)[0m 
[36m(MegatronTrainRayActor pid=78091)[0m            0.0000e+00, 0.0000e+00]]],
[36m(MegatronTrainRayActor pid=78091)[0m 
[36m(MegatronTrainRayActor pid=78091)[0m 
[36m(MegatronTrainRayActor pid=78091)[0m            9.1835e-41, 0.0000e+00]]],
[36m(MegatronTrainRayActor pid=78091)[0m 
[36m(MegatronTrainRayActor pid=78091)[0m 
[36m(MegatronTrainRayActor pid=78091)[0m            0.0000e+00, 0.0000e+00]]]], device='cuda:1', dtype=torch.bfloat16), tensor([[[[ 0.0000e+00, -0.0000e+00,  0.0000e+00,  ...,  0.0000e+00,
[36m(MegatronTrainRayActor pid=78091)[0m             0.0000e+00, -0.0000e+00]]],
[36m(MegatronTrainRayActor pid=78091)[0m 
[36m(MegatronTrainRayActor pid=78091)[0m 
[36m(MegatronTrainRayActor pid=78091)[0m            -0.0000e+00, -0.0000e+00]]],
[36m(MegatronTrainRayActor pid=78091)[0m 
[36m(MegatronTrainRayActor pid=78091)[0m 
[36m(MegatronTrainRayActor pid=78091)[0m             0.0000e+00,  0.0000e+00]]],
[36m(MegatronTrainRayActor pid=78091)[0m 
[36m(MegatronTrainRayActor pid=78091)[0m 
[36m(MegatronTrainRayActor pid=78091)[0m 
[36m(MegatronTrainRayActor pid=78091)[0m 
[36m(MegatronTrainRayActor pid=78091)[0m            -2.2828e-10, -3.8199e-11]]],
[36m(MegatronTrainRayActor pid=78091)[0m 
[36m(MegatronTrainRayActor pid=78091)[0m 
[36m(MegatronTrainRayActor pid=78091)[0m            -2.8876e-11, -3.4561e-10]]],
[36m(MegatronTrainRayActor pid=78091)[0m 
[36m(MegatronTrainRayActor pid=78091)[0m 
[36m(MegatronTrainRayActor pid=78091)[0m     custom_backward(output_tensor[0], output_tensor_grad[0])
[36m(MegatronTrainRayActor pid=78091)[0m 
[36m(MegatronTrainRayActor pid=78091)[0m 
[36m(MegatronTrainRayActor pid=78091)[0m 
[36m(MegatronTrainRayActor pid=78091)[0m 
[36m(MegatronTrainRayActor pid=78091)[0m 
[36m(MegatronTrainRayActor pid=78091)[0m 
[36m(MegatronTrainRayActor pid=78091)[0m 
[36m(MegatronTrainRayActor pid=78091)[0m 
[36m(MegatronTrainRayActor pid=78091)[0m 
[36m(MegatronTrainRayActor pid=78091)[0m 
[36m(MegatronTrainRayActor pid=78091)[0m 
[36m(MegatronTrainRayActor pid=78091)[0m 
[36m(MegatronTrainRayActor pid=78091)[0m 
[36m(MegatronTrainRayActor pid=78091)[0m        dtype=torch.bfloat16), tensor([[[[ 1.3516,  1.1641,  2.1250,  ..., -0.8945, -1.2188,  2.3438],
[36m(MegatronTrainRayActor pid=78091)[0m 
[36m(MegatronTrainRayActor pid=78091)[0m 
[36m(MegatronTrainRayActor pid=78091)[0m 
[36m(MegatronTrainRayActor pid=78091)[0m 
[36m(MegatronTrainRayActor pid=78091)[0m 
[36m(MegatronTrainRayActor pid=78091)[0m 
[36m(MegatronTrainRayActor pid=78091)[0m 
[36m(MegatronTrainRayActor pid=78091)[0m 
[36m(MegatronTrainRayActor pid=78091)[0m 
[36m(MegatronTrainRayActor pid=78091)[0m 
[36m(MegatronTrainRayActor pid=78091)[0m 
[36m(MegatronTrainRayActor pid=78091)[0m 
[36m(MegatronTrainRayActor pid=78091)[0m 
[36m(MegatronTrainRayActor pid=78091)[0m 
[36m(MegatronTrainRayActor pid=78091)[0m 
[36m(MegatronTrainRayActor pid=78091)[0m 
[36m(MegatronTrainRayActor pid=78091)[0m 
[36m(MegatronTrainRayActor pid=78091)[0m 
[36m(MegatronTrainRayActor pid=78091)[0m 
[36m(MegatronTrainRayActor pid=78091)[0m 
[36m(MegatronTrainRayActor pid=78091)[0m 
[36m(MegatronTrainRayActor pid=78091)[0m 
[36m(MegatronTrainRayActor pid=78091)[0m 
[36m(MegatronTrainRayActor pid=78091)[0m 
[36m(MegatronTrainRayActor pid=78091)[0m 
[36m(MegatronTrainRayActor pid=78091)[0m 
[36m(MegatronTrainRayActor pid=78091)[0m 
[36m(MegatronTrainRayActor pid=78091)[0m 
[36m(MegatronTrainRayActor pid=78091)[0m 
[36m(MegatronTrainRayActor pid=78091)[0m 
[36m(MegatronTrainRayActor pid=78091)[0m 
[36m(MegatronTrainRayActor pid=78091)[0m 
[36m(MegatronTrainRayActor pid=78091)[0m 
[36m(MegatronTrainRayActor pid=78091)[0m 
[36m(MegatronTrainRayActor pid=78091)[0m 
[36m(MegatronTrainRayActor pid=78091)[0m 
[36m(MegatronTrainRayActor pid=78091)[0m 
[36m(MegatronTrainRayActor pid=78091)[0m 
[36m(MegatronTrainRayActor pid=78091)[0m 
[36m(MegatronTrainRayActor pid=78091)[0m 
[36m(MegatronTrainRayActor pid=78091)[0m 
[36m(MegatronTrainRayActor pid=78091)[0m 
[36m(MegatronTrainRayActor pid=78091)[0m 
[36m(MegatronTrainRayActor pid=78091)[0m 
[36m(MegatronTrainRayActor pid=78091)[0m 
[36m(MegatronTrainRayActor pid=78091)[0m 
[36m(MegatronTrainRayActor pid=78091)[0m 
[36m(MegatronTrainRayActor pid=78091)[0m 
[36m(MegatronTrainRayActor pid=78091)[0m           [13.5110],
[36m(MegatronTrainRayActor pid=78091)[0m           [13.2306],
[36m(MegatronTrainRayActor pid=78091)[0m           [13.7055]],
[36m(MegatronTrainRayActor pid=78091)[0m 
[36m(MegatronTrainRayActor pid=78091)[0m          [[-1.4506],
[36m(MegatronTrainRayActor pid=78091)[0m           [-0.7438],
[36m(MegatronTrainRayActor pid=78091)[0m           [13.3086],
[36m(MegatronTrainRayActor pid=78091)[0m           [11.6929],
[36m(MegatronTrainRayActor pid=78091)[0m           [12.9470]],
[36m(MegatronTrainRayActor pid=78091)[0m 
[36m(MegatronTrainRayActor pid=78091)[0m           [-0.1147],
[36m(MegatronTrainRayActor pid=78091)[0m           [14.5878],
[36m(MegatronTrainRayActor pid=78091)[0m           [13.4337],
[36m(MegatronTrainRayActor pid=78091)[0m           [12.9580]],
[36m(MegatronTrainRayActor pid=78091)[0m 
[36m(MegatronTrainRayActor pid=78091)[0m 
[36m(MegatronTrainRayActor pid=78091)[0m           [12.4688],
[36m(MegatronTrainRayActor pid=78091)[0m           [12.0309],
[36m(MegatronTrainRayActor pid=78091)[0m           [12.4617]],
[36m(MegatronTrainRayActor pid=78091)[0m 
[36m(MegatronTrainRayActor pid=78091)[0m           [11.7123],
[36m(MegatronTrainRayActor pid=78091)[0m           [14.0163],
[36m(MegatronTrainRayActor pid=78091)[0m           [13.4004]],
[36m(MegatronTrainRayActor pid=78091)[0m 
[36m(MegatronTrainRayActor pid=78091)[0m           [13.2865],
[36m(MegatronTrainRayActor pid=78091)[0m           [11.6775],
[36m(MegatronTrainRayActor pid=78091)[0m           [10.6549]]]], device='cuda:1'), tensor([[[[ 1.2344,  1.0625,  1.9297,  ..., -0.8164, -1.1094,  2.1406],
[36m(MegatronTrainRayActor pid=78091)[0m 
[36m(MegatronTrainRayActor pid=78091)[0m 
[36m(MegatronTrainRayActor pid=78091)[0m 
[36m(MegatronTrainRayActor pid=78091)[0m 
[36m(MegatronTrainRayActor pid=78091)[0m 
[36m(MegatronTrainRayActor pid=78091)[0m 
[36m(MegatronTrainRayActor pid=78091)[0m 
[36m(MegatronTrainRayActor pid=78091)[0m 
[36m(MegatronTrainRayActor pid=78091)[0m 
[36m(MegatronTrainRayActor pid=78091)[0m 
[36m(MegatronTrainRayActor pid=78091)[0m 
[36m(MegatronTrainRayActor pid=78091)[0m 
[36m(MegatronTrainRayActor pid=78091)[0m            0.0000e+00, 0.0000e+00]]],
[36m(MegatronTrainRayActor pid=78091)[0m 
[36m(MegatronTrainRayActor pid=78091)[0m 
[36m(MegatronTrainRayActor pid=78091)[0m            0.0000e+00, 0.0000e+00]]],
[36m(MegatronTrainRayActor pid=78091)[0m 
[36m(MegatronTrainRayActor pid=78091)[0m 
[36m(MegatronTrainRayActor pid=78091)[0m            0.0000e+00, 0.0000e+00]]],
[36m(MegatronTrainRayActor pid=78091)[0m 
[36m(MegatronTrainRayActor pid=78091)[0m 
[36m(MegatronTrainRayActor pid=78091)[0m 
[36m(MegatronTrainRayActor pid=78091)[0m 
[36m(MegatronTrainRayActor pid=78091)[0m            0.0000e+00, 0.0000e+00]]],
[36m(MegatronTrainRayActor pid=78091)[0m 
[36m(MegatronTrainRayActor pid=78091)[0m 
[36m(MegatronTrainRayActor pid=78091)[0m            9.1835e-41, 0.0000e+00]]],
[36m(MegatronTrainRayActor pid=78091)[0m 
[36m(MegatronTrainRayActor pid=78091)[0m 
[36m(MegatronTrainRayActor pid=78091)[0m            0.0000e+00, 0.0000e+00]]]], device='cuda:1', dtype=torch.bfloat16), tensor([[[[ 0.0000e+00, -0.0000e+00,  0.0000e+00,  ...,  0.0000e+00,
[36m(MegatronTrainRayActor pid=78091)[0m             0.0000e+00, -0.0000e+00]]],
[36m(MegatronTrainRayActor pid=78091)[0m 
[36m(MegatronTrainRayActor pid=78091)[0m 
[36m(MegatronTrainRayActor pid=78091)[0m            -0.0000e+00, -0.0000e+00]]],
[36m(MegatronTrainRayActor pid=78091)[0m 
[36m(MegatronTrainRayActor pid=78091)[0m 
[36m(MegatronTrainRayActor pid=78091)[0m             0.0000e+00,  0.0000e+00]]],
[36m(MegatronTrainRayActor pid=78091)[0m 
[36m(MegatronTrainRayActor pid=78091)[0m 
[36m(MegatronTrainRayActor pid=78091)[0m 
[36m(MegatronTrainRayActor pid=78091)[0m 
[36m(MegatronTrainRayActor pid=78091)[0m            -2.2828e-10, -3.8199e-11]]],
[36m(MegatronTrainRayActor pid=78091)[0m 
[36m(MegatronTrainRayActor pid=78091)[0m 
[36m(MegatronTrainRayActor pid=78091)[0m            -2.8876e-11, -3.4561e-10]]],
[36m(MegatronTrainRayActor pid=78091)[0m 
[36m(MegatronTrainRayActor pid=78091)[0m 
[36m(MegatronTrainRayActor pid=78097)[0m     custom_backward(output_tensor[0], output_tensor_grad[0])
[36m(MegatronTrainRayActor pid=78097)[0m 
[36m(MegatronTrainRayActor pid=78097)[0m 
[36m(MegatronTrainRayActor pid=78097)[0m 
[36m(MegatronTrainRayActor pid=78097)[0m 
[36m(MegatronTrainRayActor pid=78097)[0m 
[36m(MegatronTrainRayActor pid=78097)[0m 
[36m(MegatronTrainRayActor pid=78097)[0m 
[36m(MegatronTrainRayActor pid=78097)[0m 
[36m(MegatronTrainRayActor pid=78097)[0m 
[36m(MegatronTrainRayActor pid=78097)[0m 
[36m(MegatronTrainRayActor pid=78097)[0m 
[36m(MegatronTrainRayActor pid=78097)[0m 
[36m(MegatronTrainRayActor pid=78097)[0m 
[36m(MegatronTrainRayActor pid=78097)[0m 
[36m(MegatronTrainRayActor pid=78097)[0m 
[36m(MegatronTrainRayActor pid=78097)[0m 
[36m(MegatronTrainRayActor pid=78097)[0m 
[36m(MegatronTrainRayActor pid=78097)[0m 
[36m(MegatronTrainRayActor pid=78097)[0m 
[36m(MegatronTrainRayActor pid=78097)[0m 
[36m(MegatronTrainRayActor pid=78097)[0m 
[36m(MegatronTrainRayActor pid=78097)[0m 
[36m(MegatronTrainRayActor pid=78097)[0m 
[36m(MegatronTrainRayActor pid=78097)[0m 
[36m(MegatronTrainRayActor pid=78097)[0m 
[36m(MegatronTrainRayActor pid=78097)[0m 
[36m(MegatronTrainRayActor pid=78097)[0m 
[36m(MegatronTrainRayActor pid=78097)[0m 
[36m(MegatronTrainRayActor pid=78097)[0m 
[36m(MegatronTrainRayActor pid=78097)[0m 
[36m(MegatronTrainRayActor pid=78097)[0m 
[36m(MegatronTrainRayActor pid=78097)[0m 
[36m(MegatronTrainRayActor pid=78097)[0m 
[36m(MegatronTrainRayActor pid=78097)[0m 
[36m(MegatronTrainRayActor pid=78097)[0m 
[36m(MegatronTrainRayActor pid=78097)[0m 
[36m(MegatronTrainRayActor pid=78097)[0m 
[36m(MegatronTrainRayActor pid=78097)[0m 
[36m(MegatronTrainRayActor pid=78097)[0m 
[36m(MegatronTrainRayActor pid=78097)[0m 
[36m(MegatronTrainRayActor pid=78097)[0m 
[36m(MegatronTrainRayActor pid=78097)[0m 
[36m(MegatronTrainRayActor pid=78097)[0m 
[36m(MegatronTrainRayActor pid=78097)[0m 
[36m(MegatronTrainRayActor pid=78097)[0m 
[36m(MegatronTrainRayActor pid=78097)[0m 
[36m(MegatronTrainRayActor pid=78097)[0m 
[36m(MegatronTrainRayActor pid=78097)[0m 
[36m(MegatronTrainRayActor pid=78097)[0m 
[36m(MegatronTrainRayActor pid=78097)[0m 
[36m(MegatronTrainRayActor pid=78097)[0m 
[36m(MegatronTrainRayActor pid=78097)[0m 
[36m(MegatronTrainRayActor pid=78097)[0m 
[36m(MegatronTrainRayActor pid=78097)[0m 
[36m(MegatronTrainRayActor pid=78097)[0m 
[36m(MegatronTrainRayActor pid=78097)[0m 
[36m(MegatronTrainRayActor pid=78097)[0m 
[36m(MegatronTrainRayActor pid=78097)[0m 
[36m(MegatronTrainRayActor pid=78097)[0m 
[36m(MegatronTrainRayActor pid=78097)[0m 
[36m(MegatronTrainRayActor pid=78097)[0m 
[36m(MegatronTrainRayActor pid=78097)[0m           [11.7943],
[36m(MegatronTrainRayActor pid=78097)[0m           [12.3433],
[36m(MegatronTrainRayActor pid=78097)[0m           [15.0196]],
[36m(MegatronTrainRayActor pid=78097)[0m 
[36m(MegatronTrainRayActor pid=78097)[0m          [[-1.4506],
[36m(MegatronTrainRayActor pid=78097)[0m           [-0.7438],
[36m(MegatronTrainRayActor pid=78097)[0m           [12.1489],
[36m(MegatronTrainRayActor pid=78097)[0m           [12.0008],
[36m(MegatronTrainRayActor pid=78097)[0m           [11.2671]],
[36m(MegatronTrainRayActor pid=78097)[0m 
[36m(MegatronTrainRayActor pid=78097)[0m           [-0.1147],
[36m(MegatronTrainRayActor pid=78097)[0m           [13.8762],
[36m(MegatronTrainRayActor pid=78097)[0m           [12.5210],
[36m(MegatronTrainRayActor pid=78097)[0m           [11.8588]],
[36m(MegatronTrainRayActor pid=78097)[0m 
[36m(MegatronTrainRayActor pid=78097)[0m 
[36m(MegatronTrainRayActor pid=78097)[0m           [12.8720],
[36m(MegatronTrainRayActor pid=78097)[0m           [15.7930],
[36m(MegatronTrainRayActor pid=78097)[0m           [12.6088]],
[36m(MegatronTrainRayActor pid=78097)[0m 
[36m(MegatronTrainRayActor pid=78097)[0m           [12.7401],
[36m(MegatronTrainRayActor pid=78097)[0m           [11.4744],
[36m(MegatronTrainRayActor pid=78097)[0m           [11.6615]],
[36m(MegatronTrainRayActor pid=78097)[0m 
[36m(MegatronTrainRayActor pid=78097)[0m           [12.5967],
[36m(MegatronTrainRayActor pid=78097)[0m           [13.0428],
[36m(MegatronTrainRayActor pid=78097)[0m 
[36m(MegatronTrainRayActor pid=78097)[0m 
[36m(MegatronTrainRayActor pid=78097)[0m 
[36m(MegatronTrainRayActor pid=78097)[0m 
[36m(MegatronTrainRayActor pid=78097)[0m 
[36m(MegatronTrainRayActor pid=78097)[0m 
[36m(MegatronTrainRayActor pid=78097)[0m 
[36m(MegatronTrainRayActor pid=78097)[0m 
[36m(MegatronTrainRayActor pid=78097)[0m 
[36m(MegatronTrainRayActor pid=78097)[0m 
[36m(MegatronTrainRayActor pid=78097)[0m 
[36m(MegatronTrainRayActor pid=78097)[0m 
[36m(MegatronTrainRayActor pid=78097)[0m            0.0000e+00, 0.0000e+00]]],
[36m(MegatronTrainRayActor pid=78097)[0m 
[36m(MegatronTrainRayActor pid=78097)[0m 
[36m(MegatronTrainRayActor pid=78097)[0m            0.0000e+00, 0.0000e+00]]],
[36m(MegatronTrainRayActor pid=78097)[0m 
[36m(MegatronTrainRayActor pid=78097)[0m 
[36m(MegatronTrainRayActor pid=78097)[0m            0.0000e+00, 0.0000e+00]]],
[36m(MegatronTrainRayActor pid=78097)[0m 
[36m(MegatronTrainRayActor pid=78097)[0m 
[36m(MegatronTrainRayActor pid=78097)[0m 
[36m(MegatronTrainRayActor pid=78097)[0m 
[36m(MegatronTrainRayActor pid=78097)[0m            0.0000e+00, 0.0000e+00]]],
[36m(MegatronTrainRayActor pid=78097)[0m 
[36m(MegatronTrainRayActor pid=78097)[0m 
[36m(MegatronTrainRayActor pid=78097)[0m            0.0000e+00, 0.0000e+00]]],
[36m(MegatronTrainRayActor pid=78097)[0m 
[36m(MegatronTrainRayActor pid=78097)[0m 
[36m(MegatronTrainRayActor pid=78097)[0m             0.0000e+00, -0.0000e+00]]],
[36m(MegatronTrainRayActor pid=78097)[0m 
[36m(MegatronTrainRayActor pid=78097)[0m 
[36m(MegatronTrainRayActor pid=78097)[0m            -0.0000e+00, -0.0000e+00]]],
[36m(MegatronTrainRayActor pid=78097)[0m 
[36m(MegatronTrainRayActor pid=78097)[0m 
[36m(MegatronTrainRayActor pid=78097)[0m             0.0000e+00,  0.0000e+00]]],
[36m(MegatronTrainRayActor pid=78097)[0m 
[36m(MegatronTrainRayActor pid=78097)[0m 
[36m(MegatronTrainRayActor pid=78097)[0m 
[36m(MegatronTrainRayActor pid=78097)[0m 
[36m(MegatronTrainRayActor pid=78097)[0m             1.6030e-11, -2.0555e-10]]],
[36m(MegatronTrainRayActor pid=78097)[0m 
[36m(MegatronTrainRayActor pid=78097)[0m 
[36m(MegatronTrainRayActor pid=78097)[0m             6.5029e-11, -3.4015e-10]]],
[36m(MegatronTrainRayActor pid=78097)[0m 
[36m(MegatronTrainRayActor pid=78097)[0m 
[36m(MegatronTrainRayActor pid=78097)[0m     custom_backward(output_tensor[0], output_tensor_grad[0])
[36m(MegatronTrainRayActor pid=78097)[0m 
[36m(MegatronTrainRayActor pid=78097)[0m 
[36m(MegatronTrainRayActor pid=78097)[0m 
[36m(MegatronTrainRayActor pid=78097)[0m 
[36m(MegatronTrainRayActor pid=78097)[0m 
[36m(MegatronTrainRayActor pid=78097)[0m 
[36m(MegatronTrainRayActor pid=78097)[0m 
[36m(MegatronTrainRayActor pid=78097)[0m 
[36m(MegatronTrainRayActor pid=78097)[0m 
[36m(MegatronTrainRayActor pid=78097)[0m 
[36m(MegatronTrainRayActor pid=78097)[0m 
[36m(MegatronTrainRayActor pid=78097)[0m 
[36m(MegatronTrainRayActor pid=78097)[0m 
[36m(MegatronTrainRayActor pid=78097)[0m 
[36m(MegatronTrainRayActor pid=78097)[0m 
[36m(MegatronTrainRayActor pid=78097)[0m 
[36m(MegatronTrainRayActor pid=78097)[0m 
[36m(MegatronTrainRayActor pid=78097)[0m 
[36m(MegatronTrainRayActor pid=78097)[0m 
[36m(MegatronTrainRayActor pid=78097)[0m 
[36m(MegatronTrainRayActor pid=78097)[0m 
[36m(MegatronTrainRayActor pid=78097)[0m 
[36m(MegatronTrainRayActor pid=78097)[0m 
[36m(MegatronTrainRayActor pid=78097)[0m 
[36m(MegatronTrainRayActor pid=78097)[0m 
[36m(MegatronTrainRayActor pid=78097)[0m 
[36m(MegatronTrainRayActor pid=78097)[0m 
[36m(MegatronTrainRayActor pid=78097)[0m 
[36m(MegatronTrainRayActor pid=78097)[0m 
[36m(MegatronTrainRayActor pid=78097)[0m 
[36m(MegatronTrainRayActor pid=78097)[0m 
[36m(MegatronTrainRayActor pid=78097)[0m 
[36m(MegatronTrainRayActor pid=78097)[0m 
[36m(MegatronTrainRayActor pid=78097)[0m 
[36m(MegatronTrainRayActor pid=78097)[0m 
[36m(MegatronTrainRayActor pid=78097)[0m 
[36m(MegatronTrainRayActor pid=78097)[0m 
[36m(MegatronTrainRayActor pid=78097)[0m 
[36m(MegatronTrainRayActor pid=78097)[0m 
[36m(MegatronTrainRayActor pid=78097)[0m 
[36m(MegatronTrainRayActor pid=78097)[0m 
[36m(MegatronTrainRayActor pid=78097)[0m 
[36m(MegatronTrainRayActor pid=78097)[0m 
[36m(MegatronTrainRayActor pid=78097)[0m 
[36m(MegatronTrainRayActor pid=78097)[0m 
[36m(MegatronTrainRayActor pid=78097)[0m 
[36m(MegatronTrainRayActor pid=78097)[0m 
[36m(MegatronTrainRayActor pid=78097)[0m 
[36m(MegatronTrainRayActor pid=78097)[0m 
[36m(MegatronTrainRayActor pid=78097)[0m 
[36m(MegatronTrainRayActor pid=78097)[0m 
[36m(MegatronTrainRayActor pid=78097)[0m 
[36m(MegatronTrainRayActor pid=78097)[0m 
[36m(MegatronTrainRayActor pid=78097)[0m 
[36m(MegatronTrainRayActor pid=78097)[0m 
[36m(MegatronTrainRayActor pid=78097)[0m 
[36m(MegatronTrainRayActor pid=78097)[0m 
[36m(MegatronTrainRayActor pid=78097)[0m 
[36m(MegatronTrainRayActor pid=78097)[0m 
[36m(MegatronTrainRayActor pid=78097)[0m 
[36m(MegatronTrainRayActor pid=78097)[0m 
[36m(MegatronTrainRayActor pid=78097)[0m           [11.7943],
[36m(MegatronTrainRayActor pid=78097)[0m           [12.3433],
[36m(MegatronTrainRayActor pid=78097)[0m           [15.0196]],
[36m(MegatronTrainRayActor pid=78097)[0m 
[36m(MegatronTrainRayActor pid=78097)[0m          [[-1.4506],
[36m(MegatronTrainRayActor pid=78097)[0m           [-0.7438],
[36m(MegatronTrainRayActor pid=78097)[0m           [12.1489],
[36m(MegatronTrainRayActor pid=78097)[0m           [12.0008],
[36m(MegatronTrainRayActor pid=78097)[0m           [11.2671]],
[36m(MegatronTrainRayActor pid=78097)[0m 
[36m(MegatronTrainRayActor pid=78097)[0m           [-0.1147],
[36m(MegatronTrainRayActor pid=78097)[0m           [13.8762],
[36m(MegatronTrainRayActor pid=78097)[0m           [12.5210],
[36m(MegatronTrainRayActor pid=78097)[0m           [11.8588]],
[36m(MegatronTrainRayActor pid=78097)[0m 
[36m(MegatronTrainRayActor pid=78097)[0m 
[36m(MegatronTrainRayActor pid=78097)[0m           [12.8720],
[36m(MegatronTrainRayActor pid=78097)[0m           [15.7930],
[36m(MegatronTrainRayActor pid=78097)[0m           [12.6088]],
[36m(MegatronTrainRayActor pid=78097)[0m 
[36m(MegatronTrainRayActor pid=78097)[0m           [12.7401],
[36m(MegatronTrainRayActor pid=78097)[0m           [11.4744],
[36m(MegatronTrainRayActor pid=78097)[0m           [11.6615]],
[36m(MegatronTrainRayActor pid=78097)[0m 
[36m(MegatronTrainRayActor pid=78097)[0m           [12.5967],
[36m(MegatronTrainRayActor pid=78097)[0m           [13.0428],
[36m(MegatronTrainRayActor pid=78097)[0m 
[36m(MegatronTrainRayActor pid=78097)[0m 
[36m(MegatronTrainRayActor pid=78097)[0m 
[36m(MegatronTrainRayActor pid=78097)[0m 
[36m(MegatronTrainRayActor pid=78097)[0m 
[36m(MegatronTrainRayActor pid=78097)[0m 
[36m(MegatronTrainRayActor pid=78097)[0m 
[36m(MegatronTrainRayActor pid=78097)[0m 
[36m(MegatronTrainRayActor pid=78097)[0m 
[36m(MegatronTrainRayActor pid=78097)[0m 
[36m(MegatronTrainRayActor pid=78097)[0m 
[36m(MegatronTrainRayActor pid=78097)[0m 
[36m(MegatronTrainRayActor pid=78097)[0m            0.0000e+00, 0.0000e+00]]],
[36m(MegatronTrainRayActor pid=78097)[0m 
[36m(MegatronTrainRayActor pid=78097)[0m 
[36m(MegatronTrainRayActor pid=78097)[0m            0.0000e+00, 0.0000e+00]]],
[36m(MegatronTrainRayActor pid=78097)[0m 
[36m(MegatronTrainRayActor pid=78097)[0m 
[36m(MegatronTrainRayActor pid=78097)[0m            0.0000e+00, 0.0000e+00]]],
[36m(MegatronTrainRayActor pid=78097)[0m 
[36m(MegatronTrainRayActor pid=78097)[0m 
[36m(MegatronTrainRayActor pid=78097)[0m 
[36m(MegatronTrainRayActor pid=78097)[0m 
[36m(MegatronTrainRayActor pid=78097)[0m            0.0000e+00, 0.0000e+00]]],
[36m(MegatronTrainRayActor pid=78097)[0m 
[36m(MegatronTrainRayActor pid=78097)[0m 
[36m(MegatronTrainRayActor pid=78097)[0m            0.0000e+00, 0.0000e+00]]],
[36m(MegatronTrainRayActor pid=78097)[0m 
[36m(MegatronTrainRayActor pid=78097)[0m 
[36m(MegatronTrainRayActor pid=78097)[0m             0.0000e+00, -0.0000e+00]]],
[36m(MegatronTrainRayActor pid=78097)[0m 
[36m(MegatronTrainRayActor pid=78097)[0m 
[36m(MegatronTrainRayActor pid=78097)[0m            -0.0000e+00, -0.0000e+00]]],
[36m(MegatronTrainRayActor pid=78097)[0m 
[36m(MegatronTrainRayActor pid=78097)[0m 
[36m(MegatronTrainRayActor pid=78097)[0m             0.0000e+00,  0.0000e+00]]],
[36m(MegatronTrainRayActor pid=78097)[0m 
[36m(MegatronTrainRayActor pid=78097)[0m 
[36m(MegatronTrainRayActor pid=78097)[0m 
[36m(MegatronTrainRayActor pid=78097)[0m 
[36m(MegatronTrainRayActor pid=78097)[0m             1.6030e-11, -2.0555e-10]]],
[36m(MegatronTrainRayActor pid=78097)[0m 
[36m(MegatronTrainRayActor pid=78097)[0m 
[36m(MegatronTrainRayActor pid=78097)[0m             6.5029e-11, -3.4015e-10]]],
[36m(MegatronTrainRayActor pid=78097)[0m 
[36m(MegatronTrainRayActor pid=78097)[0m 
[36m(MegatronTrainRayActor pid=78096)[0m     custom_backward(output_tensor[0], output_tensor_grad[0])
[36m(MegatronTrainRayActor pid=78096)[0m 
[36m(MegatronTrainRayActor pid=78096)[0m 
[36m(MegatronTrainRayActor pid=78096)[0m 
[36m(MegatronTrainRayActor pid=78096)[0m 
[36m(MegatronTrainRayActor pid=78096)[0m 
[36m(MegatronTrainRayActor pid=78096)[0m 
[36m(MegatronTrainRayActor pid=78096)[0m 
[36m(MegatronTrainRayActor pid=78096)[0m 
[36m(MegatronTrainRayActor pid=78096)[0m 
[36m(MegatronTrainRayActor pid=78096)[0m 
[36m(MegatronTrainRayActor pid=78096)[0m 
[36m(MegatronTrainRayActor pid=78096)[0m 
[36m(MegatronTrainRayActor pid=78096)[0m 
[36m(MegatronTrainRayActor pid=78096)[0m            -6.1719e-01,  1.8359e+00],
[36m(MegatronTrainRayActor pid=78096)[0m             9.4141e-01, -1.5547e+00],
[36m(MegatronTrainRayActor pid=78096)[0m             1.6719e+00,  2.5781e+00],
[36m(MegatronTrainRayActor pid=78096)[0m             1.7031e+00,  2.9062e+00],
[36m(MegatronTrainRayActor pid=78096)[0m             1.0391e+00,  2.5156e+00],
[36m(MegatronTrainRayActor pid=78096)[0m             3.1250e-01,  3.3789e-01]]],
[36m(MegatronTrainRayActor pid=78096)[0m 
[36m(MegatronTrainRayActor pid=78096)[0m 
[36m(MegatronTrainRayActor pid=78096)[0m            -4.3945e-01, -2.7500e+00],
[36m(MegatronTrainRayActor pid=78096)[0m            -8.6719e-01,  8.1641e-01],
[36m(MegatronTrainRayActor pid=78096)[0m             1.7812e+00,  2.0625e+00],
[36m(MegatronTrainRayActor pid=78096)[0m             2.9844e+00,  3.1562e+00],
[36m(MegatronTrainRayActor pid=78096)[0m             5.2734e-01, -1.4551e-01],
[36m(MegatronTrainRayActor pid=78096)[0m            -1.0547e+00, -3.9688e+00]]],
[36m(MegatronTrainRayActor pid=78096)[0m 
[36m(MegatronTrainRayActor pid=78096)[0m 
[36m(MegatronTrainRayActor pid=78096)[0m             1.0234e+00, -4.2383e-01],
[36m(MegatronTrainRayActor pid=78096)[0m             2.6562e+00, -2.1875e+00],
[36m(MegatronTrainRayActor pid=78096)[0m            -1.2734e+00, -1.0938e+00],
[36m(MegatronTrainRayActor pid=78096)[0m            -3.2227e-02,  4.8047e-01],
[36m(MegatronTrainRayActor pid=78096)[0m             3.3789e-01,  2.0312e+00],
[36m(MegatronTrainRayActor pid=78096)[0m            -2.1094e+00, -1.4609e+00]]],
[36m(MegatronTrainRayActor pid=78096)[0m 
[36m(MegatronTrainRayActor pid=78096)[0m 
[36m(MegatronTrainRayActor pid=78096)[0m 
[36m(MegatronTrainRayActor pid=78096)[0m 
[36m(MegatronTrainRayActor pid=78096)[0m             1.9766e+00,  1.6016e-01],
[36m(MegatronTrainRayActor pid=78096)[0m             1.4531e+00,  2.4531e+00],
[36m(MegatronTrainRayActor pid=78096)[0m             2.6758e-01, -2.4375e+00],
[36m(MegatronTrainRayActor pid=78096)[0m             2.3281e+00, -2.4902e-01],
[36m(MegatronTrainRayActor pid=78096)[0m            -3.2188e+00,  2.1562e+00],
[36m(MegatronTrainRayActor pid=78096)[0m             2.0000e+00,  1.1875e+00]]],
[36m(MegatronTrainRayActor pid=78096)[0m 
[36m(MegatronTrainRayActor pid=78096)[0m 
[36m(MegatronTrainRayActor pid=78096)[0m            -2.1719e+00, -8.2422e-01],
[36m(MegatronTrainRayActor pid=78096)[0m             1.0859e+00, -2.4121e-01],
[36m(MegatronTrainRayActor pid=78096)[0m            -2.7812e+00,  1.1172e+00],
[36m(MegatronTrainRayActor pid=78096)[0m            -1.9336e-01, -1.9688e+00],
[36m(MegatronTrainRayActor pid=78096)[0m            -4.1250e+00, -4.9133e-03],
[36m(MegatronTrainRayActor pid=78096)[0m             4.0625e+00,  2.0020e-02]]],
[36m(MegatronTrainRayActor pid=78096)[0m 
[36m(MegatronTrainRayActor pid=78096)[0m 
[36m(MegatronTrainRayActor pid=78096)[0m             7.3047e-01,  5.7861e-02],
[36m(MegatronTrainRayActor pid=78096)[0m             2.6875e+00,  1.8906e+00],
[36m(MegatronTrainRayActor pid=78096)[0m             1.0132e-02, -3.6719e+00],
[36m(MegatronTrainRayActor pid=78096)[0m             5.0781e-01, -1.4922e+00],
[36m(MegatronTrainRayActor pid=78096)[0m            -2.5586e-01,  2.7148e-01],
[36m(MegatronTrainRayActor pid=78096)[0m            -2.3906e+00, -2.8516e-01]]]], device='cuda:4', dtype=torch.bfloat16,
[36m(MegatronTrainRayActor pid=78096)[0m 
[36m(MegatronTrainRayActor pid=78096)[0m 
[36m(MegatronTrainRayActor pid=78096)[0m 
[36m(MegatronTrainRayActor pid=78096)[0m 
[36m(MegatronTrainRayActor pid=78096)[0m 
[36m(MegatronTrainRayActor pid=78096)[0m 
[36m(MegatronTrainRayActor pid=78096)[0m 
[36m(MegatronTrainRayActor pid=78096)[0m 
[36m(MegatronTrainRayActor pid=78096)[0m 
[36m(MegatronTrainRayActor pid=78096)[0m 
[36m(MegatronTrainRayActor pid=78096)[0m 
[36m(MegatronTrainRayActor pid=78096)[0m 
[36m(MegatronTrainRayActor pid=78096)[0m 
[36m(MegatronTrainRayActor pid=78096)[0m 
[36m(MegatronTrainRayActor pid=78096)[0m 
[36m(MegatronTrainRayActor pid=78096)[0m 
[36m(MegatronTrainRayActor pid=78096)[0m 
[36m(MegatronTrainRayActor pid=78096)[0m 
[36m(MegatronTrainRayActor pid=78096)[0m 
[36m(MegatronTrainRayActor pid=78096)[0m 
[36m(MegatronTrainRayActor pid=78096)[0m 
[36m(MegatronTrainRayActor pid=78096)[0m 
[36m(MegatronTrainRayActor pid=78096)[0m 
[36m(MegatronTrainRayActor pid=78096)[0m 
[36m(MegatronTrainRayActor pid=78096)[0m 
[36m(MegatronTrainRayActor pid=78096)[0m 
[36m(MegatronTrainRayActor pid=78096)[0m 
[36m(MegatronTrainRayActor pid=78096)[0m 
[36m(MegatronTrainRayActor pid=78096)[0m 
[36m(MegatronTrainRayActor pid=78096)[0m 
[36m(MegatronTrainRayActor pid=78096)[0m 
[36m(MegatronTrainRayActor pid=78096)[0m 
[36m(MegatronTrainRayActor pid=78096)[0m 
[36m(MegatronTrainRayActor pid=78096)[0m 
[36m(MegatronTrainRayActor pid=78096)[0m 
[36m(MegatronTrainRayActor pid=78096)[0m 
[36m(MegatronTrainRayActor pid=78096)[0m           [14.6915],
[36m(MegatronTrainRayActor pid=78096)[0m           [12.4140],
[36m(MegatronTrainRayActor pid=78096)[0m           [12.1940]],
[36m(MegatronTrainRayActor pid=78096)[0m 
[36m(MegatronTrainRayActor pid=78096)[0m           [-0.3483],
[36m(MegatronTrainRayActor pid=78096)[0m           [12.1146],
[36m(MegatronTrainRayActor pid=78096)[0m           [11.9851],
[36m(MegatronTrainRayActor pid=78096)[0m           [12.2643],
[36m(MegatronTrainRayActor pid=78096)[0m           [12.8645]],
[36m(MegatronTrainRayActor pid=78096)[0m 
[36m(MegatronTrainRayActor pid=78096)[0m           [12.2610],
[36m(MegatronTrainRayActor pid=78096)[0m           [13.6495],
[36m(MegatronTrainRayActor pid=78096)[0m           [11.5209]],
[36m(MegatronTrainRayActor pid=78096)[0m 
[36m(MegatronTrainRayActor pid=78096)[0m 
[36m(MegatronTrainRayActor pid=78096)[0m          [[-0.1631],
[36m(MegatronTrainRayActor pid=78096)[0m           [12.3085],
[36m(MegatronTrainRayActor pid=78096)[0m           [12.1071],
[36m(MegatronTrainRayActor pid=78096)[0m           [11.2752]],
[36m(MegatronTrainRayActor pid=78096)[0m 
[36m(MegatronTrainRayActor pid=78096)[0m           [12.8723],
[36m(MegatronTrainRayActor pid=78096)[0m           [11.4540],
[36m(MegatronTrainRayActor pid=78096)[0m           [10.1720]],
[36m(MegatronTrainRayActor pid=78096)[0m 
[36m(MegatronTrainRayActor pid=78096)[0m          [[-3.8071],
[36m(MegatronTrainRayActor pid=78096)[0m           [-1.0131],
[36m(MegatronTrainRayActor pid=78096)[0m           [-2.7459],
[36m(MegatronTrainRayActor pid=78096)[0m           [11.1521],
[36m(MegatronTrainRayActor pid=78096)[0m           [10.8391],
[36m(MegatronTrainRayActor pid=78096)[0m 
[36m(MegatronTrainRayActor pid=78096)[0m 
[36m(MegatronTrainRayActor pid=78096)[0m 
[36m(MegatronTrainRayActor pid=78096)[0m 
[36m(MegatronTrainRayActor pid=78096)[0m 
[36m(MegatronTrainRayActor pid=78096)[0m 
[36m(MegatronTrainRayActor pid=78096)[0m 
[36m(MegatronTrainRayActor pid=78096)[0m 
[36m(MegatronTrainRayActor pid=78096)[0m 
[36m(MegatronTrainRayActor pid=78096)[0m 
[36m(MegatronTrainRayActor pid=78096)[0m 
[36m(MegatronTrainRayActor pid=78096)[0m 
[36m(MegatronTrainRayActor pid=78096)[0m 
[36m(MegatronTrainRayActor pid=78096)[0m 
[36m(MegatronTrainRayActor pid=78096)[0m 
[36m(MegatronTrainRayActor pid=78096)[0m 
[36m(MegatronTrainRayActor pid=78096)[0m 
[36m(MegatronTrainRayActor pid=78096)[0m 
[36m(MegatronTrainRayActor pid=78096)[0m 
[36m(MegatronTrainRayActor pid=78096)[0m 
[36m(MegatronTrainRayActor pid=78096)[0m 
[36m(MegatronTrainRayActor pid=78096)[0m 
[36m(MegatronTrainRayActor pid=78096)[0m 
[36m(MegatronTrainRayActor pid=78096)[0m 
[36m(MegatronTrainRayActor pid=78096)[0m 
[36m(MegatronTrainRayActor pid=78096)[0m 
[36m(MegatronTrainRayActor pid=78096)[0m 
[36m(MegatronTrainRayActor pid=78096)[0m 
[36m(MegatronTrainRayActor pid=78096)[0m 
[36m(MegatronTrainRayActor pid=78096)[0m 
[36m(MegatronTrainRayActor pid=78096)[0m 
[36m(MegatronTrainRayActor pid=78096)[0m 
[36m(MegatronTrainRayActor pid=78096)[0m 
[36m(MegatronTrainRayActor pid=78096)[0m 
[36m(MegatronTrainRayActor pid=78096)[0m 
[36m(MegatronTrainRayActor pid=78096)[0m 
[36m(MegatronTrainRayActor pid=78096)[0m     custom_backward(output_tensor[0], output_tensor_grad[0])
[36m(MegatronTrainRayActor pid=78096)[0m 
[36m(MegatronTrainRayActor pid=78096)[0m 
[36m(MegatronTrainRayActor pid=78096)[0m 
[36m(MegatronTrainRayActor pid=78096)[0m 
[36m(MegatronTrainRayActor pid=78096)[0m 
[36m(MegatronTrainRayActor pid=78096)[0m 
[36m(MegatronTrainRayActor pid=78096)[0m 
[36m(MegatronTrainRayActor pid=78096)[0m 
[36m(MegatronTrainRayActor pid=78096)[0m 
[36m(MegatronTrainRayActor pid=78096)[0m 
[36m(MegatronTrainRayActor pid=78096)[0m 
[36m(MegatronTrainRayActor pid=78096)[0m 
[36m(MegatronTrainRayActor pid=78096)[0m 
[36m(MegatronTrainRayActor pid=78096)[0m            -6.1719e-01,  1.8359e+00],
[36m(MegatronTrainRayActor pid=78096)[0m             9.4141e-01, -1.5547e+00],
[36m(MegatronTrainRayActor pid=78096)[0m             1.6719e+00,  2.5781e+00],
[36m(MegatronTrainRayActor pid=78096)[0m             1.7031e+00,  2.9062e+00],
[36m(MegatronTrainRayActor pid=78096)[0m             1.0391e+00,  2.5156e+00],
[36m(MegatronTrainRayActor pid=78096)[0m             3.1250e-01,  3.3789e-01]]],
[36m(MegatronTrainRayActor pid=78096)[0m 
[36m(MegatronTrainRayActor pid=78096)[0m 
[36m(MegatronTrainRayActor pid=78096)[0m            -4.3945e-01, -2.7500e+00],
[36m(MegatronTrainRayActor pid=78096)[0m            -8.6719e-01,  8.1641e-01],
[36m(MegatronTrainRayActor pid=78096)[0m             1.7812e+00,  2.0625e+00],
[36m(MegatronTrainRayActor pid=78096)[0m             2.9844e+00,  3.1562e+00],
[36m(MegatronTrainRayActor pid=78096)[0m             5.2734e-01, -1.4551e-01],
[36m(MegatronTrainRayActor pid=78096)[0m            -1.0547e+00, -3.9688e+00]]],
[36m(MegatronTrainRayActor pid=78096)[0m 
[36m(MegatronTrainRayActor pid=78096)[0m 
[36m(MegatronTrainRayActor pid=78096)[0m             1.0234e+00, -4.2383e-01],
[36m(MegatronTrainRayActor pid=78096)[0m             2.6562e+00, -2.1875e+00],
[36m(MegatronTrainRayActor pid=78096)[0m            -1.2734e+00, -1.0938e+00],
[36m(MegatronTrainRayActor pid=78096)[0m            -3.2227e-02,  4.8047e-01],
[36m(MegatronTrainRayActor pid=78096)[0m             3.3789e-01,  2.0312e+00],
[36m(MegatronTrainRayActor pid=78096)[0m            -2.1094e+00, -1.4609e+00]]],
[36m(MegatronTrainRayActor pid=78096)[0m 
[36m(MegatronTrainRayActor pid=78096)[0m 
[36m(MegatronTrainRayActor pid=78096)[0m 
[36m(MegatronTrainRayActor pid=78096)[0m 
[36m(MegatronTrainRayActor pid=78096)[0m             1.9766e+00,  1.6016e-01],
[36m(MegatronTrainRayActor pid=78096)[0m             1.4531e+00,  2.4531e+00],
[36m(MegatronTrainRayActor pid=78096)[0m             2.6758e-01, -2.4375e+00],
[36m(MegatronTrainRayActor pid=78096)[0m             2.3281e+00, -2.4902e-01],
[36m(MegatronTrainRayActor pid=78096)[0m            -3.2188e+00,  2.1562e+00],
[36m(MegatronTrainRayActor pid=78096)[0m             2.0000e+00,  1.1875e+00]]],
[36m(MegatronTrainRayActor pid=78096)[0m 
[36m(MegatronTrainRayActor pid=78096)[0m 
[36m(MegatronTrainRayActor pid=78096)[0m            -2.1719e+00, -8.2422e-01],
[36m(MegatronTrainRayActor pid=78096)[0m             1.0859e+00, -2.4121e-01],
[36m(MegatronTrainRayActor pid=78096)[0m            -2.7812e+00,  1.1172e+00],
[36m(MegatronTrainRayActor pid=78096)[0m            -1.9336e-01, -1.9688e+00],
[36m(MegatronTrainRayActor pid=78096)[0m            -4.1250e+00, -4.9133e-03],
[36m(MegatronTrainRayActor pid=78096)[0m             4.0625e+00,  2.0020e-02]]],
[36m(MegatronTrainRayActor pid=78096)[0m 
[36m(MegatronTrainRayActor pid=78096)[0m 
[36m(MegatronTrainRayActor pid=78096)[0m             7.3047e-01,  5.7861e-02],
[36m(MegatronTrainRayActor pid=78096)[0m             2.6875e+00,  1.8906e+00],
[36m(MegatronTrainRayActor pid=78096)[0m             1.0132e-02, -3.6719e+00],
[36m(MegatronTrainRayActor pid=78096)[0m             5.0781e-01, -1.4922e+00],
[36m(MegatronTrainRayActor pid=78096)[0m            -2.5586e-01,  2.7148e-01],
[36m(MegatronTrainRayActor pid=78096)[0m            -2.3906e+00, -2.8516e-01]]]], device='cuda:4', dtype=torch.bfloat16,
[36m(MegatronTrainRayActor pid=78096)[0m 
[36m(MegatronTrainRayActor pid=78096)[0m 
[36m(MegatronTrainRayActor pid=78096)[0m 
[36m(MegatronTrainRayActor pid=78096)[0m 
[36m(MegatronTrainRayActor pid=78096)[0m 
[36m(MegatronTrainRayActor pid=78096)[0m 
[36m(MegatronTrainRayActor pid=78096)[0m 
[36m(MegatronTrainRayActor pid=78096)[0m 
[36m(MegatronTrainRayActor pid=78096)[0m 
[36m(MegatronTrainRayActor pid=78096)[0m 
[36m(MegatronTrainRayActor pid=78096)[0m 
[36m(MegatronTrainRayActor pid=78096)[0m 
[36m(MegatronTrainRayActor pid=78096)[0m 
[36m(MegatronTrainRayActor pid=78096)[0m 
[36m(MegatronTrainRayActor pid=78096)[0m 
[36m(MegatronTrainRayActor pid=78096)[0m 
[36m(MegatronTrainRayActor pid=78096)[0m 
[36m(MegatronTrainRayActor pid=78096)[0m 
[36m(MegatronTrainRayActor pid=78096)[0m 
[36m(MegatronTrainRayActor pid=78096)[0m 
[36m(MegatronTrainRayActor pid=78096)[0m 
[36m(MegatronTrainRayActor pid=78096)[0m 
[36m(MegatronTrainRayActor pid=78096)[0m 
[36m(MegatronTrainRayActor pid=78096)[0m 
[36m(MegatronTrainRayActor pid=78096)[0m 
[36m(MegatronTrainRayActor pid=78096)[0m 
[36m(MegatronTrainRayActor pid=78096)[0m 
[36m(MegatronTrainRayActor pid=78096)[0m 
[36m(MegatronTrainRayActor pid=78096)[0m 
[36m(MegatronTrainRayActor pid=78096)[0m 
[36m(MegatronTrainRayActor pid=78096)[0m 
[36m(MegatronTrainRayActor pid=78096)[0m 
[36m(MegatronTrainRayActor pid=78096)[0m 
[36m(MegatronTrainRayActor pid=78096)[0m 
[36m(MegatronTrainRayActor pid=78096)[0m 
[36m(MegatronTrainRayActor pid=78096)[0m 
[36m(MegatronTrainRayActor pid=78096)[0m           [14.6915],
[36m(MegatronTrainRayActor pid=78096)[0m           [12.4140],
[36m(MegatronTrainRayActor pid=78096)[0m           [12.1940]],
[36m(MegatronTrainRayActor pid=78096)[0m 
[36m(MegatronTrainRayActor pid=78096)[0m           [-0.3483],
[36m(MegatronTrainRayActor pid=78096)[0m           [12.1146],
[36m(MegatronTrainRayActor pid=78096)[0m           [11.9851],
[36m(MegatronTrainRayActor pid=78096)[0m           [12.2643],
[36m(MegatronTrainRayActor pid=78096)[0m           [12.8645]],
[36m(MegatronTrainRayActor pid=78096)[0m 
[36m(MegatronTrainRayActor pid=78096)[0m           [12.2610],
[36m(MegatronTrainRayActor pid=78096)[0m           [13.6495],
[36m(MegatronTrainRayActor pid=78096)[0m           [11.5209]],
[36m(MegatronTrainRayActor pid=78096)[0m 
[36m(MegatronTrainRayActor pid=78096)[0m 
[36m(MegatronTrainRayActor pid=78096)[0m          [[-0.1631],
[36m(MegatronTrainRayActor pid=78096)[0m           [12.3085],
[36m(MegatronTrainRayActor pid=78096)[0m           [12.1071],
[36m(MegatronTrainRayActor pid=78096)[0m           [11.2752]],
[36m(MegatronTrainRayActor pid=78096)[0m 
[36m(MegatronTrainRayActor pid=78096)[0m           [12.8723],
[36m(MegatronTrainRayActor pid=78096)[0m           [11.4540],
[36m(MegatronTrainRayActor pid=78096)[0m           [10.1720]],
[36m(MegatronTrainRayActor pid=78096)[0m 
[36m(MegatronTrainRayActor pid=78096)[0m          [[-3.8071],
[36m(MegatronTrainRayActor pid=78096)[0m           [-1.0131],
[36m(MegatronTrainRayActor pid=78096)[0m           [-2.7459],
[36m(MegatronTrainRayActor pid=78096)[0m           [11.1521],
[36m(MegatronTrainRayActor pid=78096)[0m           [10.8391],
[36m(MegatronTrainRayActor pid=78096)[0m 
[36m(MegatronTrainRayActor pid=78096)[0m 
[36m(MegatronTrainRayActor pid=78096)[0m 
[36m(MegatronTrainRayActor pid=78096)[0m 
[36m(MegatronTrainRayActor pid=78096)[0m 
[36m(MegatronTrainRayActor pid=78096)[0m 
[36m(MegatronTrainRayActor pid=78096)[0m 
[36m(MegatronTrainRayActor pid=78096)[0m 
[36m(MegatronTrainRayActor pid=78096)[0m 
[36m(MegatronTrainRayActor pid=78096)[0m 
[36m(MegatronTrainRayActor pid=78096)[0m 
[36m(MegatronTrainRayActor pid=78096)[0m 
[36m(MegatronTrainRayActor pid=78096)[0m 
[36m(MegatronTrainRayActor pid=78096)[0m 
[36m(MegatronTrainRayActor pid=78096)[0m 
[36m(MegatronTrainRayActor pid=78096)[0m 
[36m(MegatronTrainRayActor pid=78096)[0m 
[36m(MegatronTrainRayActor pid=78096)[0m 
[36m(MegatronTrainRayActor pid=78096)[0m 
[36m(MegatronTrainRayActor pid=78096)[0m 
[36m(MegatronTrainRayActor pid=78096)[0m 
[36m(MegatronTrainRayActor pid=78096)[0m 
[36m(MegatronTrainRayActor pid=78096)[0m 
[36m(MegatronTrainRayActor pid=78096)[0m 
[36m(MegatronTrainRayActor pid=78096)[0m 
[36m(MegatronTrainRayActor pid=78096)[0m 
[36m(MegatronTrainRayActor pid=78096)[0m 
[36m(MegatronTrainRayActor pid=78096)[0m 
[36m(MegatronTrainRayActor pid=78096)[0m 
[36m(MegatronTrainRayActor pid=78096)[0m 
[36m(MegatronTrainRayActor pid=78096)[0m 
[36m(MegatronTrainRayActor pid=78096)[0m 
[36m(MegatronTrainRayActor pid=78096)[0m 
[36m(MegatronTrainRayActor pid=78096)[0m 
[36m(MegatronTrainRayActor pid=78096)[0m 
[36m(MegatronTrainRayActor pid=78096)[0m 
[36m(MegatronTrainRayActor pid=78095)[0m     custom_backward(output_tensor[0], output_tensor_grad[0])
[36m(MegatronTrainRayActor pid=78095)[0m 
[36m(MegatronTrainRayActor pid=78095)[0m 
[36m(MegatronTrainRayActor pid=78095)[0m 
[36m(MegatronTrainRayActor pid=78095)[0m 
[36m(MegatronTrainRayActor pid=78095)[0m 
[36m(MegatronTrainRayActor pid=78095)[0m 
[36m(MegatronTrainRayActor pid=78095)[0m 
[36m(MegatronTrainRayActor pid=78095)[0m 
[36m(MegatronTrainRayActor pid=78095)[0m 
[36m(MegatronTrainRayActor pid=78095)[0m 
[36m(MegatronTrainRayActor pid=78095)[0m 
[36m(MegatronTrainRayActor pid=78095)[0m 
[36m(MegatronTrainRayActor pid=78095)[0m 
[36m(MegatronTrainRayActor pid=78095)[0m 
[36m(MegatronTrainRayActor pid=78095)[0m 
[36m(MegatronTrainRayActor pid=78095)[0m 
[36m(MegatronTrainRayActor pid=78095)[0m 
[36m(MegatronTrainRayActor pid=78095)[0m 
[36m(MegatronTrainRayActor pid=78095)[0m 
[36m(MegatronTrainRayActor pid=78095)[0m 
[36m(MegatronTrainRayActor pid=78095)[0m 
[36m(MegatronTrainRayActor pid=78095)[0m 
[36m(MegatronTrainRayActor pid=78095)[0m 
[36m(MegatronTrainRayActor pid=78095)[0m 
[36m(MegatronTrainRayActor pid=78095)[0m 
[36m(MegatronTrainRayActor pid=78095)[0m 
[36m(MegatronTrainRayActor pid=78095)[0m 
[36m(MegatronTrainRayActor pid=78095)[0m 
[36m(MegatronTrainRayActor pid=78095)[0m 
[36m(MegatronTrainRayActor pid=78095)[0m 
[36m(MegatronTrainRayActor pid=78095)[0m 
[36m(MegatronTrainRayActor pid=78095)[0m 
[36m(MegatronTrainRayActor pid=78095)[0m 
[36m(MegatronTrainRayActor pid=78095)[0m 
[36m(MegatronTrainRayActor pid=78095)[0m 
[36m(MegatronTrainRayActor pid=78095)[0m 
[36m(MegatronTrainRayActor pid=78095)[0m 
[36m(MegatronTrainRayActor pid=78095)[0m 
[36m(MegatronTrainRayActor pid=78095)[0m 
[36m(MegatronTrainRayActor pid=78095)[0m 
[36m(MegatronTrainRayActor pid=78095)[0m 
[36m(MegatronTrainRayActor pid=78095)[0m 
[36m(MegatronTrainRayActor pid=78095)[0m 
[36m(MegatronTrainRayActor pid=78095)[0m 
[36m(MegatronTrainRayActor pid=78095)[0m 
[36m(MegatronTrainRayActor pid=78095)[0m 
[36m(MegatronTrainRayActor pid=78095)[0m 
[36m(MegatronTrainRayActor pid=78095)[0m 
[36m(MegatronTrainRayActor pid=78095)[0m 
[36m(MegatronTrainRayActor pid=78095)[0m            -2.1719e+00, -1.3516e+00],
[36m(MegatronTrainRayActor pid=78095)[0m            -2.1719e+00, -1.3516e+00],
[36m(MegatronTrainRayActor pid=78095)[0m            -2.1719e+00, -1.3516e+00],
[36m(MegatronTrainRayActor pid=78095)[0m            -2.1719e+00, -1.3516e+00],
[36m(MegatronTrainRayActor pid=78095)[0m            -2.1719e+00, -1.3516e+00],
[36m(MegatronTrainRayActor pid=78095)[0m            -2.1719e+00, -1.3516e+00]]],
[36m(MegatronTrainRayActor pid=78095)[0m 
[36m(MegatronTrainRayActor pid=78095)[0m 
[36m(MegatronTrainRayActor pid=78095)[0m            -2.1875e+00, -1.7969e+00],
[36m(MegatronTrainRayActor pid=78095)[0m            -2.1875e+00, -1.5938e+00],
[36m(MegatronTrainRayActor pid=78095)[0m            -2.3125e+00, -4.3125e+00],
[36m(MegatronTrainRayActor pid=78095)[0m            -2.1719e+00, -1.3672e+00],
[36m(MegatronTrainRayActor pid=78095)[0m            -2.2969e+00, -3.8750e+00],
[36m(MegatronTrainRayActor pid=78095)[0m            -2.1719e+00, -1.3750e+00]]],
[36m(MegatronTrainRayActor pid=78095)[0m 
[36m(MegatronTrainRayActor pid=78095)[0m 
[36m(MegatronTrainRayActor pid=78095)[0m            -2.6094e+00, -3.6250e+00],
[36m(MegatronTrainRayActor pid=78095)[0m            -2.6250e+00, -1.7734e+00],
[36m(MegatronTrainRayActor pid=78095)[0m            -2.3125e+00, -1.4844e+00],
[36m(MegatronTrainRayActor pid=78095)[0m            -2.3906e+00, -4.1562e+00],
[36m(MegatronTrainRayActor pid=78095)[0m            -3.0312e+00, -2.8750e+00],
[36m(MegatronTrainRayActor pid=78095)[0m            -2.5781e+00, -3.8906e+00]]],
[36m(MegatronTrainRayActor pid=78095)[0m 
[36m(MegatronTrainRayActor pid=78095)[0m 
[36m(MegatronTrainRayActor pid=78095)[0m 
[36m(MegatronTrainRayActor pid=78095)[0m 
[36m(MegatronTrainRayActor pid=78095)[0m             9.6094e-01, -8.5156e-01],
[36m(MegatronTrainRayActor pid=78095)[0m             8.5547e-01, -1.0156e+00],
[36m(MegatronTrainRayActor pid=78095)[0m             9.8438e-01, -5.4688e-01],
[36m(MegatronTrainRayActor pid=78095)[0m             6.3672e-01, -5.0781e-01],
[36m(MegatronTrainRayActor pid=78095)[0m             5.4688e-01,  4.9219e-01],
[36m(MegatronTrainRayActor pid=78095)[0m             3.7109e-02, -1.2656e+00]]],
[36m(MegatronTrainRayActor pid=78095)[0m 
[36m(MegatronTrainRayActor pid=78095)[0m 
[36m(MegatronTrainRayActor pid=78095)[0m            -1.0625e+00, -1.1094e+00],
[36m(MegatronTrainRayActor pid=78095)[0m             8.7109e-01,  1.9629e-01],
[36m(MegatronTrainRayActor pid=78095)[0m             2.3906e+00,  5.8350e-02],
[36m(MegatronTrainRayActor pid=78095)[0m             6.9922e-01, -2.8711e-01],
[36m(MegatronTrainRayActor pid=78095)[0m             9.1406e-01, -1.0469e+00],
[36m(MegatronTrainRayActor pid=78095)[0m             5.8594e-01,  8.6328e-01]]],
[36m(MegatronTrainRayActor pid=78095)[0m 
[36m(MegatronTrainRayActor pid=78095)[0m 
[36m(MegatronTrainRayActor pid=78095)[0m             8.1641e-01, -9.6094e-01],
[36m(MegatronTrainRayActor pid=78095)[0m             4.8047e-01,  1.9043e-01],
[36m(MegatronTrainRayActor pid=78095)[0m             1.2422e+00, -9.8633e-02],
[36m(MegatronTrainRayActor pid=78095)[0m             5.1562e-01, -7.2754e-02],
[36m(MegatronTrainRayActor pid=78095)[0m             3.2500e+00, -2.3750e+00],
[36m(MegatronTrainRayActor pid=78095)[0m             1.8047e+00,  1.4375e+00]]]], device='cuda:2', dtype=torch.bfloat16,
[36m(MegatronTrainRayActor pid=78095)[0m           [10.7521],
[36m(MegatronTrainRayActor pid=78095)[0m           [11.5038],
[36m(MegatronTrainRayActor pid=78095)[0m           [12.8895]],
[36m(MegatronTrainRayActor pid=78095)[0m 
[36m(MegatronTrainRayActor pid=78095)[0m           [-0.4807],
[36m(MegatronTrainRayActor pid=78095)[0m           [12.5980],
[36m(MegatronTrainRayActor pid=78095)[0m           [11.2707],
[36m(MegatronTrainRayActor pid=78095)[0m           [11.9539]],
[36m(MegatronTrainRayActor pid=78095)[0m 
[36m(MegatronTrainRayActor pid=78095)[0m           [12.7795],
[36m(MegatronTrainRayActor pid=78095)[0m           [13.8044],
[36m(MegatronTrainRayActor pid=78095)[0m           [12.2157]],
[36m(MegatronTrainRayActor pid=78095)[0m 
[36m(MegatronTrainRayActor pid=78095)[0m 
[36m(MegatronTrainRayActor pid=78095)[0m          [[-0.6126],
[36m(MegatronTrainRayActor pid=78095)[0m           [11.7051],
[36m(MegatronTrainRayActor pid=78095)[0m           [10.4430],
[36m(MegatronTrainRayActor pid=78095)[0m           [10.7636]],
[36m(MegatronTrainRayActor pid=78095)[0m 
[36m(MegatronTrainRayActor pid=78095)[0m           [-0.5952],
[36m(MegatronTrainRayActor pid=78095)[0m           [11.8162],
[36m(MegatronTrainRayActor pid=78095)[0m           [15.7925],
[36m(MegatronTrainRayActor pid=78095)[0m           [12.9574]],
[36m(MegatronTrainRayActor pid=78095)[0m 
[36m(MegatronTrainRayActor pid=78095)[0m          [[-3.3222],
[36m(MegatronTrainRayActor pid=78095)[0m           [-0.8465],
[36m(MegatronTrainRayActor pid=78095)[0m           [-0.9367],
[36m(MegatronTrainRayActor pid=78095)[0m           [12.0012],
[36m(MegatronTrainRayActor pid=78095)[0m           [13.6739],
[36m(MegatronTrainRayActor pid=78095)[0m            -4.2578e-01,  1.9219e+00],
[36m(MegatronTrainRayActor pid=78095)[0m             7.6953e-01, -1.3594e+00],
[36m(MegatronTrainRayActor pid=78095)[0m             1.5078e+00,  2.2656e+00],
[36m(MegatronTrainRayActor pid=78095)[0m             1.3438e+00,  2.8906e+00],
[36m(MegatronTrainRayActor pid=78095)[0m             9.0625e-01,  2.0469e+00],
[36m(MegatronTrainRayActor pid=78095)[0m             3.4375e-01,  2.0996e-01]]],
[36m(MegatronTrainRayActor pid=78095)[0m 
[36m(MegatronTrainRayActor pid=78095)[0m 
[36m(MegatronTrainRayActor pid=78095)[0m             9.8828e-01,  1.4141e+00],
[36m(MegatronTrainRayActor pid=78095)[0m            -8.5547e-01, -6.1768e-02],
[36m(MegatronTrainRayActor pid=78095)[0m             9.7266e-01, -4.2188e+00],
[36m(MegatronTrainRayActor pid=78095)[0m            -7.5391e-01, -3.7031e+00],
[36m(MegatronTrainRayActor pid=78095)[0m            -5.8594e-01,  1.6094e+00],
[36m(MegatronTrainRayActor pid=78095)[0m            -3.0273e-01,  3.6469e-03]]],
[36m(MegatronTrainRayActor pid=78095)[0m 
[36m(MegatronTrainRayActor pid=78095)[0m 
[36m(MegatronTrainRayActor pid=78095)[0m            -2.5469e+00,  2.6562e+00],
[36m(MegatronTrainRayActor pid=78095)[0m            -2.1719e+00, -1.3516e+00],
[36m(MegatronTrainRayActor pid=78095)[0m             3.1641e-01, -5.9766e-01],
[36m(MegatronTrainRayActor pid=78095)[0m             9.1797e-01, -3.9307e-02],
[36m(MegatronTrainRayActor pid=78095)[0m             1.2188e+00,  1.3516e+00],
[36m(MegatronTrainRayActor pid=78095)[0m             2.4375e+00,  3.9062e+00]]],
[36m(MegatronTrainRayActor pid=78095)[0m 
[36m(MegatronTrainRayActor pid=78095)[0m 
[36m(MegatronTrainRayActor pid=78095)[0m 
[36m(MegatronTrainRayActor pid=78095)[0m 
[36m(MegatronTrainRayActor pid=78095)[0m            -4.8438e-01, -1.0859e+00],
[36m(MegatronTrainRayActor pid=78095)[0m             3.7812e+00, -1.8359e-01],
[36m(MegatronTrainRayActor pid=78095)[0m            -1.5000e+00,  1.2734e+00],
[36m(MegatronTrainRayActor pid=78095)[0m            -1.1328e+00, -1.5625e+00],
[36m(MegatronTrainRayActor pid=78095)[0m            -4.2383e-01,  1.4219e+00],
[36m(MegatronTrainRayActor pid=78095)[0m            -8.9453e-01,  1.0469e+00]]],
[36m(MegatronTrainRayActor pid=78095)[0m 
[36m(MegatronTrainRayActor pid=78095)[0m 
[36m(MegatronTrainRayActor pid=78095)[0m            -1.0703e+00, -1.4746e-01],
[36m(MegatronTrainRayActor pid=78095)[0m             1.7969e+00,  6.0938e-01],
[36m(MegatronTrainRayActor pid=78095)[0m            -4.2500e+00, -2.2500e+00],
[36m(MegatronTrainRayActor pid=78095)[0m             2.6758e-01, -2.4375e+00],
[36m(MegatronTrainRayActor pid=78095)[0m            -1.0859e+00,  9.2969e-01],
[36m(MegatronTrainRayActor pid=78095)[0m            -1.0547e+00,  3.7109e-01]]],
[36m(MegatronTrainRayActor pid=78095)[0m 
[36m(MegatronTrainRayActor pid=78095)[0m 
[36m(MegatronTrainRayActor pid=78095)[0m            -8.6328e-01,  5.7422e-01],
[36m(MegatronTrainRayActor pid=78095)[0m            -2.5312e+00, -1.8750e+00],
[36m(MegatronTrainRayActor pid=78095)[0m            -1.1484e+00, -6.6016e-01],
[36m(MegatronTrainRayActor pid=78095)[0m             1.3594e+00,  3.3438e+00],
[36m(MegatronTrainRayActor pid=78095)[0m            -1.1953e+00, -1.8984e+00],
[36m(MegatronTrainRayActor pid=78095)[0m            -0.0000e+00,  0.0000e+00]]],
[36m(MegatronTrainRayActor pid=78095)[0m 
[36m(MegatronTrainRayActor pid=78095)[0m 
[36m(MegatronTrainRayActor pid=78095)[0m            -0.0000e+00, -0.0000e+00]]],
[36m(MegatronTrainRayActor pid=78095)[0m 
[36m(MegatronTrainRayActor pid=78095)[0m 
[36m(MegatronTrainRayActor pid=78095)[0m            -0.0000e+00, -0.0000e+00]]],
[36m(MegatronTrainRayActor pid=78095)[0m 
[36m(MegatronTrainRayActor pid=78095)[0m 
[36m(MegatronTrainRayActor pid=78095)[0m 
[36m(MegatronTrainRayActor pid=78095)[0m 
[36m(MegatronTrainRayActor pid=78095)[0m             8.3219e-11, -1.4916e-10]]],
[36m(MegatronTrainRayActor pid=78095)[0m 
[36m(MegatronTrainRayActor pid=78095)[0m 
[36m(MegatronTrainRayActor pid=78095)[0m            -2.0009e-10,  1.1050e-10]]],
[36m(MegatronTrainRayActor pid=78095)[0m 
[36m(MegatronTrainRayActor pid=78095)[0m 
[36m(MegatronTrainRayActor pid=78095)[0m            -2.2396e-11,  8.1357e-13]]],
[36m(MegatronTrainRayActor pid=78095)[0m 
[36m(MegatronTrainRayActor pid=78095)[0m 
[36m(MegatronTrainRayActor pid=78095)[0m            -2.2396e-11, -6.1959e-12]]],
[36m(MegatronTrainRayActor pid=78095)[0m 
[36m(MegatronTrainRayActor pid=78095)[0m 
[36m(MegatronTrainRayActor pid=78095)[0m             1.3642e-10, -1.2847e-11]]],
[36m(MegatronTrainRayActor pid=78095)[0m 
[36m(MegatronTrainRayActor pid=78095)[0m 
[36m(MegatronTrainRayActor pid=78095)[0m 
[36m(MegatronTrainRayActor pid=78095)[0m 
[36m(MegatronTrainRayActor pid=78095)[0m             0.0000e+00, -0.0000e+00]]],
[36m(MegatronTrainRayActor pid=78095)[0m 
[36m(MegatronTrainRayActor pid=78095)[0m 
[36m(MegatronTrainRayActor pid=78095)[0m            -0.0000e+00, -0.0000e+00]]],
[36m(MegatronTrainRayActor pid=78095)[0m 
[36m(MegatronTrainRayActor pid=78095)[0m 
[36m(MegatronTrainRayActor pid=78095)[0m     custom_backward(output_tensor[0], output_tensor_grad[0])
[36m(MegatronTrainRayActor pid=78095)[0m 
[36m(MegatronTrainRayActor pid=78095)[0m 
[36m(MegatronTrainRayActor pid=78095)[0m 
[36m(MegatronTrainRayActor pid=78095)[0m 
[36m(MegatronTrainRayActor pid=78095)[0m 
[36m(MegatronTrainRayActor pid=78095)[0m 
[36m(MegatronTrainRayActor pid=78095)[0m 
[36m(MegatronTrainRayActor pid=78095)[0m 
[36m(MegatronTrainRayActor pid=78095)[0m 
[36m(MegatronTrainRayActor pid=78095)[0m 
[36m(MegatronTrainRayActor pid=78095)[0m 
[36m(MegatronTrainRayActor pid=78095)[0m 
[36m(MegatronTrainRayActor pid=78095)[0m 
[36m(MegatronTrainRayActor pid=78095)[0m 
[36m(MegatronTrainRayActor pid=78095)[0m 
[36m(MegatronTrainRayActor pid=78095)[0m 
[36m(MegatronTrainRayActor pid=78095)[0m 
[36m(MegatronTrainRayActor pid=78095)[0m 
[36m(MegatronTrainRayActor pid=78095)[0m 
[36m(MegatronTrainRayActor pid=78095)[0m 
[36m(MegatronTrainRayActor pid=78095)[0m 
[36m(MegatronTrainRayActor pid=78095)[0m 
[36m(MegatronTrainRayActor pid=78095)[0m 
[36m(MegatronTrainRayActor pid=78095)[0m 
[36m(MegatronTrainRayActor pid=78095)[0m 
[36m(MegatronTrainRayActor pid=78095)[0m 
[36m(MegatronTrainRayActor pid=78095)[0m 
[36m(MegatronTrainRayActor pid=78095)[0m 
[36m(MegatronTrainRayActor pid=78095)[0m 
[36m(MegatronTrainRayActor pid=78095)[0m 
[36m(MegatronTrainRayActor pid=78095)[0m 
[36m(MegatronTrainRayActor pid=78095)[0m 
[36m(MegatronTrainRayActor pid=78095)[0m 
[36m(MegatronTrainRayActor pid=78095)[0m 
[36m(MegatronTrainRayActor pid=78095)[0m 
[36m(MegatronTrainRayActor pid=78095)[0m 
[36m(MegatronTrainRayActor pid=78095)[0m 
[36m(MegatronTrainRayActor pid=78095)[0m 
[36m(MegatronTrainRayActor pid=78095)[0m 
[36m(MegatronTrainRayActor pid=78095)[0m 
[36m(MegatronTrainRayActor pid=78095)[0m 
[36m(MegatronTrainRayActor pid=78095)[0m 
[36m(MegatronTrainRayActor pid=78095)[0m 
[36m(MegatronTrainRayActor pid=78095)[0m 
[36m(MegatronTrainRayActor pid=78095)[0m 
[36m(MegatronTrainRayActor pid=78095)[0m 
[36m(MegatronTrainRayActor pid=78095)[0m 
[36m(MegatronTrainRayActor pid=78095)[0m 
[36m(MegatronTrainRayActor pid=78095)[0m 
[36m(MegatronTrainRayActor pid=78095)[0m            -2.1719e+00, -1.3516e+00],
[36m(MegatronTrainRayActor pid=78095)[0m            -2.1719e+00, -1.3516e+00],
[36m(MegatronTrainRayActor pid=78095)[0m            -2.1719e+00, -1.3516e+00],
[36m(MegatronTrainRayActor pid=78095)[0m            -2.1719e+00, -1.3516e+00],
[36m(MegatronTrainRayActor pid=78095)[0m            -2.1719e+00, -1.3516e+00],
[36m(MegatronTrainRayActor pid=78095)[0m            -2.1719e+00, -1.3516e+00]]],
[36m(MegatronTrainRayActor pid=78095)[0m 
[36m(MegatronTrainRayActor pid=78095)[0m 
[36m(MegatronTrainRayActor pid=78095)[0m            -2.1875e+00, -1.7969e+00],
[36m(MegatronTrainRayActor pid=78095)[0m            -2.1875e+00, -1.5938e+00],
[36m(MegatronTrainRayActor pid=78095)[0m            -2.3125e+00, -4.3125e+00],
[36m(MegatronTrainRayActor pid=78095)[0m            -2.1719e+00, -1.3672e+00],
[36m(MegatronTrainRayActor pid=78095)[0m            -2.2969e+00, -3.8750e+00],
[36m(MegatronTrainRayActor pid=78095)[0m            -2.1719e+00, -1.3750e+00]]],
[36m(MegatronTrainRayActor pid=78095)[0m 
[36m(MegatronTrainRayActor pid=78095)[0m 
[36m(MegatronTrainRayActor pid=78095)[0m            -2.6094e+00, -3.6250e+00],
[36m(MegatronTrainRayActor pid=78095)[0m            -2.6250e+00, -1.7734e+00],
[36m(MegatronTrainRayActor pid=78095)[0m            -2.3125e+00, -1.4844e+00],
[36m(MegatronTrainRayActor pid=78095)[0m            -2.3906e+00, -4.1562e+00],
[36m(MegatronTrainRayActor pid=78095)[0m            -3.0312e+00, -2.8750e+00],
[36m(MegatronTrainRayActor pid=78095)[0m            -2.5781e+00, -3.8906e+00]]],
[36m(MegatronTrainRayActor pid=78095)[0m 
[36m(MegatronTrainRayActor pid=78095)[0m 
[36m(MegatronTrainRayActor pid=78095)[0m 
[36m(MegatronTrainRayActor pid=78095)[0m 
[36m(MegatronTrainRayActor pid=78095)[0m             9.6094e-01, -8.5156e-01],
[36m(MegatronTrainRayActor pid=78095)[0m             8.5547e-01, -1.0156e+00],
[36m(MegatronTrainRayActor pid=78095)[0m             9.8438e-01, -5.4688e-01],
[36m(MegatronTrainRayActor pid=78095)[0m             6.3672e-01, -5.0781e-01],
[36m(MegatronTrainRayActor pid=78095)[0m             5.4688e-01,  4.9219e-01],
[36m(MegatronTrainRayActor pid=78095)[0m             3.7109e-02, -1.2656e+00]]],
[36m(MegatronTrainRayActor pid=78095)[0m 
[36m(MegatronTrainRayActor pid=78095)[0m 
[36m(MegatronTrainRayActor pid=78095)[0m            -1.0625e+00, -1.1094e+00],
[36m(MegatronTrainRayActor pid=78095)[0m             8.7109e-01,  1.9629e-01],
[36m(MegatronTrainRayActor pid=78095)[0m             2.3906e+00,  5.8350e-02],
[36m(MegatronTrainRayActor pid=78095)[0m             6.9922e-01, -2.8711e-01],
[36m(MegatronTrainRayActor pid=78095)[0m             9.1406e-01, -1.0469e+00],
[36m(MegatronTrainRayActor pid=78095)[0m             5.8594e-01,  8.6328e-01]]],
[36m(MegatronTrainRayActor pid=78095)[0m 
[36m(MegatronTrainRayActor pid=78095)[0m 
[36m(MegatronTrainRayActor pid=78095)[0m             8.1641e-01, -9.6094e-01],
[36m(MegatronTrainRayActor pid=78095)[0m             4.8047e-01,  1.9043e-01],
[36m(MegatronTrainRayActor pid=78095)[0m             1.2422e+00, -9.8633e-02],
[36m(MegatronTrainRayActor pid=78095)[0m             5.1562e-01, -7.2754e-02],
[36m(MegatronTrainRayActor pid=78095)[0m             3.2500e+00, -2.3750e+00],
[36m(MegatronTrainRayActor pid=78095)[0m             1.8047e+00,  1.4375e+00]]]], device='cuda:2', dtype=torch.bfloat16,
[36m(MegatronTrainRayActor pid=78095)[0m           [10.7521],
[36m(MegatronTrainRayActor pid=78095)[0m           [11.5038],
[36m(MegatronTrainRayActor pid=78095)[0m           [12.8895]],
[36m(MegatronTrainRayActor pid=78095)[0m 
[36m(MegatronTrainRayActor pid=78095)[0m           [-0.4807],
[36m(MegatronTrainRayActor pid=78095)[0m           [12.5980],
[36m(MegatronTrainRayActor pid=78095)[0m           [11.2707],
[36m(MegatronTrainRayActor pid=78095)[0m           [11.9539]],
[36m(MegatronTrainRayActor pid=78095)[0m 
[36m(MegatronTrainRayActor pid=78095)[0m           [12.7795],
[36m(MegatronTrainRayActor pid=78095)[0m           [13.8044],
[36m(MegatronTrainRayActor pid=78095)[0m           [12.2157]],
[36m(MegatronTrainRayActor pid=78095)[0m 
[36m(MegatronTrainRayActor pid=78095)[0m 
[36m(MegatronTrainRayActor pid=78095)[0m          [[-0.6126],
[36m(MegatronTrainRayActor pid=78095)[0m           [11.7051],
[36m(MegatronTrainRayActor pid=78095)[0m           [10.4430],
[36m(MegatronTrainRayActor pid=78095)[0m           [10.7636]],
[36m(MegatronTrainRayActor pid=78095)[0m 
[36m(MegatronTrainRayActor pid=78095)[0m           [-0.5952],
[36m(MegatronTrainRayActor pid=78095)[0m           [11.8162],
[36m(MegatronTrainRayActor pid=78095)[0m           [15.7925],
[36m(MegatronTrainRayActor pid=78095)[0m           [12.9574]],
[36m(MegatronTrainRayActor pid=78095)[0m 
[36m(MegatronTrainRayActor pid=78095)[0m          [[-3.3222],
[36m(MegatronTrainRayActor pid=78095)[0m           [-0.8465],
[36m(MegatronTrainRayActor pid=78095)[0m           [-0.9367],
[36m(MegatronTrainRayActor pid=78095)[0m           [12.0012],
[36m(MegatronTrainRayActor pid=78095)[0m           [13.6739],
[36m(MegatronTrainRayActor pid=78095)[0m            -4.2578e-01,  1.9219e+00],
[36m(MegatronTrainRayActor pid=78095)[0m             7.6953e-01, -1.3594e+00],
[36m(MegatronTrainRayActor pid=78095)[0m             1.5078e+00,  2.2656e+00],
[36m(MegatronTrainRayActor pid=78095)[0m             1.3438e+00,  2.8906e+00],
[36m(MegatronTrainRayActor pid=78095)[0m             9.0625e-01,  2.0469e+00],
[36m(MegatronTrainRayActor pid=78095)[0m             3.4375e-01,  2.0996e-01]]],
[36m(MegatronTrainRayActor pid=78095)[0m 
[36m(MegatronTrainRayActor pid=78095)[0m 
[36m(MegatronTrainRayActor pid=78095)[0m             9.8828e-01,  1.4141e+00],
[36m(MegatronTrainRayActor pid=78095)[0m            -8.5547e-01, -6.1768e-02],
[36m(MegatronTrainRayActor pid=78095)[0m             9.7266e-01, -4.2188e+00],
[36m(MegatronTrainRayActor pid=78095)[0m            -7.5391e-01, -3.7031e+00],
[36m(MegatronTrainRayActor pid=78095)[0m            -5.8594e-01,  1.6094e+00],
[36m(MegatronTrainRayActor pid=78095)[0m            -3.0273e-01,  3.6469e-03]]],
[36m(MegatronTrainRayActor pid=78095)[0m 
[36m(MegatronTrainRayActor pid=78095)[0m 
[36m(MegatronTrainRayActor pid=78095)[0m            -2.5469e+00,  2.6562e+00],
[36m(MegatronTrainRayActor pid=78095)[0m            -2.1719e+00, -1.3516e+00],
[36m(MegatronTrainRayActor pid=78095)[0m             3.1641e-01, -5.9766e-01],
[36m(MegatronTrainRayActor pid=78095)[0m             9.1797e-01, -3.9307e-02],
[36m(MegatronTrainRayActor pid=78095)[0m             1.2188e+00,  1.3516e+00],
[36m(MegatronTrainRayActor pid=78095)[0m             2.4375e+00,  3.9062e+00]]],
[36m(MegatronTrainRayActor pid=78095)[0m 
[36m(MegatronTrainRayActor pid=78095)[0m 
[36m(MegatronTrainRayActor pid=78095)[0m 
[36m(MegatronTrainRayActor pid=78095)[0m 
[36m(MegatronTrainRayActor pid=78095)[0m            -4.8438e-01, -1.0859e+00],
[36m(MegatronTrainRayActor pid=78095)[0m             3.7812e+00, -1.8359e-01],
[36m(MegatronTrainRayActor pid=78095)[0m            -1.5000e+00,  1.2734e+00],
[36m(MegatronTrainRayActor pid=78095)[0m            -1.1328e+00, -1.5625e+00],
[36m(MegatronTrainRayActor pid=78095)[0m            -4.2383e-01,  1.4219e+00],
[36m(MegatronTrainRayActor pid=78095)[0m            -8.9453e-01,  1.0469e+00]]],
[36m(MegatronTrainRayActor pid=78095)[0m 
[36m(MegatronTrainRayActor pid=78095)[0m 
[36m(MegatronTrainRayActor pid=78095)[0m            -1.0703e+00, -1.4746e-01],
[36m(MegatronTrainRayActor pid=78095)[0m             1.7969e+00,  6.0938e-01],
[36m(MegatronTrainRayActor pid=78095)[0m            -4.2500e+00, -2.2500e+00],
[36m(MegatronTrainRayActor pid=78095)[0m             2.6758e-01, -2.4375e+00],
[36m(MegatronTrainRayActor pid=78095)[0m            -1.0859e+00,  9.2969e-01],
[36m(MegatronTrainRayActor pid=78095)[0m            -1.0547e+00,  3.7109e-01]]],
[36m(MegatronTrainRayActor pid=78095)[0m 
[36m(MegatronTrainRayActor pid=78095)[0m 
[36m(MegatronTrainRayActor pid=78095)[0m            -8.6328e-01,  5.7422e-01],
[36m(MegatronTrainRayActor pid=78095)[0m            -2.5312e+00, -1.8750e+00],
[36m(MegatronTrainRayActor pid=78095)[0m            -1.1484e+00, -6.6016e-01],
[36m(MegatronTrainRayActor pid=78095)[0m             1.3594e+00,  3.3438e+00],
[36m(MegatronTrainRayActor pid=78095)[0m            -1.1953e+00, -1.8984e+00],
[36m(MegatronTrainRayActor pid=78095)[0m            -0.0000e+00,  0.0000e+00]]],
[36m(MegatronTrainRayActor pid=78095)[0m 
[36m(MegatronTrainRayActor pid=78095)[0m 
[36m(MegatronTrainRayActor pid=78095)[0m            -0.0000e+00, -0.0000e+00]]],
[36m(MegatronTrainRayActor pid=78095)[0m 
[36m(MegatronTrainRayActor pid=78095)[0m 
[36m(MegatronTrainRayActor pid=78095)[0m            -0.0000e+00, -0.0000e+00]]],
[36m(MegatronTrainRayActor pid=78095)[0m 
[36m(MegatronTrainRayActor pid=78095)[0m 
[36m(MegatronTrainRayActor pid=78095)[0m 
[36m(MegatronTrainRayActor pid=78095)[0m 
[36m(MegatronTrainRayActor pid=78095)[0m             8.3219e-11, -1.4916e-10]]],
[36m(MegatronTrainRayActor pid=78095)[0m 
[36m(MegatronTrainRayActor pid=78095)[0m 
[36m(MegatronTrainRayActor pid=78095)[0m            -2.0009e-10,  1.1050e-10]]],
[36m(MegatronTrainRayActor pid=78095)[0m 
[36m(MegatronTrainRayActor pid=78095)[0m 
[36m(MegatronTrainRayActor pid=78095)[0m            -2.2396e-11,  8.1357e-13]]],
[36m(MegatronTrainRayActor pid=78095)[0m 
[36m(MegatronTrainRayActor pid=78095)[0m 
[36m(MegatronTrainRayActor pid=78095)[0m            -2.2396e-11, -6.1959e-12]]],
[36m(MegatronTrainRayActor pid=78095)[0m 
[36m(MegatronTrainRayActor pid=78095)[0m 
[36m(MegatronTrainRayActor pid=78095)[0m             1.3642e-10, -1.2847e-11]]],
[36m(MegatronTrainRayActor pid=78095)[0m 
[36m(MegatronTrainRayActor pid=78095)[0m 
[36m(MegatronTrainRayActor pid=78095)[0m 
[36m(MegatronTrainRayActor pid=78095)[0m 
[36m(MegatronTrainRayActor pid=78095)[0m             0.0000e+00, -0.0000e+00]]],
[36m(MegatronTrainRayActor pid=78095)[0m 
[36m(MegatronTrainRayActor pid=78095)[0m 
[36m(MegatronTrainRayActor pid=78095)[0m            -0.0000e+00, -0.0000e+00]]],
[36m(MegatronTrainRayActor pid=78095)[0m 
[36m(MegatronTrainRayActor pid=78095)[0m 
[36m(MegatronTrainRayActor pid=78093)[0m     custom_backward(output_tensor[0], output_tensor_grad[0])
[36m(MegatronTrainRayActor pid=78093)[0m 
[36m(MegatronTrainRayActor pid=78093)[0m 
[36m(MegatronTrainRayActor pid=78093)[0m 
[36m(MegatronTrainRayActor pid=78093)[0m 
[36m(MegatronTrainRayActor pid=78093)[0m 
[36m(MegatronTrainRayActor pid=78093)[0m 
[36m(MegatronTrainRayActor pid=78093)[0m 
[36m(MegatronTrainRayActor pid=78093)[0m 
[36m(MegatronTrainRayActor pid=78093)[0m 
[36m(MegatronTrainRayActor pid=78093)[0m 
[36m(MegatronTrainRayActor pid=78093)[0m 
[36m(MegatronTrainRayActor pid=78093)[0m 
[36m(MegatronTrainRayActor pid=78093)[0m 
[36m(MegatronTrainRayActor pid=78093)[0m            -7.8125e-01,  2.4219e+00],
[36m(MegatronTrainRayActor pid=78093)[0m             1.7578e+00,  4.5471e-03],
[36m(MegatronTrainRayActor pid=78093)[0m             1.0781e+00, -1.5156e+00],
[36m(MegatronTrainRayActor pid=78093)[0m             3.0625e+00, -5.0781e-01],
[36m(MegatronTrainRayActor pid=78093)[0m            -2.6367e-01,  1.7969e+00],
[36m(MegatronTrainRayActor pid=78093)[0m             3.1641e-01,  1.3438e+00]]],
[36m(MegatronTrainRayActor pid=78093)[0m 
[36m(MegatronTrainRayActor pid=78093)[0m 
[36m(MegatronTrainRayActor pid=78093)[0m            -3.4961e-01,  2.9531e+00],
[36m(MegatronTrainRayActor pid=78093)[0m            -2.4688e+00, -3.4531e+00],
[36m(MegatronTrainRayActor pid=78093)[0m             8.9844e-01,  2.0605e-01],
[36m(MegatronTrainRayActor pid=78093)[0m             4.1406e-01,  1.8281e+00],
[36m(MegatronTrainRayActor pid=78093)[0m             1.8848e-01, -2.3438e+00],
[36m(MegatronTrainRayActor pid=78093)[0m             2.8125e+00,  1.9297e+00]]],
[36m(MegatronTrainRayActor pid=78093)[0m 
[36m(MegatronTrainRayActor pid=78093)[0m 
[36m(MegatronTrainRayActor pid=78093)[0m             1.2451e-02, -1.1406e+00],
[36m(MegatronTrainRayActor pid=78093)[0m            -3.5156e-01,  1.8828e+00],
[36m(MegatronTrainRayActor pid=78093)[0m             1.6328e+00, -2.3281e+00],
[36m(MegatronTrainRayActor pid=78093)[0m             1.5234e-01,  1.8359e+00],
[36m(MegatronTrainRayActor pid=78093)[0m            -9.1797e-01, -4.8047e-01],
[36m(MegatronTrainRayActor pid=78093)[0m             1.2031e+00,  4.6562e+00]]],
[36m(MegatronTrainRayActor pid=78093)[0m 
[36m(MegatronTrainRayActor pid=78093)[0m 
[36m(MegatronTrainRayActor pid=78093)[0m 
[36m(MegatronTrainRayActor pid=78093)[0m 
[36m(MegatronTrainRayActor pid=78093)[0m             3.1094e+00, -2.3438e+00],
[36m(MegatronTrainRayActor pid=78093)[0m            -2.0938e+00, -4.1562e+00],
[36m(MegatronTrainRayActor pid=78093)[0m            -3.9062e-01, -2.9375e+00],
[36m(MegatronTrainRayActor pid=78093)[0m             5.0625e+00,  2.5977e-01],
[36m(MegatronTrainRayActor pid=78093)[0m             7.3828e-01, -9.4531e-01],
[36m(MegatronTrainRayActor pid=78093)[0m             6.2891e-01, -3.7305e-01]]],
[36m(MegatronTrainRayActor pid=78093)[0m 
[36m(MegatronTrainRayActor pid=78093)[0m 
[36m(MegatronTrainRayActor pid=78093)[0m             3.7969e+00, -1.1250e+00],
[36m(MegatronTrainRayActor pid=78093)[0m            -1.0938e+00, -1.0547e+00],
[36m(MegatronTrainRayActor pid=78093)[0m            -4.1992e-01,  1.1797e+00],
[36m(MegatronTrainRayActor pid=78093)[0m             4.5312e+00, -1.6719e+00],
[36m(MegatronTrainRayActor pid=78093)[0m             3.1094e+00, -1.4609e+00],
[36m(MegatronTrainRayActor pid=78093)[0m             1.3516e+00,  1.7578e+00]]],
[36m(MegatronTrainRayActor pid=78093)[0m 
[36m(MegatronTrainRayActor pid=78093)[0m 
[36m(MegatronTrainRayActor pid=78093)[0m             6.8750e+00,  2.3281e+00],
[36m(MegatronTrainRayActor pid=78093)[0m             1.2266e+00,  1.2969e+00],
[36m(MegatronTrainRayActor pid=78093)[0m            -4.7461e-01, -7.7734e-01],
[36m(MegatronTrainRayActor pid=78093)[0m             1.6484e+00, -8.5547e-01],
[36m(MegatronTrainRayActor pid=78093)[0m             7.8516e-01,  2.4219e+00],
[36m(MegatronTrainRayActor pid=78093)[0m             1.2578e+00, -1.7031e+00]]]], device='cuda:5', dtype=torch.bfloat16,
[36m(MegatronTrainRayActor pid=78093)[0m 
[36m(MegatronTrainRayActor pid=78093)[0m 
[36m(MegatronTrainRayActor pid=78093)[0m 
[36m(MegatronTrainRayActor pid=78093)[0m 
[36m(MegatronTrainRayActor pid=78093)[0m 
[36m(MegatronTrainRayActor pid=78093)[0m 
[36m(MegatronTrainRayActor pid=78093)[0m 
[36m(MegatronTrainRayActor pid=78093)[0m 
[36m(MegatronTrainRayActor pid=78093)[0m 
[36m(MegatronTrainRayActor pid=78093)[0m 
[36m(MegatronTrainRayActor pid=78093)[0m 
[36m(MegatronTrainRayActor pid=78093)[0m 
[36m(MegatronTrainRayActor pid=78093)[0m 
[36m(MegatronTrainRayActor pid=78093)[0m 
[36m(MegatronTrainRayActor pid=78093)[0m 
[36m(MegatronTrainRayActor pid=78093)[0m 
[36m(MegatronTrainRayActor pid=78093)[0m 
[36m(MegatronTrainRayActor pid=78093)[0m 
[36m(MegatronTrainRayActor pid=78093)[0m 
[36m(MegatronTrainRayActor pid=78093)[0m 
[36m(MegatronTrainRayActor pid=78093)[0m 
[36m(MegatronTrainRayActor pid=78093)[0m 
[36m(MegatronTrainRayActor pid=78093)[0m 
[36m(MegatronTrainRayActor pid=78093)[0m 
[36m(MegatronTrainRayActor pid=78093)[0m            -4.2188e-01,  1.2109e+00],
[36m(MegatronTrainRayActor pid=78093)[0m            -4.2188e-01,  1.2109e+00],
[36m(MegatronTrainRayActor pid=78093)[0m            -4.2188e-01,  1.2109e+00],
[36m(MegatronTrainRayActor pid=78093)[0m            -4.2188e-01,  1.2109e+00],
[36m(MegatronTrainRayActor pid=78093)[0m            -4.2188e-01,  1.2109e+00],
[36m(MegatronTrainRayActor pid=78093)[0m            -4.2188e-01,  1.2109e+00]]],
[36m(MegatronTrainRayActor pid=78093)[0m 
[36m(MegatronTrainRayActor pid=78093)[0m 
[36m(MegatronTrainRayActor pid=78093)[0m            -4.1602e-01,  1.2109e+00],
[36m(MegatronTrainRayActor pid=78093)[0m            -1.0596e-01,  1.3281e+00],
[36m(MegatronTrainRayActor pid=78093)[0m             2.2754e-01,  1.4609e+00],
[36m(MegatronTrainRayActor pid=78093)[0m             8.6328e-01,  1.7031e+00],
[36m(MegatronTrainRayActor pid=78093)[0m             7.6953e-01,  1.6719e+00],
[36m(MegatronTrainRayActor pid=78093)[0m             5.6250e-01,  1.5938e+00]]],
[36m(MegatronTrainRayActor pid=78093)[0m 
[36m(MegatronTrainRayActor pid=78093)[0m 
[36m(MegatronTrainRayActor pid=78093)[0m            -4.0039e-01,  1.1719e+00],
[36m(MegatronTrainRayActor pid=78093)[0m            -2.6978e-02,  5.5078e-01],
[36m(MegatronTrainRayActor pid=78093)[0m             1.9409e-02,  6.1719e-01],
[36m(MegatronTrainRayActor pid=78093)[0m             6.2988e-02,  6.6016e-01],
[36m(MegatronTrainRayActor pid=78093)[0m            -2.9297e-01,  1.0859e+00],
[36m(MegatronTrainRayActor pid=78093)[0m            -2.5635e-02,  6.9922e-01]]],
[36m(MegatronTrainRayActor pid=78093)[0m 
[36m(MegatronTrainRayActor pid=78093)[0m 
[36m(MegatronTrainRayActor pid=78093)[0m 
[36m(MegatronTrainRayActor pid=78093)[0m 
[36m(MegatronTrainRayActor pid=78093)[0m             1.7578e+00, -4.9688e+00],
[36m(MegatronTrainRayActor pid=78093)[0m             6.1719e-01, -4.1992e-01],
[36m(MegatronTrainRayActor pid=78093)[0m            -2.8906e-01,  6.3672e-01],
[36m(MegatronTrainRayActor pid=78093)[0m             8.3594e-01,  1.6602e-01],
[36m(MegatronTrainRayActor pid=78093)[0m             2.2559e-01,  1.8906e+00],
[36m(MegatronTrainRayActor pid=78093)[0m             8.1250e-01,  1.4375e+00]]],
[36m(MegatronTrainRayActor pid=78093)[0m 
[36m(MegatronTrainRayActor pid=78093)[0m 
[36m(MegatronTrainRayActor pid=78093)[0m             3.8672e-01,  8.7109e-01],
[36m(MegatronTrainRayActor pid=78093)[0m             4.3945e-01, -1.0156e+00],
[36m(MegatronTrainRayActor pid=78093)[0m            -7.7148e-02, -3.8086e-02],
[36m(MegatronTrainRayActor pid=78093)[0m             1.3359e+00, -3.2031e-01],
[36m(MegatronTrainRayActor pid=78093)[0m             5.4688e-01,  1.6699e-01],
[36m(MegatronTrainRayActor pid=78093)[0m            -1.0234e+00,  8.8672e-01]]],
[36m(MegatronTrainRayActor pid=78093)[0m 
[36m(MegatronTrainRayActor pid=78093)[0m 
[36m(MegatronTrainRayActor pid=78093)[0m            -4.2188e-01,  7.1716e-03],
[36m(MegatronTrainRayActor pid=78093)[0m            -4.2725e-02, -3.3594e-01],
[36m(MegatronTrainRayActor pid=78093)[0m             2.2852e-01, -1.3281e+00],
[36m(MegatronTrainRayActor pid=78093)[0m            -1.2891e-01, -6.4062e-01],
[36m(MegatronTrainRayActor pid=78093)[0m             5.0781e-01,  1.1641e+00],
[36m(MegatronTrainRayActor pid=78093)[0m             1.3828e+00,  1.4531e+00]]]], device='cuda:5', dtype=torch.bfloat16,
[36m(MegatronTrainRayActor pid=78093)[0m           [13.8001],
[36m(MegatronTrainRayActor pid=78093)[0m           [11.0009],
[36m(MegatronTrainRayActor pid=78093)[0m           [11.7872]],
[36m(MegatronTrainRayActor pid=78093)[0m 
[36m(MegatronTrainRayActor pid=78093)[0m          [[-0.7383],
[36m(MegatronTrainRayActor pid=78093)[0m           [-1.1507],
[36m(MegatronTrainRayActor pid=78093)[0m           [-0.3489],
[36m(MegatronTrainRayActor pid=78093)[0m           [12.4644],
[36m(MegatronTrainRayActor pid=78093)[0m           [11.7061],
[36m(MegatronTrainRayActor pid=78093)[0m           [12.4755]],
[36m(MegatronTrainRayActor pid=78093)[0m 
[36m(MegatronTrainRayActor pid=78093)[0m           [10.2144],
[36m(MegatronTrainRayActor pid=78093)[0m           [11.6879],
[36m(MegatronTrainRayActor pid=78093)[0m           [14.5321]],
[36m(MegatronTrainRayActor pid=78093)[0m 
[36m(MegatronTrainRayActor pid=78093)[0m 
[36m(MegatronTrainRayActor pid=78093)[0m           [10.8945],
[36m(MegatronTrainRayActor pid=78093)[0m           [12.9823],
[36m(MegatronTrainRayActor pid=78093)[0m           [12.2290]],
[36m(MegatronTrainRayActor pid=78093)[0m 
[36m(MegatronTrainRayActor pid=78093)[0m          [[-0.8589],
[36m(MegatronTrainRayActor pid=78093)[0m           [11.6231],
[36m(MegatronTrainRayActor pid=78093)[0m           [11.1546],
[36m(MegatronTrainRayActor pid=78093)[0m           [12.6238]],
[36m(MegatronTrainRayActor pid=78093)[0m 
[36m(MegatronTrainRayActor pid=78093)[0m           [11.4259],
[36m(MegatronTrainRayActor pid=78093)[0m           [11.7135],
[36m(MegatronTrainRayActor pid=78093)[0m 
[36m(MegatronTrainRayActor pid=78093)[0m 
[36m(MegatronTrainRayActor pid=78093)[0m 
[36m(MegatronTrainRayActor pid=78093)[0m 
[36m(MegatronTrainRayActor pid=78093)[0m 
[36m(MegatronTrainRayActor pid=78093)[0m 
[36m(MegatronTrainRayActor pid=78093)[0m 
[36m(MegatronTrainRayActor pid=78093)[0m 
[36m(MegatronTrainRayActor pid=78093)[0m 
[36m(MegatronTrainRayActor pid=78093)[0m 
[36m(MegatronTrainRayActor pid=78093)[0m 
[36m(MegatronTrainRayActor pid=78093)[0m 
[36m(MegatronTrainRayActor pid=78093)[0m 
[36m(MegatronTrainRayActor pid=78093)[0m 
[36m(MegatronTrainRayActor pid=78093)[0m 
[36m(MegatronTrainRayActor pid=78093)[0m 
[36m(MegatronTrainRayActor pid=78093)[0m 
[36m(MegatronTrainRayActor pid=78093)[0m 
[36m(MegatronTrainRayActor pid=78093)[0m 
[36m(MegatronTrainRayActor pid=78093)[0m 
[36m(MegatronTrainRayActor pid=78093)[0m 
[36m(MegatronTrainRayActor pid=78093)[0m 
[36m(MegatronTrainRayActor pid=78093)[0m 
[36m(MegatronTrainRayActor pid=78093)[0m 
[36m(MegatronTrainRayActor pid=78093)[0m 
[36m(MegatronTrainRayActor pid=78093)[0m 
[36m(MegatronTrainRayActor pid=78093)[0m 
[36m(MegatronTrainRayActor pid=78093)[0m 
[36m(MegatronTrainRayActor pid=78093)[0m 
[36m(MegatronTrainRayActor pid=78093)[0m 
[36m(MegatronTrainRayActor pid=78093)[0m 
[36m(MegatronTrainRayActor pid=78093)[0m 
[36m(MegatronTrainRayActor pid=78093)[0m 
[36m(MegatronTrainRayActor pid=78093)[0m 
[36m(MegatronTrainRayActor pid=78093)[0m 
[36m(MegatronTrainRayActor pid=78093)[0m 
[36m(MegatronTrainRayActor pid=78093)[0m     custom_backward(output_tensor[0], output_tensor_grad[0])
[36m(MegatronTrainRayActor pid=78093)[0m 
[36m(MegatronTrainRayActor pid=78093)[0m 
[36m(MegatronTrainRayActor pid=78093)[0m 
[36m(MegatronTrainRayActor pid=78093)[0m 
[36m(MegatronTrainRayActor pid=78093)[0m 
[36m(MegatronTrainRayActor pid=78093)[0m 
[36m(MegatronTrainRayActor pid=78093)[0m 
[36m(MegatronTrainRayActor pid=78093)[0m 
[36m(MegatronTrainRayActor pid=78093)[0m 
[36m(MegatronTrainRayActor pid=78093)[0m 
[36m(MegatronTrainRayActor pid=78093)[0m 
[36m(MegatronTrainRayActor pid=78093)[0m 
[36m(MegatronTrainRayActor pid=78093)[0m 
[36m(MegatronTrainRayActor pid=78093)[0m            -7.8125e-01,  2.4219e+00],
[36m(MegatronTrainRayActor pid=78093)[0m             1.7578e+00,  4.5471e-03],
[36m(MegatronTrainRayActor pid=78093)[0m             1.0781e+00, -1.5156e+00],
[36m(MegatronTrainRayActor pid=78093)[0m             3.0625e+00, -5.0781e-01],
[36m(MegatronTrainRayActor pid=78093)[0m            -2.6367e-01,  1.7969e+00],
[36m(MegatronTrainRayActor pid=78093)[0m             3.1641e-01,  1.3438e+00]]],
[36m(MegatronTrainRayActor pid=78093)[0m 
[36m(MegatronTrainRayActor pid=78093)[0m 
[36m(MegatronTrainRayActor pid=78093)[0m            -3.4961e-01,  2.9531e+00],
[36m(MegatronTrainRayActor pid=78093)[0m            -2.4688e+00, -3.4531e+00],
[36m(MegatronTrainRayActor pid=78093)[0m             8.9844e-01,  2.0605e-01],
[36m(MegatronTrainRayActor pid=78093)[0m             4.1406e-01,  1.8281e+00],
[36m(MegatronTrainRayActor pid=78093)[0m             1.8848e-01, -2.3438e+00],
[36m(MegatronTrainRayActor pid=78093)[0m             2.8125e+00,  1.9297e+00]]],
[36m(MegatronTrainRayActor pid=78093)[0m 
[36m(MegatronTrainRayActor pid=78093)[0m 
[36m(MegatronTrainRayActor pid=78093)[0m             1.2451e-02, -1.1406e+00],
[36m(MegatronTrainRayActor pid=78093)[0m            -3.5156e-01,  1.8828e+00],
[36m(MegatronTrainRayActor pid=78093)[0m             1.6328e+00, -2.3281e+00],
[36m(MegatronTrainRayActor pid=78093)[0m             1.5234e-01,  1.8359e+00],
[36m(MegatronTrainRayActor pid=78093)[0m            -9.1797e-01, -4.8047e-01],
[36m(MegatronTrainRayActor pid=78093)[0m             1.2031e+00,  4.6562e+00]]],
[36m(MegatronTrainRayActor pid=78093)[0m 
[36m(MegatronTrainRayActor pid=78093)[0m 
[36m(MegatronTrainRayActor pid=78093)[0m 
[36m(MegatronTrainRayActor pid=78093)[0m 
[36m(MegatronTrainRayActor pid=78093)[0m             3.1094e+00, -2.3438e+00],
[36m(MegatronTrainRayActor pid=78093)[0m            -2.0938e+00, -4.1562e+00],
[36m(MegatronTrainRayActor pid=78093)[0m            -3.9062e-01, -2.9375e+00],
[36m(MegatronTrainRayActor pid=78093)[0m             5.0625e+00,  2.5977e-01],
[36m(MegatronTrainRayActor pid=78093)[0m             7.3828e-01, -9.4531e-01],
[36m(MegatronTrainRayActor pid=78093)[0m             6.2891e-01, -3.7305e-01]]],
[36m(MegatronTrainRayActor pid=78093)[0m 
[36m(MegatronTrainRayActor pid=78093)[0m 
[36m(MegatronTrainRayActor pid=78093)[0m             3.7969e+00, -1.1250e+00],
[36m(MegatronTrainRayActor pid=78093)[0m            -1.0938e+00, -1.0547e+00],
[36m(MegatronTrainRayActor pid=78093)[0m            -4.1992e-01,  1.1797e+00],
[36m(MegatronTrainRayActor pid=78093)[0m             4.5312e+00, -1.6719e+00],
[36m(MegatronTrainRayActor pid=78093)[0m             3.1094e+00, -1.4609e+00],
[36m(MegatronTrainRayActor pid=78093)[0m             1.3516e+00,  1.7578e+00]]],
[36m(MegatronTrainRayActor pid=78093)[0m 
[36m(MegatronTrainRayActor pid=78093)[0m 
[36m(MegatronTrainRayActor pid=78093)[0m             6.8750e+00,  2.3281e+00],
[36m(MegatronTrainRayActor pid=78093)[0m             1.2266e+00,  1.2969e+00],
[36m(MegatronTrainRayActor pid=78093)[0m            -4.7461e-01, -7.7734e-01],
[36m(MegatronTrainRayActor pid=78093)[0m             1.6484e+00, -8.5547e-01],
[36m(MegatronTrainRayActor pid=78093)[0m             7.8516e-01,  2.4219e+00],
[36m(MegatronTrainRayActor pid=78093)[0m             1.2578e+00, -1.7031e+00]]]], device='cuda:5', dtype=torch.bfloat16,
[36m(MegatronTrainRayActor pid=78093)[0m 
[36m(MegatronTrainRayActor pid=78093)[0m 
[36m(MegatronTrainRayActor pid=78093)[0m 
[36m(MegatronTrainRayActor pid=78093)[0m 
[36m(MegatronTrainRayActor pid=78093)[0m 
[36m(MegatronTrainRayActor pid=78093)[0m 
[36m(MegatronTrainRayActor pid=78093)[0m 
[36m(MegatronTrainRayActor pid=78093)[0m 
[36m(MegatronTrainRayActor pid=78093)[0m 
[36m(MegatronTrainRayActor pid=78093)[0m 
[36m(MegatronTrainRayActor pid=78093)[0m 
[36m(MegatronTrainRayActor pid=78093)[0m 
[36m(MegatronTrainRayActor pid=78093)[0m 
[36m(MegatronTrainRayActor pid=78093)[0m 
[36m(MegatronTrainRayActor pid=78093)[0m 
[36m(MegatronTrainRayActor pid=78093)[0m 
[36m(MegatronTrainRayActor pid=78093)[0m 
[36m(MegatronTrainRayActor pid=78093)[0m 
[36m(MegatronTrainRayActor pid=78093)[0m 
[36m(MegatronTrainRayActor pid=78093)[0m 
[36m(MegatronTrainRayActor pid=78093)[0m 
[36m(MegatronTrainRayActor pid=78093)[0m 
[36m(MegatronTrainRayActor pid=78093)[0m 
[36m(MegatronTrainRayActor pid=78093)[0m 
[36m(MegatronTrainRayActor pid=78093)[0m            -4.2188e-01,  1.2109e+00],
[36m(MegatronTrainRayActor pid=78093)[0m            -4.2188e-01,  1.2109e+00],
[36m(MegatronTrainRayActor pid=78093)[0m            -4.2188e-01,  1.2109e+00],
[36m(MegatronTrainRayActor pid=78093)[0m            -4.2188e-01,  1.2109e+00],
[36m(MegatronTrainRayActor pid=78093)[0m            -4.2188e-01,  1.2109e+00],
[36m(MegatronTrainRayActor pid=78093)[0m            -4.2188e-01,  1.2109e+00]]],
[36m(MegatronTrainRayActor pid=78093)[0m 
[36m(MegatronTrainRayActor pid=78093)[0m 
[36m(MegatronTrainRayActor pid=78093)[0m            -4.1602e-01,  1.2109e+00],
[36m(MegatronTrainRayActor pid=78093)[0m            -1.0596e-01,  1.3281e+00],
[36m(MegatronTrainRayActor pid=78093)[0m             2.2754e-01,  1.4609e+00],
[36m(MegatronTrainRayActor pid=78093)[0m             8.6328e-01,  1.7031e+00],
[36m(MegatronTrainRayActor pid=78093)[0m             7.6953e-01,  1.6719e+00],
[36m(MegatronTrainRayActor pid=78093)[0m             5.6250e-01,  1.5938e+00]]],
[36m(MegatronTrainRayActor pid=78093)[0m 
[36m(MegatronTrainRayActor pid=78093)[0m 
[36m(MegatronTrainRayActor pid=78093)[0m            -4.0039e-01,  1.1719e+00],
[36m(MegatronTrainRayActor pid=78093)[0m            -2.6978e-02,  5.5078e-01],
[36m(MegatronTrainRayActor pid=78093)[0m             1.9409e-02,  6.1719e-01],
[36m(MegatronTrainRayActor pid=78093)[0m             6.2988e-02,  6.6016e-01],
[36m(MegatronTrainRayActor pid=78093)[0m            -2.9297e-01,  1.0859e+00],
[36m(MegatronTrainRayActor pid=78093)[0m            -2.5635e-02,  6.9922e-01]]],
[36m(MegatronTrainRayActor pid=78093)[0m 
[36m(MegatronTrainRayActor pid=78093)[0m 
[36m(MegatronTrainRayActor pid=78093)[0m 
[36m(MegatronTrainRayActor pid=78093)[0m 
[36m(MegatronTrainRayActor pid=78093)[0m             1.7578e+00, -4.9688e+00],
[36m(MegatronTrainRayActor pid=78093)[0m             6.1719e-01, -4.1992e-01],
[36m(MegatronTrainRayActor pid=78093)[0m            -2.8906e-01,  6.3672e-01],
[36m(MegatronTrainRayActor pid=78093)[0m             8.3594e-01,  1.6602e-01],
[36m(MegatronTrainRayActor pid=78093)[0m             2.2559e-01,  1.8906e+00],
[36m(MegatronTrainRayActor pid=78093)[0m             8.1250e-01,  1.4375e+00]]],
[36m(MegatronTrainRayActor pid=78093)[0m 
[36m(MegatronTrainRayActor pid=78093)[0m 
[36m(MegatronTrainRayActor pid=78093)[0m             3.8672e-01,  8.7109e-01],
[36m(MegatronTrainRayActor pid=78093)[0m             4.3945e-01, -1.0156e+00],
[36m(MegatronTrainRayActor pid=78093)[0m            -7.7148e-02, -3.8086e-02],
[36m(MegatronTrainRayActor pid=78093)[0m             1.3359e+00, -3.2031e-01],
[36m(MegatronTrainRayActor pid=78093)[0m             5.4688e-01,  1.6699e-01],
[36m(MegatronTrainRayActor pid=78093)[0m            -1.0234e+00,  8.8672e-01]]],
[36m(MegatronTrainRayActor pid=78093)[0m 
[36m(MegatronTrainRayActor pid=78093)[0m 
[36m(MegatronTrainRayActor pid=78093)[0m            -4.2188e-01,  7.1716e-03],
[36m(MegatronTrainRayActor pid=78093)[0m            -4.2725e-02, -3.3594e-01],
[36m(MegatronTrainRayActor pid=78093)[0m             2.2852e-01, -1.3281e+00],
[36m(MegatronTrainRayActor pid=78093)[0m            -1.2891e-01, -6.4062e-01],
[36m(MegatronTrainRayActor pid=78093)[0m             5.0781e-01,  1.1641e+00],
[36m(MegatronTrainRayActor pid=78093)[0m             1.3828e+00,  1.4531e+00]]]], device='cuda:5', dtype=torch.bfloat16,
[36m(MegatronTrainRayActor pid=78093)[0m           [13.8001],
[36m(MegatronTrainRayActor pid=78093)[0m           [11.0009],
[36m(MegatronTrainRayActor pid=78093)[0m           [11.7872]],
[36m(MegatronTrainRayActor pid=78093)[0m 
[36m(MegatronTrainRayActor pid=78093)[0m          [[-0.7383],
[36m(MegatronTrainRayActor pid=78093)[0m           [-1.1507],
[36m(MegatronTrainRayActor pid=78093)[0m           [-0.3489],
[36m(MegatronTrainRayActor pid=78093)[0m           [12.4644],
[36m(MegatronTrainRayActor pid=78093)[0m           [11.7061],
[36m(MegatronTrainRayActor pid=78093)[0m           [12.4755]],
[36m(MegatronTrainRayActor pid=78093)[0m 
[36m(MegatronTrainRayActor pid=78093)[0m           [10.2144],
[36m(MegatronTrainRayActor pid=78093)[0m           [11.6879],
[36m(MegatronTrainRayActor pid=78093)[0m           [14.5321]],
[36m(MegatronTrainRayActor pid=78093)[0m 
[36m(MegatronTrainRayActor pid=78093)[0m 
[36m(MegatronTrainRayActor pid=78093)[0m           [10.8945],
[36m(MegatronTrainRayActor pid=78093)[0m           [12.9823],
[36m(MegatronTrainRayActor pid=78093)[0m           [12.2290]],
[36m(MegatronTrainRayActor pid=78093)[0m 
[36m(MegatronTrainRayActor pid=78093)[0m          [[-0.8589],
[36m(MegatronTrainRayActor pid=78093)[0m           [11.6231],
[36m(MegatronTrainRayActor pid=78093)[0m           [11.1546],
[36m(MegatronTrainRayActor pid=78093)[0m           [12.6238]],
[36m(MegatronTrainRayActor pid=78093)[0m 
[36m(MegatronTrainRayActor pid=78093)[0m           [11.4259],
[36m(MegatronTrainRayActor pid=78093)[0m           [11.7135],
[36m(MegatronTrainRayActor pid=78093)[0m 
[36m(MegatronTrainRayActor pid=78093)[0m 
[36m(MegatronTrainRayActor pid=78093)[0m 
[36m(MegatronTrainRayActor pid=78093)[0m 
[36m(MegatronTrainRayActor pid=78093)[0m 
[36m(MegatronTrainRayActor pid=78093)[0m 
[36m(MegatronTrainRayActor pid=78093)[0m 
[36m(MegatronTrainRayActor pid=78093)[0m 
[36m(MegatronTrainRayActor pid=78093)[0m 
[36m(MegatronTrainRayActor pid=78093)[0m 
[36m(MegatronTrainRayActor pid=78093)[0m 
[36m(MegatronTrainRayActor pid=78093)[0m 
[36m(MegatronTrainRayActor pid=78093)[0m 
[36m(MegatronTrainRayActor pid=78093)[0m 
[36m(MegatronTrainRayActor pid=78093)[0m 
[36m(MegatronTrainRayActor pid=78093)[0m 
[36m(MegatronTrainRayActor pid=78093)[0m 
[36m(MegatronTrainRayActor pid=78093)[0m 
[36m(MegatronTrainRayActor pid=78093)[0m 
[36m(MegatronTrainRayActor pid=78093)[0m 
[36m(MegatronTrainRayActor pid=78093)[0m 
[36m(MegatronTrainRayActor pid=78093)[0m 
[36m(MegatronTrainRayActor pid=78093)[0m 
[36m(MegatronTrainRayActor pid=78093)[0m 
[36m(MegatronTrainRayActor pid=78093)[0m 
[36m(MegatronTrainRayActor pid=78093)[0m 
[36m(MegatronTrainRayActor pid=78093)[0m 
[36m(MegatronTrainRayActor pid=78093)[0m 
[36m(MegatronTrainRayActor pid=78093)[0m 
[36m(MegatronTrainRayActor pid=78093)[0m 
[36m(MegatronTrainRayActor pid=78093)[0m 
[36m(MegatronTrainRayActor pid=78093)[0m 
[36m(MegatronTrainRayActor pid=78093)[0m 
[36m(MegatronTrainRayActor pid=78093)[0m 
[36m(MegatronTrainRayActor pid=78093)[0m 
[36m(MegatronTrainRayActor pid=78093)[0m 
[36m(MegatronTrainRayActor pid=78090)[0m     custom_backward(output_tensor[0], output_tensor_grad[0])
[36m(MegatronTrainRayActor pid=78090)[0m 
[36m(MegatronTrainRayActor pid=78090)[0m 
[36m(MegatronTrainRayActor pid=78090)[0m 
[36m(MegatronTrainRayActor pid=78090)[0m 
[36m(MegatronTrainRayActor pid=78090)[0m 
[36m(MegatronTrainRayActor pid=78090)[0m 
[36m(MegatronTrainRayActor pid=78090)[0m 
[36m(MegatronTrainRayActor pid=78090)[0m 
[36m(MegatronTrainRayActor pid=78090)[0m 
[36m(MegatronTrainRayActor pid=78090)[0m 
[36m(MegatronTrainRayActor pid=78090)[0m 
[36m(MegatronTrainRayActor pid=78090)[0m 
[36m(MegatronTrainRayActor pid=78090)[0m 
[36m(MegatronTrainRayActor pid=78090)[0m 
[36m(MegatronTrainRayActor pid=78090)[0m 
[36m(MegatronTrainRayActor pid=78090)[0m 
[36m(MegatronTrainRayActor pid=78090)[0m 
[36m(MegatronTrainRayActor pid=78090)[0m 
[36m(MegatronTrainRayActor pid=78090)[0m 
[36m(MegatronTrainRayActor pid=78090)[0m 
[36m(MegatronTrainRayActor pid=78090)[0m 
[36m(MegatronTrainRayActor pid=78090)[0m 
[36m(MegatronTrainRayActor pid=78090)[0m 
[36m(MegatronTrainRayActor pid=78090)[0m 
[36m(MegatronTrainRayActor pid=78090)[0m 
[36m(MegatronTrainRayActor pid=78090)[0m 
[36m(MegatronTrainRayActor pid=78090)[0m 
[36m(MegatronTrainRayActor pid=78090)[0m 
[36m(MegatronTrainRayActor pid=78090)[0m 
[36m(MegatronTrainRayActor pid=78090)[0m 
[36m(MegatronTrainRayActor pid=78090)[0m 
[36m(MegatronTrainRayActor pid=78090)[0m 
[36m(MegatronTrainRayActor pid=78090)[0m 
[36m(MegatronTrainRayActor pid=78090)[0m 
[36m(MegatronTrainRayActor pid=78090)[0m 
[36m(MegatronTrainRayActor pid=78090)[0m 
[36m(MegatronTrainRayActor pid=78090)[0m 
[36m(MegatronTrainRayActor pid=78090)[0m 
[36m(MegatronTrainRayActor pid=78090)[0m 
[36m(MegatronTrainRayActor pid=78090)[0m 
[36m(MegatronTrainRayActor pid=78090)[0m 
[36m(MegatronTrainRayActor pid=78090)[0m 
[36m(MegatronTrainRayActor pid=78090)[0m 
[36m(MegatronTrainRayActor pid=78090)[0m 
[36m(MegatronTrainRayActor pid=78090)[0m 
[36m(MegatronTrainRayActor pid=78090)[0m 
[36m(MegatronTrainRayActor pid=78090)[0m 
[36m(MegatronTrainRayActor pid=78090)[0m 
[36m(MegatronTrainRayActor pid=78090)[0m 
[36m(MegatronTrainRayActor pid=78090)[0m 
[36m(MegatronTrainRayActor pid=78090)[0m 
[36m(MegatronTrainRayActor pid=78090)[0m 
[36m(MegatronTrainRayActor pid=78090)[0m 
[36m(MegatronTrainRayActor pid=78090)[0m 
[36m(MegatronTrainRayActor pid=78090)[0m 
[36m(MegatronTrainRayActor pid=78090)[0m 
[36m(MegatronTrainRayActor pid=78090)[0m 
[36m(MegatronTrainRayActor pid=78090)[0m 
[36m(MegatronTrainRayActor pid=78090)[0m 
[36m(MegatronTrainRayActor pid=78090)[0m 
[36m(MegatronTrainRayActor pid=78090)[0m 
[36m(MegatronTrainRayActor pid=78090)[0m           [10.4755],
[36m(MegatronTrainRayActor pid=78090)[0m           [11.2492],
[36m(MegatronTrainRayActor pid=78090)[0m           [14.2874]],
[36m(MegatronTrainRayActor pid=78090)[0m 
[36m(MegatronTrainRayActor pid=78090)[0m           [-0.3483],
[36m(MegatronTrainRayActor pid=78090)[0m           [12.1146],
[36m(MegatronTrainRayActor pid=78090)[0m           [10.3441],
[36m(MegatronTrainRayActor pid=78090)[0m           [10.2587],
[36m(MegatronTrainRayActor pid=78090)[0m           [11.0805]],
[36m(MegatronTrainRayActor pid=78090)[0m 
[36m(MegatronTrainRayActor pid=78090)[0m           [11.1954],
[36m(MegatronTrainRayActor pid=78090)[0m           [11.0194],
[36m(MegatronTrainRayActor pid=78090)[0m           [10.5898]],
[36m(MegatronTrainRayActor pid=78090)[0m 
[36m(MegatronTrainRayActor pid=78090)[0m 
[36m(MegatronTrainRayActor pid=78090)[0m          [[-0.1631],
[36m(MegatronTrainRayActor pid=78090)[0m           [10.6469],
[36m(MegatronTrainRayActor pid=78090)[0m           [11.8103],
[36m(MegatronTrainRayActor pid=78090)[0m           [12.2503]],
[36m(MegatronTrainRayActor pid=78090)[0m 
[36m(MegatronTrainRayActor pid=78090)[0m           [11.0967],
[36m(MegatronTrainRayActor pid=78090)[0m           [11.4803],
[36m(MegatronTrainRayActor pid=78090)[0m           [11.9205]],
[36m(MegatronTrainRayActor pid=78090)[0m 
[36m(MegatronTrainRayActor pid=78090)[0m          [[-3.8071],
[36m(MegatronTrainRayActor pid=78090)[0m           [-1.0131],
[36m(MegatronTrainRayActor pid=78090)[0m           [-2.7459],
[36m(MegatronTrainRayActor pid=78090)[0m           [14.1138],
[36m(MegatronTrainRayActor pid=78090)[0m           [12.2074],
[36m(MegatronTrainRayActor pid=78090)[0m 
[36m(MegatronTrainRayActor pid=78090)[0m 
[36m(MegatronTrainRayActor pid=78090)[0m 
[36m(MegatronTrainRayActor pid=78090)[0m 
[36m(MegatronTrainRayActor pid=78090)[0m 
[36m(MegatronTrainRayActor pid=78090)[0m 
[36m(MegatronTrainRayActor pid=78090)[0m 
[36m(MegatronTrainRayActor pid=78090)[0m 
[36m(MegatronTrainRayActor pid=78090)[0m 
[36m(MegatronTrainRayActor pid=78090)[0m 
[36m(MegatronTrainRayActor pid=78090)[0m 
[36m(MegatronTrainRayActor pid=78090)[0m 
[36m(MegatronTrainRayActor pid=78090)[0m 
[36m(MegatronTrainRayActor pid=78090)[0m 
[36m(MegatronTrainRayActor pid=78090)[0m 
[36m(MegatronTrainRayActor pid=78090)[0m 
[36m(MegatronTrainRayActor pid=78090)[0m 
[36m(MegatronTrainRayActor pid=78090)[0m 
[36m(MegatronTrainRayActor pid=78090)[0m 
[36m(MegatronTrainRayActor pid=78090)[0m 
[36m(MegatronTrainRayActor pid=78090)[0m 
[36m(MegatronTrainRayActor pid=78090)[0m 
[36m(MegatronTrainRayActor pid=78090)[0m 
[36m(MegatronTrainRayActor pid=78090)[0m 
[36m(MegatronTrainRayActor pid=78090)[0m 
[36m(MegatronTrainRayActor pid=78090)[0m 
[36m(MegatronTrainRayActor pid=78090)[0m 
[36m(MegatronTrainRayActor pid=78090)[0m 
[36m(MegatronTrainRayActor pid=78090)[0m 
[36m(MegatronTrainRayActor pid=78090)[0m 
[36m(MegatronTrainRayActor pid=78090)[0m 
[36m(MegatronTrainRayActor pid=78090)[0m 
[36m(MegatronTrainRayActor pid=78090)[0m 
[36m(MegatronTrainRayActor pid=78090)[0m 
[36m(MegatronTrainRayActor pid=78090)[0m 
[36m(MegatronTrainRayActor pid=78090)[0m 
[36m(MegatronTrainRayActor pid=78090)[0m     custom_backward(output_tensor[0], output_tensor_grad[0])
[36m(MegatronTrainRayActor pid=78090)[0m 
[36m(MegatronTrainRayActor pid=78090)[0m 
[36m(MegatronTrainRayActor pid=78090)[0m 
[36m(MegatronTrainRayActor pid=78090)[0m 
[36m(MegatronTrainRayActor pid=78090)[0m 
[36m(MegatronTrainRayActor pid=78090)[0m 
[36m(MegatronTrainRayActor pid=78090)[0m 
[36m(MegatronTrainRayActor pid=78090)[0m 
[36m(MegatronTrainRayActor pid=78090)[0m 
[36m(MegatronTrainRayActor pid=78090)[0m 
[36m(MegatronTrainRayActor pid=78090)[0m 
[36m(MegatronTrainRayActor pid=78090)[0m 
[36m(MegatronTrainRayActor pid=78090)[0m 
[36m(MegatronTrainRayActor pid=78090)[0m 
[36m(MegatronTrainRayActor pid=78090)[0m 
[36m(MegatronTrainRayActor pid=78090)[0m 
[36m(MegatronTrainRayActor pid=78090)[0m 
[36m(MegatronTrainRayActor pid=78090)[0m 
[36m(MegatronTrainRayActor pid=78090)[0m 
[36m(MegatronTrainRayActor pid=78090)[0m 
[36m(MegatronTrainRayActor pid=78090)[0m 
[36m(MegatronTrainRayActor pid=78090)[0m 
[36m(MegatronTrainRayActor pid=78090)[0m 
[36m(MegatronTrainRayActor pid=78090)[0m 
[36m(MegatronTrainRayActor pid=78090)[0m 
[36m(MegatronTrainRayActor pid=78090)[0m 
[36m(MegatronTrainRayActor pid=78090)[0m 
[36m(MegatronTrainRayActor pid=78090)[0m 
[36m(MegatronTrainRayActor pid=78090)[0m 
[36m(MegatronTrainRayActor pid=78090)[0m 
[36m(MegatronTrainRayActor pid=78090)[0m 
[36m(MegatronTrainRayActor pid=78090)[0m 
[36m(MegatronTrainRayActor pid=78090)[0m 
[36m(MegatronTrainRayActor pid=78090)[0m 
[36m(MegatronTrainRayActor pid=78090)[0m 
[36m(MegatronTrainRayActor pid=78090)[0m 
[36m(MegatronTrainRayActor pid=78090)[0m 
[36m(MegatronTrainRayActor pid=78090)[0m 
[36m(MegatronTrainRayActor pid=78090)[0m 
[36m(MegatronTrainRayActor pid=78090)[0m 
[36m(MegatronTrainRayActor pid=78090)[0m 
[36m(MegatronTrainRayActor pid=78090)[0m 
[36m(MegatronTrainRayActor pid=78090)[0m 
[36m(MegatronTrainRayActor pid=78090)[0m 
[36m(MegatronTrainRayActor pid=78090)[0m 
[36m(MegatronTrainRayActor pid=78090)[0m 
[36m(MegatronTrainRayActor pid=78090)[0m 
[36m(MegatronTrainRayActor pid=78090)[0m 
[36m(MegatronTrainRayActor pid=78090)[0m 
[36m(MegatronTrainRayActor pid=78090)[0m 
[36m(MegatronTrainRayActor pid=78090)[0m 
[36m(MegatronTrainRayActor pid=78090)[0m 
[36m(MegatronTrainRayActor pid=78090)[0m 
[36m(MegatronTrainRayActor pid=78090)[0m 
[36m(MegatronTrainRayActor pid=78090)[0m 
[36m(MegatronTrainRayActor pid=78090)[0m 
[36m(MegatronTrainRayActor pid=78090)[0m 
[36m(MegatronTrainRayActor pid=78090)[0m 
[36m(MegatronTrainRayActor pid=78090)[0m 
[36m(MegatronTrainRayActor pid=78090)[0m 
[36m(MegatronTrainRayActor pid=78090)[0m 
[36m(MegatronTrainRayActor pid=78090)[0m           [10.4755],
[36m(MegatronTrainRayActor pid=78090)[0m           [11.2492],
[36m(MegatronTrainRayActor pid=78090)[0m           [14.2874]],
[36m(MegatronTrainRayActor pid=78090)[0m 
[36m(MegatronTrainRayActor pid=78090)[0m           [-0.3483],
[36m(MegatronTrainRayActor pid=78090)[0m           [12.1146],
[36m(MegatronTrainRayActor pid=78090)[0m           [10.3441],
[36m(MegatronTrainRayActor pid=78090)[0m           [10.2587],
[36m(MegatronTrainRayActor pid=78090)[0m           [11.0805]],
[36m(MegatronTrainRayActor pid=78090)[0m 
[36m(MegatronTrainRayActor pid=78090)[0m           [11.1954],
[36m(MegatronTrainRayActor pid=78090)[0m           [11.0194],
[36m(MegatronTrainRayActor pid=78090)[0m           [10.5898]],
[36m(MegatronTrainRayActor pid=78090)[0m 
[36m(MegatronTrainRayActor pid=78090)[0m 
[36m(MegatronTrainRayActor pid=78090)[0m          [[-0.1631],
[36m(MegatronTrainRayActor pid=78090)[0m           [10.6469],
[36m(MegatronTrainRayActor pid=78090)[0m           [11.8103],
[36m(MegatronTrainRayActor pid=78090)[0m           [12.2503]],
[36m(MegatronTrainRayActor pid=78090)[0m 
[36m(MegatronTrainRayActor pid=78090)[0m           [11.0967],
[36m(MegatronTrainRayActor pid=78090)[0m           [11.4803],
[36m(MegatronTrainRayActor pid=78090)[0m           [11.9205]],
[36m(MegatronTrainRayActor pid=78090)[0m 
[36m(MegatronTrainRayActor pid=78090)[0m          [[-3.8071],
[36m(MegatronTrainRayActor pid=78090)[0m           [-1.0131],
[36m(MegatronTrainRayActor pid=78090)[0m           [-2.7459],
[36m(MegatronTrainRayActor pid=78090)[0m           [14.1138],
[36m(MegatronTrainRayActor pid=78090)[0m           [12.2074],
[36m(MegatronTrainRayActor pid=78090)[0m 
[36m(MegatronTrainRayActor pid=78090)[0m 
[36m(MegatronTrainRayActor pid=78090)[0m 
[36m(MegatronTrainRayActor pid=78090)[0m 
[36m(MegatronTrainRayActor pid=78090)[0m 
[36m(MegatronTrainRayActor pid=78090)[0m 
[36m(MegatronTrainRayActor pid=78090)[0m 
[36m(MegatronTrainRayActor pid=78090)[0m 
[36m(MegatronTrainRayActor pid=78090)[0m 
[36m(MegatronTrainRayActor pid=78090)[0m 
[36m(MegatronTrainRayActor pid=78090)[0m 
[36m(MegatronTrainRayActor pid=78090)[0m 
[36m(MegatronTrainRayActor pid=78090)[0m 
[36m(MegatronTrainRayActor pid=78090)[0m 
[36m(MegatronTrainRayActor pid=78090)[0m 
[36m(MegatronTrainRayActor pid=78090)[0m 
[36m(MegatronTrainRayActor pid=78090)[0m 
[36m(MegatronTrainRayActor pid=78090)[0m 
[36m(MegatronTrainRayActor pid=78090)[0m 
[36m(MegatronTrainRayActor pid=78090)[0m 
[36m(MegatronTrainRayActor pid=78090)[0m 
[36m(MegatronTrainRayActor pid=78090)[0m 
[36m(MegatronTrainRayActor pid=78090)[0m 
[36m(MegatronTrainRayActor pid=78090)[0m 
[36m(MegatronTrainRayActor pid=78090)[0m 
[36m(MegatronTrainRayActor pid=78090)[0m 
[36m(MegatronTrainRayActor pid=78090)[0m 
[36m(MegatronTrainRayActor pid=78090)[0m 
[36m(MegatronTrainRayActor pid=78090)[0m 
[36m(MegatronTrainRayActor pid=78090)[0m 
[36m(MegatronTrainRayActor pid=78090)[0m 
[36m(MegatronTrainRayActor pid=78090)[0m 
[36m(MegatronTrainRayActor pid=78090)[0m 
[36m(MegatronTrainRayActor pid=78090)[0m 
[36m(MegatronTrainRayActor pid=78090)[0m 
[36m(MegatronTrainRayActor pid=78090)[0m 
[36m(MegatronTrainRayActor pid=78094)[0m     custom_backward(output_tensor[0], output_tensor_grad[0])
[36m(MegatronTrainRayActor pid=78094)[0m 
[36m(MegatronTrainRayActor pid=78094)[0m 
[36m(MegatronTrainRayActor pid=78094)[0m 
[36m(MegatronTrainRayActor pid=78094)[0m 
[36m(MegatronTrainRayActor pid=78094)[0m 
[36m(MegatronTrainRayActor pid=78094)[0m 
[36m(MegatronTrainRayActor pid=78094)[0m 
[36m(MegatronTrainRayActor pid=78094)[0m 
[36m(MegatronTrainRayActor pid=78094)[0m 
[36m(MegatronTrainRayActor pid=78094)[0m 
[36m(MegatronTrainRayActor pid=78094)[0m 
[36m(MegatronTrainRayActor pid=78094)[0m 
[36m(MegatronTrainRayActor pid=78094)[0m 
[36m(MegatronTrainRayActor pid=78094)[0m            -7.8125e-01,  2.4219e+00],
[36m(MegatronTrainRayActor pid=78094)[0m             1.7578e+00,  4.5471e-03],
[36m(MegatronTrainRayActor pid=78094)[0m             1.0781e+00, -1.5156e+00],
[36m(MegatronTrainRayActor pid=78094)[0m             3.0625e+00, -5.0781e-01],
[36m(MegatronTrainRayActor pid=78094)[0m            -2.6367e-01,  1.7969e+00],
[36m(MegatronTrainRayActor pid=78094)[0m             3.1641e-01,  1.3438e+00]]],
[36m(MegatronTrainRayActor pid=78094)[0m 
[36m(MegatronTrainRayActor pid=78094)[0m 
[36m(MegatronTrainRayActor pid=78094)[0m            -3.4961e-01,  2.9531e+00],
[36m(MegatronTrainRayActor pid=78094)[0m            -2.4688e+00, -3.4531e+00],
[36m(MegatronTrainRayActor pid=78094)[0m             8.9844e-01,  2.0605e-01],
[36m(MegatronTrainRayActor pid=78094)[0m             4.1406e-01,  1.8281e+00],
[36m(MegatronTrainRayActor pid=78094)[0m             1.8848e-01, -2.3438e+00],
[36m(MegatronTrainRayActor pid=78094)[0m             2.8125e+00,  1.9297e+00]]],
[36m(MegatronTrainRayActor pid=78094)[0m 
[36m(MegatronTrainRayActor pid=78094)[0m 
[36m(MegatronTrainRayActor pid=78094)[0m             1.2451e-02, -1.1406e+00],
[36m(MegatronTrainRayActor pid=78094)[0m            -3.5156e-01,  1.8828e+00],
[36m(MegatronTrainRayActor pid=78094)[0m             1.6328e+00, -2.3281e+00],
[36m(MegatronTrainRayActor pid=78094)[0m             1.5234e-01,  1.8359e+00],
[36m(MegatronTrainRayActor pid=78094)[0m            -9.1797e-01, -4.8047e-01],
[36m(MegatronTrainRayActor pid=78094)[0m             1.2031e+00,  4.6562e+00]]],
[36m(MegatronTrainRayActor pid=78094)[0m 
[36m(MegatronTrainRayActor pid=78094)[0m 
[36m(MegatronTrainRayActor pid=78094)[0m 
[36m(MegatronTrainRayActor pid=78094)[0m 
[36m(MegatronTrainRayActor pid=78094)[0m             4.1992e-01, -1.8672e+00],
[36m(MegatronTrainRayActor pid=78094)[0m            -2.6875e+00, -9.8438e-01],
[36m(MegatronTrainRayActor pid=78094)[0m             1.0703e+00, -1.0469e+00],
[36m(MegatronTrainRayActor pid=78094)[0m             5.2734e-01, -2.4688e+00],
[36m(MegatronTrainRayActor pid=78094)[0m             1.5820e-01, -1.5747e-02],
[36m(MegatronTrainRayActor pid=78094)[0m            -3.1094e+00, -5.1953e-01]]],
[36m(MegatronTrainRayActor pid=78094)[0m 
[36m(MegatronTrainRayActor pid=78094)[0m 
[36m(MegatronTrainRayActor pid=78094)[0m            -2.9688e-01, -1.8672e+00],
[36m(MegatronTrainRayActor pid=78094)[0m            -9.5703e-01,  2.9883e-01],
[36m(MegatronTrainRayActor pid=78094)[0m             2.3145e-01, -2.1973e-01],
[36m(MegatronTrainRayActor pid=78094)[0m             4.7188e+00, -3.8086e-01],
[36m(MegatronTrainRayActor pid=78094)[0m             2.8281e+00, -3.9648e-01],
[36m(MegatronTrainRayActor pid=78094)[0m             3.5156e-01, -4.1250e+00]]],
[36m(MegatronTrainRayActor pid=78094)[0m 
[36m(MegatronTrainRayActor pid=78094)[0m 
[36m(MegatronTrainRayActor pid=78094)[0m             1.4844e-01, -7.3730e-02],
[36m(MegatronTrainRayActor pid=78094)[0m            -1.0303e-01,  2.2969e+00],
[36m(MegatronTrainRayActor pid=78094)[0m             4.3701e-02, -5.4297e-01],
[36m(MegatronTrainRayActor pid=78094)[0m             3.4219e+00, -2.4531e+00],
[36m(MegatronTrainRayActor pid=78094)[0m             3.2031e+00, -2.7031e+00],
[36m(MegatronTrainRayActor pid=78094)[0m             1.6562e+00, -1.3281e+00]]]], device='cuda:7', dtype=torch.bfloat16,
[36m(MegatronTrainRayActor pid=78094)[0m 
[36m(MegatronTrainRayActor pid=78094)[0m 
[36m(MegatronTrainRayActor pid=78094)[0m 
[36m(MegatronTrainRayActor pid=78094)[0m 
[36m(MegatronTrainRayActor pid=78094)[0m 
[36m(MegatronTrainRayActor pid=78094)[0m 
[36m(MegatronTrainRayActor pid=78094)[0m 
[36m(MegatronTrainRayActor pid=78094)[0m 
[36m(MegatronTrainRayActor pid=78094)[0m 
[36m(MegatronTrainRayActor pid=78094)[0m 
[36m(MegatronTrainRayActor pid=78094)[0m 
[36m(MegatronTrainRayActor pid=78094)[0m 
[36m(MegatronTrainRayActor pid=78094)[0m 
[36m(MegatronTrainRayActor pid=78094)[0m 
[36m(MegatronTrainRayActor pid=78094)[0m 
[36m(MegatronTrainRayActor pid=78094)[0m 
[36m(MegatronTrainRayActor pid=78094)[0m 
[36m(MegatronTrainRayActor pid=78094)[0m 
[36m(MegatronTrainRayActor pid=78094)[0m 
[36m(MegatronTrainRayActor pid=78094)[0m 
[36m(MegatronTrainRayActor pid=78094)[0m 
[36m(MegatronTrainRayActor pid=78094)[0m 
[36m(MegatronTrainRayActor pid=78094)[0m 
[36m(MegatronTrainRayActor pid=78094)[0m 
[36m(MegatronTrainRayActor pid=78094)[0m            -4.2188e-01,  1.2109e+00],
[36m(MegatronTrainRayActor pid=78094)[0m            -4.2188e-01,  1.2109e+00],
[36m(MegatronTrainRayActor pid=78094)[0m            -4.2188e-01,  1.2109e+00],
[36m(MegatronTrainRayActor pid=78094)[0m            -4.2188e-01,  1.2109e+00],
[36m(MegatronTrainRayActor pid=78094)[0m            -4.2188e-01,  1.2109e+00],
[36m(MegatronTrainRayActor pid=78094)[0m            -4.2188e-01,  1.2109e+00]]],
[36m(MegatronTrainRayActor pid=78094)[0m 
[36m(MegatronTrainRayActor pid=78094)[0m 
[36m(MegatronTrainRayActor pid=78094)[0m            -4.1602e-01,  1.2109e+00],
[36m(MegatronTrainRayActor pid=78094)[0m            -1.0596e-01,  1.3281e+00],
[36m(MegatronTrainRayActor pid=78094)[0m             2.2754e-01,  1.4609e+00],
[36m(MegatronTrainRayActor pid=78094)[0m             8.6328e-01,  1.7031e+00],
[36m(MegatronTrainRayActor pid=78094)[0m             7.6953e-01,  1.6719e+00],
[36m(MegatronTrainRayActor pid=78094)[0m             5.6250e-01,  1.5938e+00]]],
[36m(MegatronTrainRayActor pid=78094)[0m 
[36m(MegatronTrainRayActor pid=78094)[0m 
[36m(MegatronTrainRayActor pid=78094)[0m            -4.0039e-01,  1.1719e+00],
[36m(MegatronTrainRayActor pid=78094)[0m            -2.6978e-02,  5.5078e-01],
[36m(MegatronTrainRayActor pid=78094)[0m             1.9409e-02,  6.1719e-01],
[36m(MegatronTrainRayActor pid=78094)[0m             6.2988e-02,  6.6016e-01],
[36m(MegatronTrainRayActor pid=78094)[0m            -2.9297e-01,  1.0859e+00],
[36m(MegatronTrainRayActor pid=78094)[0m            -2.5635e-02,  6.9922e-01]]],
[36m(MegatronTrainRayActor pid=78094)[0m 
[36m(MegatronTrainRayActor pid=78094)[0m 
[36m(MegatronTrainRayActor pid=78094)[0m 
[36m(MegatronTrainRayActor pid=78094)[0m 
[36m(MegatronTrainRayActor pid=78094)[0m             1.8945e-01,  1.0781e+00],
[36m(MegatronTrainRayActor pid=78094)[0m             3.3789e-01,  1.0781e+00],
[36m(MegatronTrainRayActor pid=78094)[0m            -2.2363e-01, -5.5078e-01],
[36m(MegatronTrainRayActor pid=78094)[0m             5.6152e-02, -4.3750e-01],
[36m(MegatronTrainRayActor pid=78094)[0m             2.1777e-01,  7.5000e-01],
[36m(MegatronTrainRayActor pid=78094)[0m            -1.0391e+00,  2.8564e-02]]],
[36m(MegatronTrainRayActor pid=78094)[0m 
[36m(MegatronTrainRayActor pid=78094)[0m 
[36m(MegatronTrainRayActor pid=78094)[0m             5.7422e-01,  1.7344e+00],
[36m(MegatronTrainRayActor pid=78094)[0m            -2.8438e+00, -3.6133e-01],
[36m(MegatronTrainRayActor pid=78094)[0m             6.5625e-01, -1.0859e+00],
[36m(MegatronTrainRayActor pid=78094)[0m             1.3047e+00, -4.3945e-02],
[36m(MegatronTrainRayActor pid=78094)[0m             5.1562e-01,  1.0859e+00],
[36m(MegatronTrainRayActor pid=78094)[0m             7.9590e-02,  1.1172e+00]]],
[36m(MegatronTrainRayActor pid=78094)[0m 
[36m(MegatronTrainRayActor pid=78094)[0m 
[36m(MegatronTrainRayActor pid=78094)[0m            -5.2344e-01, -1.3438e+00],
[36m(MegatronTrainRayActor pid=78094)[0m            -1.4141e+00, -3.9062e-01],
[36m(MegatronTrainRayActor pid=78094)[0m             7.1289e-02, -3.5938e-01],
[36m(MegatronTrainRayActor pid=78094)[0m             1.1641e+00,  6.0547e-01],
[36m(MegatronTrainRayActor pid=78094)[0m            -6.6406e-01,  7.4219e-01],
[36m(MegatronTrainRayActor pid=78094)[0m            -5.2734e-01,  4.1797e-01]]]], device='cuda:7', dtype=torch.bfloat16,
[36m(MegatronTrainRayActor pid=78094)[0m           [12.8291],
[36m(MegatronTrainRayActor pid=78094)[0m           [12.8948],
[36m(MegatronTrainRayActor pid=78094)[0m           [12.5864]],
[36m(MegatronTrainRayActor pid=78094)[0m 
[36m(MegatronTrainRayActor pid=78094)[0m          [[-0.7383],
[36m(MegatronTrainRayActor pid=78094)[0m           [-1.1507],
[36m(MegatronTrainRayActor pid=78094)[0m           [-0.3489],
[36m(MegatronTrainRayActor pid=78094)[0m           [11.2193],
[36m(MegatronTrainRayActor pid=78094)[0m           [15.2001],
[36m(MegatronTrainRayActor pid=78094)[0m           [11.9960]],
[36m(MegatronTrainRayActor pid=78094)[0m 
[36m(MegatronTrainRayActor pid=78094)[0m           [10.1546],
[36m(MegatronTrainRayActor pid=78094)[0m           [14.5871],
[36m(MegatronTrainRayActor pid=78094)[0m           [10.3609]],
[36m(MegatronTrainRayActor pid=78094)[0m 
[36m(MegatronTrainRayActor pid=78094)[0m 
[36m(MegatronTrainRayActor pid=78094)[0m           [12.8308],
[36m(MegatronTrainRayActor pid=78094)[0m           [13.4361],
[36m(MegatronTrainRayActor pid=78094)[0m           [12.0386]],
[36m(MegatronTrainRayActor pid=78094)[0m 
[36m(MegatronTrainRayActor pid=78094)[0m          [[-0.8589],
[36m(MegatronTrainRayActor pid=78094)[0m           [10.3503],
[36m(MegatronTrainRayActor pid=78094)[0m           [11.3069],
[36m(MegatronTrainRayActor pid=78094)[0m           [10.8604]],
[36m(MegatronTrainRayActor pid=78094)[0m 
[36m(MegatronTrainRayActor pid=78094)[0m           [10.8619],
[36m(MegatronTrainRayActor pid=78094)[0m 
[36m(MegatronTrainRayActor pid=78094)[0m 
[36m(MegatronTrainRayActor pid=78094)[0m 
[36m(MegatronTrainRayActor pid=78094)[0m 
[36m(MegatronTrainRayActor pid=78094)[0m 
[36m(MegatronTrainRayActor pid=78094)[0m 
[36m(MegatronTrainRayActor pid=78094)[0m 
[36m(MegatronTrainRayActor pid=78094)[0m 
[36m(MegatronTrainRayActor pid=78094)[0m 
[36m(MegatronTrainRayActor pid=78094)[0m 
[36m(MegatronTrainRayActor pid=78094)[0m 
[36m(MegatronTrainRayActor pid=78094)[0m 
[36m(MegatronTrainRayActor pid=78094)[0m 
[36m(MegatronTrainRayActor pid=78094)[0m 
[36m(MegatronTrainRayActor pid=78094)[0m 
[36m(MegatronTrainRayActor pid=78094)[0m 
[36m(MegatronTrainRayActor pid=78094)[0m 
[36m(MegatronTrainRayActor pid=78094)[0m 
[36m(MegatronTrainRayActor pid=78094)[0m 
[36m(MegatronTrainRayActor pid=78094)[0m 
[36m(MegatronTrainRayActor pid=78094)[0m 
[36m(MegatronTrainRayActor pid=78094)[0m 
[36m(MegatronTrainRayActor pid=78094)[0m 
[36m(MegatronTrainRayActor pid=78094)[0m 
[36m(MegatronTrainRayActor pid=78094)[0m 
[36m(MegatronTrainRayActor pid=78094)[0m 
[36m(MegatronTrainRayActor pid=78094)[0m 
[36m(MegatronTrainRayActor pid=78094)[0m 
[36m(MegatronTrainRayActor pid=78094)[0m 
[36m(MegatronTrainRayActor pid=78094)[0m 
[36m(MegatronTrainRayActor pid=78094)[0m 
[36m(MegatronTrainRayActor pid=78094)[0m 
[36m(MegatronTrainRayActor pid=78094)[0m 
[36m(MegatronTrainRayActor pid=78094)[0m 
[36m(MegatronTrainRayActor pid=78094)[0m 
[36m(MegatronTrainRayActor pid=78094)[0m 
[36m(MegatronTrainRayActor pid=78094)[0m     custom_backward(output_tensor[0], output_tensor_grad[0])
[36m(MegatronTrainRayActor pid=78094)[0m 
[36m(MegatronTrainRayActor pid=78094)[0m 
[36m(MegatronTrainRayActor pid=78094)[0m 
[36m(MegatronTrainRayActor pid=78094)[0m 
[36m(MegatronTrainRayActor pid=78094)[0m 
[36m(MegatronTrainRayActor pid=78094)[0m 
[36m(MegatronTrainRayActor pid=78094)[0m 
[36m(MegatronTrainRayActor pid=78094)[0m 
[36m(MegatronTrainRayActor pid=78094)[0m 
[36m(MegatronTrainRayActor pid=78094)[0m 
[36m(MegatronTrainRayActor pid=78094)[0m 
[36m(MegatronTrainRayActor pid=78094)[0m 
[36m(MegatronTrainRayActor pid=78094)[0m 
[36m(MegatronTrainRayActor pid=78094)[0m            -7.8125e-01,  2.4219e+00],
[36m(MegatronTrainRayActor pid=78094)[0m             1.7578e+00,  4.5471e-03],
[36m(MegatronTrainRayActor pid=78094)[0m             1.0781e+00, -1.5156e+00],
[36m(MegatronTrainRayActor pid=78094)[0m             3.0625e+00, -5.0781e-01],
[36m(MegatronTrainRayActor pid=78094)[0m            -2.6367e-01,  1.7969e+00],
[36m(MegatronTrainRayActor pid=78094)[0m             3.1641e-01,  1.3438e+00]]],
[36m(MegatronTrainRayActor pid=78094)[0m 
[36m(MegatronTrainRayActor pid=78094)[0m 
[36m(MegatronTrainRayActor pid=78094)[0m            -3.4961e-01,  2.9531e+00],
[36m(MegatronTrainRayActor pid=78094)[0m            -2.4688e+00, -3.4531e+00],
[36m(MegatronTrainRayActor pid=78094)[0m             8.9844e-01,  2.0605e-01],
[36m(MegatronTrainRayActor pid=78094)[0m             4.1406e-01,  1.8281e+00],
[36m(MegatronTrainRayActor pid=78094)[0m             1.8848e-01, -2.3438e+00],
[36m(MegatronTrainRayActor pid=78094)[0m             2.8125e+00,  1.9297e+00]]],
[36m(MegatronTrainRayActor pid=78094)[0m 
[36m(MegatronTrainRayActor pid=78094)[0m 
[36m(MegatronTrainRayActor pid=78094)[0m             1.2451e-02, -1.1406e+00],
[36m(MegatronTrainRayActor pid=78094)[0m            -3.5156e-01,  1.8828e+00],
[36m(MegatronTrainRayActor pid=78094)[0m             1.6328e+00, -2.3281e+00],
[36m(MegatronTrainRayActor pid=78094)[0m             1.5234e-01,  1.8359e+00],
[36m(MegatronTrainRayActor pid=78094)[0m            -9.1797e-01, -4.8047e-01],
[36m(MegatronTrainRayActor pid=78094)[0m             1.2031e+00,  4.6562e+00]]],
[36m(MegatronTrainRayActor pid=78094)[0m 
[36m(MegatronTrainRayActor pid=78094)[0m 
[36m(MegatronTrainRayActor pid=78094)[0m 
[36m(MegatronTrainRayActor pid=78094)[0m 
[36m(MegatronTrainRayActor pid=78094)[0m             4.1992e-01, -1.8672e+00],
[36m(MegatronTrainRayActor pid=78094)[0m            -2.6875e+00, -9.8438e-01],
[36m(MegatronTrainRayActor pid=78094)[0m             1.0703e+00, -1.0469e+00],
[36m(MegatronTrainRayActor pid=78094)[0m             5.2734e-01, -2.4688e+00],
[36m(MegatronTrainRayActor pid=78094)[0m             1.5820e-01, -1.5747e-02],
[36m(MegatronTrainRayActor pid=78094)[0m            -3.1094e+00, -5.1953e-01]]],
[36m(MegatronTrainRayActor pid=78094)[0m 
[36m(MegatronTrainRayActor pid=78094)[0m 
[36m(MegatronTrainRayActor pid=78094)[0m            -2.9688e-01, -1.8672e+00],
[36m(MegatronTrainRayActor pid=78094)[0m            -9.5703e-01,  2.9883e-01],
[36m(MegatronTrainRayActor pid=78094)[0m             2.3145e-01, -2.1973e-01],
[36m(MegatronTrainRayActor pid=78094)[0m             4.7188e+00, -3.8086e-01],
[36m(MegatronTrainRayActor pid=78094)[0m             2.8281e+00, -3.9648e-01],
[36m(MegatronTrainRayActor pid=78094)[0m             3.5156e-01, -4.1250e+00]]],
[36m(MegatronTrainRayActor pid=78094)[0m 
[36m(MegatronTrainRayActor pid=78094)[0m 
[36m(MegatronTrainRayActor pid=78094)[0m             1.4844e-01, -7.3730e-02],
[36m(MegatronTrainRayActor pid=78094)[0m            -1.0303e-01,  2.2969e+00],
[36m(MegatronTrainRayActor pid=78094)[0m             4.3701e-02, -5.4297e-01],
[36m(MegatronTrainRayActor pid=78094)[0m             3.4219e+00, -2.4531e+00],
[36m(MegatronTrainRayActor pid=78094)[0m             3.2031e+00, -2.7031e+00],
[36m(MegatronTrainRayActor pid=78094)[0m             1.6562e+00, -1.3281e+00]]]], device='cuda:7', dtype=torch.bfloat16,
[36m(MegatronTrainRayActor pid=78094)[0m 
[36m(MegatronTrainRayActor pid=78094)[0m 
[36m(MegatronTrainRayActor pid=78094)[0m 
[36m(MegatronTrainRayActor pid=78094)[0m 
[36m(MegatronTrainRayActor pid=78094)[0m 
[36m(MegatronTrainRayActor pid=78094)[0m 
[36m(MegatronTrainRayActor pid=78094)[0m 
[36m(MegatronTrainRayActor pid=78094)[0m 
[36m(MegatronTrainRayActor pid=78094)[0m 
[36m(MegatronTrainRayActor pid=78094)[0m 
[36m(MegatronTrainRayActor pid=78094)[0m 
[36m(MegatronTrainRayActor pid=78094)[0m 
[36m(MegatronTrainRayActor pid=78094)[0m 
[36m(MegatronTrainRayActor pid=78094)[0m 
[36m(MegatronTrainRayActor pid=78094)[0m 
[36m(MegatronTrainRayActor pid=78094)[0m 
[36m(MegatronTrainRayActor pid=78094)[0m 
[36m(MegatronTrainRayActor pid=78094)[0m 
[36m(MegatronTrainRayActor pid=78094)[0m 
[36m(MegatronTrainRayActor pid=78094)[0m 
[36m(MegatronTrainRayActor pid=78094)[0m 
[36m(MegatronTrainRayActor pid=78094)[0m 
[36m(MegatronTrainRayActor pid=78094)[0m 
[36m(MegatronTrainRayActor pid=78094)[0m 
[36m(MegatronTrainRayActor pid=78094)[0m            -4.2188e-01,  1.2109e+00],
[36m(MegatronTrainRayActor pid=78094)[0m            -4.2188e-01,  1.2109e+00],
[36m(MegatronTrainRayActor pid=78094)[0m            -4.2188e-01,  1.2109e+00],
[36m(MegatronTrainRayActor pid=78094)[0m            -4.2188e-01,  1.2109e+00],
[36m(MegatronTrainRayActor pid=78094)[0m            -4.2188e-01,  1.2109e+00],
[36m(MegatronTrainRayActor pid=78094)[0m            -4.2188e-01,  1.2109e+00]]],
[36m(MegatronTrainRayActor pid=78094)[0m 
[36m(MegatronTrainRayActor pid=78094)[0m 
[36m(MegatronTrainRayActor pid=78094)[0m            -4.1602e-01,  1.2109e+00],
[36m(MegatronTrainRayActor pid=78094)[0m            -1.0596e-01,  1.3281e+00],
[36m(MegatronTrainRayActor pid=78094)[0m             2.2754e-01,  1.4609e+00],
[36m(MegatronTrainRayActor pid=78094)[0m             8.6328e-01,  1.7031e+00],
[36m(MegatronTrainRayActor pid=78094)[0m             7.6953e-01,  1.6719e+00],
[36m(MegatronTrainRayActor pid=78094)[0m             5.6250e-01,  1.5938e+00]]],
[36m(MegatronTrainRayActor pid=78094)[0m 
[36m(MegatronTrainRayActor pid=78094)[0m 
[36m(MegatronTrainRayActor pid=78094)[0m            -4.0039e-01,  1.1719e+00],
[36m(MegatronTrainRayActor pid=78094)[0m            -2.6978e-02,  5.5078e-01],
[36m(MegatronTrainRayActor pid=78094)[0m             1.9409e-02,  6.1719e-01],
[36m(MegatronTrainRayActor pid=78094)[0m             6.2988e-02,  6.6016e-01],
[36m(MegatronTrainRayActor pid=78094)[0m            -2.9297e-01,  1.0859e+00],
[36m(MegatronTrainRayActor pid=78094)[0m            -2.5635e-02,  6.9922e-01]]],
[36m(MegatronTrainRayActor pid=78094)[0m 
[36m(MegatronTrainRayActor pid=78094)[0m 
[36m(MegatronTrainRayActor pid=78094)[0m 
[36m(MegatronTrainRayActor pid=78094)[0m 
[36m(MegatronTrainRayActor pid=78094)[0m             1.8945e-01,  1.0781e+00],
[36m(MegatronTrainRayActor pid=78094)[0m             3.3789e-01,  1.0781e+00],
[36m(MegatronTrainRayActor pid=78094)[0m            -2.2363e-01, -5.5078e-01],
[36m(MegatronTrainRayActor pid=78094)[0m             5.6152e-02, -4.3750e-01],
[36m(MegatronTrainRayActor pid=78094)[0m             2.1777e-01,  7.5000e-01],
[36m(MegatronTrainRayActor pid=78094)[0m            -1.0391e+00,  2.8564e-02]]],
[36m(MegatronTrainRayActor pid=78094)[0m 
[36m(MegatronTrainRayActor pid=78094)[0m 
[36m(MegatronTrainRayActor pid=78094)[0m             5.7422e-01,  1.7344e+00],
[36m(MegatronTrainRayActor pid=78094)[0m            -2.8438e+00, -3.6133e-01],
[36m(MegatronTrainRayActor pid=78094)[0m             6.5625e-01, -1.0859e+00],
[36m(MegatronTrainRayActor pid=78094)[0m             1.3047e+00, -4.3945e-02],
[36m(MegatronTrainRayActor pid=78094)[0m             5.1562e-01,  1.0859e+00],
[36m(MegatronTrainRayActor pid=78094)[0m             7.9590e-02,  1.1172e+00]]],
[36m(MegatronTrainRayActor pid=78094)[0m 
[36m(MegatronTrainRayActor pid=78094)[0m 
[36m(MegatronTrainRayActor pid=78094)[0m            -5.2344e-01, -1.3438e+00],
[36m(MegatronTrainRayActor pid=78094)[0m            -1.4141e+00, -3.9062e-01],
[36m(MegatronTrainRayActor pid=78094)[0m             7.1289e-02, -3.5938e-01],
[36m(MegatronTrainRayActor pid=78094)[0m             1.1641e+00,  6.0547e-01],
[36m(MegatronTrainRayActor pid=78094)[0m            -6.6406e-01,  7.4219e-01],
[36m(MegatronTrainRayActor pid=78094)[0m            -5.2734e-01,  4.1797e-01]]]], device='cuda:7', dtype=torch.bfloat16,
[36m(MegatronTrainRayActor pid=78094)[0m           [12.8291],
[36m(MegatronTrainRayActor pid=78094)[0m           [12.8948],
[36m(MegatronTrainRayActor pid=78094)[0m           [12.5864]],
[36m(MegatronTrainRayActor pid=78094)[0m 
[36m(MegatronTrainRayActor pid=78094)[0m          [[-0.7383],
[36m(MegatronTrainRayActor pid=78094)[0m           [-1.1507],
[36m(MegatronTrainRayActor pid=78094)[0m           [-0.3489],
[36m(MegatronTrainRayActor pid=78094)[0m           [11.2193],
[36m(MegatronTrainRayActor pid=78094)[0m           [15.2001],
[36m(MegatronTrainRayActor pid=78094)[0m           [11.9960]],
[36m(MegatronTrainRayActor pid=78094)[0m 
[36m(MegatronTrainRayActor pid=78094)[0m           [10.1546],
[36m(MegatronTrainRayActor pid=78094)[0m           [14.5871],
[36m(MegatronTrainRayActor pid=78094)[0m           [10.3609]],
[36m(MegatronTrainRayActor pid=78094)[0m 
[36m(MegatronTrainRayActor pid=78094)[0m 
[36m(MegatronTrainRayActor pid=78094)[0m           [12.8308],
[36m(MegatronTrainRayActor pid=78094)[0m           [13.4361],
[36m(MegatronTrainRayActor pid=78094)[0m           [12.0386]],
[36m(MegatronTrainRayActor pid=78094)[0m 
[36m(MegatronTrainRayActor pid=78094)[0m          [[-0.8589],
[36m(MegatronTrainRayActor pid=78094)[0m           [10.3503],
[36m(MegatronTrainRayActor pid=78094)[0m           [11.3069],
[36m(MegatronTrainRayActor pid=78094)[0m           [10.8604]],
[36m(MegatronTrainRayActor pid=78094)[0m 
[36m(MegatronTrainRayActor pid=78094)[0m           [10.8619],
[36m(MegatronTrainRayActor pid=78094)[0m 
[36m(MegatronTrainRayActor pid=78094)[0m 
[36m(MegatronTrainRayActor pid=78094)[0m 
[36m(MegatronTrainRayActor pid=78094)[0m 
[36m(MegatronTrainRayActor pid=78094)[0m 
[36m(MegatronTrainRayActor pid=78094)[0m 
[36m(MegatronTrainRayActor pid=78094)[0m 
[36m(MegatronTrainRayActor pid=78094)[0m 
[36m(MegatronTrainRayActor pid=78094)[0m 
[36m(MegatronTrainRayActor pid=78094)[0m 
[36m(MegatronTrainRayActor pid=78094)[0m 
[36m(MegatronTrainRayActor pid=78094)[0m 
[36m(MegatronTrainRayActor pid=78094)[0m 
[36m(MegatronTrainRayActor pid=78094)[0m 
[36m(MegatronTrainRayActor pid=78094)[0m 
[36m(MegatronTrainRayActor pid=78094)[0m 
[36m(MegatronTrainRayActor pid=78094)[0m 
[36m(MegatronTrainRayActor pid=78094)[0m 
[36m(MegatronTrainRayActor pid=78094)[0m 
[36m(MegatronTrainRayActor pid=78094)[0m 
[36m(MegatronTrainRayActor pid=78094)[0m 
[36m(MegatronTrainRayActor pid=78094)[0m 
[36m(MegatronTrainRayActor pid=78094)[0m 
[36m(MegatronTrainRayActor pid=78094)[0m 
[36m(MegatronTrainRayActor pid=78094)[0m 
[36m(MegatronTrainRayActor pid=78094)[0m 
[36m(MegatronTrainRayActor pid=78094)[0m 
[36m(MegatronTrainRayActor pid=78094)[0m 
[36m(MegatronTrainRayActor pid=78094)[0m 
[36m(MegatronTrainRayActor pid=78094)[0m 
[36m(MegatronTrainRayActor pid=78094)[0m 
[36m(MegatronTrainRayActor pid=78094)[0m 
[36m(MegatronTrainRayActor pid=78094)[0m 
[36m(MegatronTrainRayActor pid=78094)[0m 
[36m(MegatronTrainRayActor pid=78094)[0m 
[36m(MegatronTrainRayActor pid=78094)[0m 
[36m(SGLangEngine pid=73622)[0m [2026-07-28 10:40:19] INFO:     10.56.0.7:58116 - "POST /release_memory_occupation HTTP/1.1" 200 OK
[36m(MegatronTrainRayActor pid=78094)[0m /usr/local/lib/python3.12/dist-packages/torch/autograd/graph.py:869: UserWarning: The AccumulateGrad node's stream does not match the stream of the node that produced the incoming gradient. This may incur unnecessary synchronization and break CUDA graph capture if the AccumulateGrad node's stream is the default stream. This mismatch is caused by an AccumulateGrad node created prior to the current iteration being kept alive. This can happen if the autograd graph is still being kept alive by tensors such as the loss, or if you are using DDP, which will stash a reference to the node. To resolve the mismatch, delete all references to the autograd graph or ensure that DDP initialization is performed under the same stream as subsequent forwards. If the mismatch is intentional, you can use torch.autograd.graph.set_warn_on_accumulate_grad_stream_mismatch(False) to suppress this warning. (Triggered internally at /pytorch/torch/csrc/autograd/input_buffer.cpp:240.)[32m [repeated 7x across cluster][0m
[36m(MegatronTrainRayActor pid=78094)[0m     return Variable._execution_engine.run_backward(  # Calls into the C++ engine to run the backward pass[32m [repeated 21x across cluster][0m
[36m(MegatronTrainRayActor pid=78094)[0m [2026-07-28 10:40:52.811 actor_cell0_rank7] structured_log.py:30 - ft cls=MegatronTrainRayActor fn=train_actor phase=end ok=false elapsed_s=28.8[32m [repeated 7x across cluster][0m
[36m(MegatronTrainRayActor pid=78094)[0m Traceback (most recent call last):[32m [repeated 14x across cluster][0m
[36m(MegatronTrainRayActor pid=78094)[0m   File "/root/andy-miles/miles/utils/tracking_utils/structured_log.py", line 61, in wrapper[32m [repeated 21x across cluster][0m
[36m(MegatronTrainRayActor pid=78094)[0m     result = func(*args, **kwargs)[32m [repeated 21x across cluster][0m
[36m(MegatronTrainRayActor pid=78094)[0m              ^^^^^^^^^^^^^^^^^^^^^[32m [repeated 21x across cluster][0m
[36m(MegatronTrainRayActor pid=78094)[0m   File "/root/andy-miles/miles/backends/megatron_utils/actor.py", line 520, in train_actor[32m [repeated 14x across cluster][0m
[36m(MegatronTrainRayActor pid=78094)[0m     train_step_outcome = train([32m [repeated 14x across cluster][0m
[36m(MegatronTrainRayActor pid=78094)[0m                          ^^^^^^[32m [repeated 14x across cluster][0m
[36m(MegatronTrainRayActor pid=78094)[0m   File "/root/andy-miles/miles/backends/megatron_utils/model.py", line 733, in train[32m [repeated 14x across cluster][0m
[36m(MegatronTrainRayActor pid=78094)[0m     loss_dict, grad_norm, train_step_outcome = train_one_step([32m [repeated 14x across cluster][0m
[36m(MegatronTrainRayActor pid=78094)[0m                                                ^^^^^^^^^^^^^^^[32m [repeated 14x across cluster][0m
[36m(MegatronTrainRayActor pid=78094)[0m   File "/root/andy-miles/miles/backends/megatron_utils/model.py", line 529, in train_one_step[32m [repeated 14x across cluster][0m
[36m(MegatronTrainRayActor pid=78094)[0m     losses_reduced = forward_backward_func([32m [repeated 14x across cluster][0m
[36m(MegatronTrainRayActor pid=78094)[0m                      ^^^^^^^^^^^^^^^^^^^^^^[32m [repeated 14x across cluster][0m
[36m(MegatronTrainRayActor pid=78094)[0m   File "/root/Megatron-LM/megatron/core/pipeline_parallel/schedules.py", line 678, in forward_backward_no_pipelining[32m [repeated 14x across cluster][0m
[36m(MegatronTrainRayActor pid=78094)[0m     backward_step(input_tensor, output_tensor, output_tensor_grad, model_type, config)[32m [repeated 14x across cluster][0m
[36m(MegatronTrainRayActor pid=78094)[0m   File "/root/Megatron-LM/megatron/core/pipeline_parallel/schedules.py", line 490, in backward_step[32m [repeated 14x across cluster][0m
[36m(MegatronTrainRayActor pid=78094)[0m   File "/root/Megatron-LM/megatron/core/pipeline_parallel/schedules.py", line 190, in custom_backward[32m [repeated 14x across cluster][0m
[36m(MegatronTrainRayActor pid=78094)[0m     Variable._execution_engine.run_backward([32m [repeated 14x across cluster][0m
[36m(MegatronTrainRayActor pid=78094)[0m   File "/usr/local/lib/python3.12/dist-packages/torch/autograd/function.py", line 317, in apply[32m [repeated 28x across cluster][0m
[36m(MegatronTrainRayActor pid=78094)[0m     return user_fn(self, *args)[32m [repeated 28x across cluster][0m
[36m(MegatronTrainRayActor pid=78094)[0m            ^^^^^^^^^^^^^^^^^^^^[32m [repeated 28x across cluster][0m
[36m(MegatronTrainRayActor pid=78094)[0m   File "/root/Megatron-LM/megatron/core/tensor_parallel/random.py", line 566, in backward[32m [repeated 14x across cluster][0m
[36m(MegatronTrainRayActor pid=78094)[0m     torch.autograd.backward(outputs, args)[32m [repeated 14x across cluster][0m
[36m(MegatronTrainRayActor pid=78094)[0m   File "/usr/local/lib/python3.12/dist-packages/transformer_engine/pytorch/attention/dot_product_attention/backends.py", line 1687, in backward[32m [repeated 28x across cluster][0m
[36m(MegatronTrainRayActor pid=78094)[0m     _engine_run_backward([32m [repeated 14x across cluster][0m
[36m(MegatronTrainRayActor pid=78094)[0m   File "/usr/local/lib/python3.12/dist-packages/torch/autograd/graph.py", line 869, in _engine_run_backward[32m [repeated 14x across cluster][0m
[36m(MegatronTrainRayActor pid=78094)[0m            ^^^^^^^^^^^^^^^^^^^^^^^^^^^^^^^^^^^^^^^^^^^^^^^^^^^^^^^^^^^^^^^^^^^^^^^^^^^^^^^^^^^^^^^^^^^^^^[32m [repeated 14x across cluster][0m
[36m(MegatronTrainRayActor pid=78094)[0m     flash_attn_cuda_bwd([32m [repeated 14x across cluster][0m
[36m(MegatronTrainRayActor pid=78094)[0m TypeError: varlen_bwd(): incompatible function arguments. The following argument types are supported:[32m [repeated 14x across cluster][0m
[36m(MegatronTrainRayActor pid=78094)[0m     1. (arg0: torch.Tensor, arg1: torch.Tensor, arg2: torch.Tensor, arg3: torch.Tensor, arg4: torch.Tensor, arg5: torch.Tensor, arg6: torch.Tensor | None, arg7: torch.Tensor | None, arg8: torch.Tensor | None, arg9: torch.Tensor, arg10: torch.Tensor, arg11: torch.Tensor | None, arg12: typing.SupportsInt, arg13: typing.SupportsInt, arg14: typing.SupportsFloat, arg15: typing.SupportsFloat, arg16: bool, arg17: bool, arg18: typing.SupportsInt, arg19: typing.SupportsInt, arg20: typing.SupportsFloat, arg21: bool, arg22: torch.Generator | None, arg23: torch.Tensor | None) -> list[torch.Tensor][32m [repeated 14x across cluster][0m
[36m(MegatronTrainRayActor pid=78094)[0m Invoked with: tensor([[[[0., 0., 0.,  ..., 0., 0., 0.],[32m [repeated 14x across cluster][0m
[36m(MegatronTrainRayActor pid=78094)[0m         [[[0., 0., 0.,  ..., 0., 0., 0.]]]], device='cuda:7',[32m [repeated 2226x across cluster][0m
[36m(MegatronTrainRayActor pid=78094)[0m           [ 9.5548]]]], device='cuda:7'), tensor([[[[0., 0., 0.,  ..., 0., 0., 0.],[32m [repeated 454x across cluster][0m
[36m(MegatronTrainRayActor pid=78094)[0m         [[[ 0.7891,  0.9297, -0.4121,  ...,  0.3223, -0.6562,  0.4219]]]],[32m [repeated 186x across cluster][0m
[36m(MegatronTrainRayActor pid=78094)[0m        grad_fn=<FusedAttnFuncBackward>), tensor([[[[-0.8453],[32m [repeated 14x across cluster][0m
[36m(MegatronTrainRayActor pid=78094)[0m           [ 9.9112],[32m [repeated 130x across cluster][0m
[36m(MegatronTrainRayActor pid=78094)[0m          [[ 1.6793],[32m [repeated 46x across cluster][0m
[36m(MegatronTrainRayActor pid=78094)[0m        dtype=torch.bfloat16), tensor([  0, 256], device='cuda:7', dtype=torch.int32), tensor([  0, 256], device='cuda:7', dtype=torch.int32), 256, 256, 0.0, 0.0625, False, True, None, tensor([3953, 9700], device='cuda:7')[32m [repeated 14x across cluster][0m
[36m(MegatronTrainRayActor pid=78094)[0m [2026-07-28 10:40:52.813 actor_cell0_rank7] structured_log.py:30 - ft cls=MegatronTrainRayActor fn=train phase=end ok=false elapsed_s=33.0[32m [repeated 7x across cluster][0m
[36m(MegatronTrainRayActor pid=78094)[0m   File "/root/andy-miles/miles/utils/audit_utils/event_logger/logger.py", line 108, in wrapper[32m [repeated 7x across cluster][0m
[36m(MegatronTrainRayActor pid=78094)[0m     return method(*args, **kwargs)[32m [repeated 7x across cluster][0m
[36m(MegatronTrainRayActor pid=78094)[0m            ^^^^^^^^^^^^^^^^^^^^^^^[32m [repeated 7x across cluster][0m
[36m(MegatronTrainRayActor pid=78094)[0m   File "/root/andy-miles/miles/backends/megatron_utils/actor.py", line 391, in train[32m [repeated 7x across cluster][0m
[36m(MegatronTrainRayActor pid=78094)[0m     return self.train_actor(rollout_id, rollout_data, witness_info=witness_info, attempt=attempt)[32m [repeated 7x across cluster][0m
[36m(MegatronTrainRayActor pid=78094)[0m            ^^^^^^^^^^^^^^^^^^^^^^^^^^^^^^^^^^^^^^^^^^^^^^^^^^^^^^^^^^^^^^^^^^^^^^^^^^^^^^^^^^^^^^[32m [repeated 7x across cluster][0m
[36m(MegatronTrainRayActor pid=78094)[0m   File "/usr/local/lib/python3.12/dist-packages/ray/util/tracing/tracing_helper.py", line 487, in _resume_span[32m [repeated 7x across cluster][0m
[36m(MegatronTrainRayActor pid=78094)[0m     return method(self, *_args, **_kwargs)[32m [repeated 7x across cluster][0m
[36m(MegatronTrainRayActor pid=78094)[0m            ^^^^^^^^^^^^^^^^^^^^^^^^^^^^^^^[32m [repeated 7x across cluster][0m
[36m(MegatronTrainRayActor pid=78094)[0m        dtype=torch.bfloat16), tensor([[[[ 1.7734e+00,  1.0391e+00,  2.2344e+00,  ..., -8.7500e-01,[32m [repeated 12x across cluster][0m
2026-07-28 10:41:04,635	INFO sdk.py:519 -- WebSocket closed for job raysubmit_WuX1z7zdcGt6ariW with close code 1000
2026-07-28 10:41:04,641	ERR cli.py:74 -- [31m---------------------------------------[39m
2026-07-28 10:41:04,641	ERR cli.py:75 -- [31mJob 'raysubmit_WuX1z7zdcGt6ariW' failed[39m
2026-07-28 10:41:04,641	ERR cli.py:76 -- [31m---------------------------------------[39m
2026-07-28 10:41:04,641	INFO cli.py:89 -- Status message: Job entrypoint command failed with exit code 1, last available logs (truncated to 20,000 chars):
[36m(MegatronTrainRayActor pid=78094)[0m   File "/root/andy-miles/miles/utils/audit_utils/event_logger/logger.py", line 108, in wrapper[32m [repeated 7x across cluster][0m
[36m(MegatronTrainRayActor pid=78094)[0m     return method(*args, **kwargs)[32m [repeated 7x across cluster][0m
[36m(MegatronTrainRayActor pid=78094)[0m            ^^^^^^^^^^^^^^^^^^^^^^^[32m [repeated 7x across cluster][0m
[36m(MegatronTrainRayActor pid=78094)[0m   File "/root/andy-miles/miles/backends/megatron_utils/actor.py", line 391, in train[32m [repeated 7x across cluster][0m
[36m(MegatronTrainRayActor pid=78094)[0m     return self.train_actor(rollout_id, rollout_data, witness_info=witness_info, attempt=attempt)[32m [repeated 7x across cluster][0m
[36m(MegatronTrainRayActor pid=78094)[0m            ^^^^^^^^^^^^^^^^^^^^^^^^^^^^^^^^^^^^^^^^^^^^^^^^^^^^^^^^^^^^^^^^^^^^^^^^^^^^^^^^^^^^^^[32m [repeated 7x across cluster][0m
[36m(MegatronTrainRayActor pid=78094)[0m   File "/usr/local/lib/python3.12/dist-packages/ray/util/tracing/tracing_helper.py", line 487, in _resume_span[32m [repeated 7x across cluster][0m
[36m(MegatronTrainRayActor pid=78094)[0m     return method(self, *_args, **_kwargs)[32m [repeated 7x across cluster][0m
[36m(MegatronTrainRayActor pid=78094)[0m            ^^^^^^^^^^^^^^^^^^^^^^^^^^^^^^^[32m [repeated 7x across cluster][0m
[36m(MegatronTrainRayActor pid=78094)[0m        dtype=torch.bfloat16), tensor([[[[ 1.7734e+00,  1.0391e+00,  2.2344e+00,  ..., -8.7500e-01,[32m [repeated 12x across cluster][0m

