2026/07/28 09:22:20.313, 0, NVIDIA H200, 0, 143771, 0, 80.39
2026/07/28 09:22:20.319, 1, NVIDIA H200, 0, 143771, 0, 83.24
2026/07/28 09:22:20.319, 2, NVIDIA H200, 0, 143771, 0, 79.95
2026/07/28 09:22:20.320, 3, NVIDIA H200, 0, 143771, 0, 79.96
2026/07/28 09:22:20.320, 4, NVIDIA H200, 0, 143771, 0, 80.12
2026/07/28 09:22:20.322, 5, NVIDIA H200, 0, 143771, 0, 81.65
2026/07/28 09:22:20.323, 6, NVIDIA H200, 0, 143771, 0, 80.12
2026/07/28 09:22:20.335, 7, NVIDIA H200, 0, 143771, 0, 79.46
2026/07/28 09:22:22.337, 0, NVIDIA H200, 0, 143771, 0, 80.38
2026/07/28 09:22:22.337, 1, NVIDIA H200, 0, 143771, 0, 83.22
2026/07/28 09:22:22.337, 2, NVIDIA H200, 0, 143771, 0, 79.92
2026/07/28 09:22:22.337, 3, NVIDIA H200, 0, 143771, 0, 79.96
2026/07/28 09:22:22.338, 4, NVIDIA H200, 0, 143771, 0, 80.10
2026/07/28 09:22:22.338, 5, NVIDIA H200, 0, 143771, 0, 81.58
2026/07/28 09:22:22.338, 6, NVIDIA H200, 0, 143771, 0, 80.12
2026/07/28 09:22:22.338, 7, NVIDIA H200, 0, 143771, 0, 79.41
2026/07/28 09:22:24.338, 0, NVIDIA H200, 0, 143771, 0, 80.42
2026/07/28 09:22:24.338, 1, NVIDIA H200, 0, 143771, 0, 83.18
2026/07/28 09:22:24.338, 2, NVIDIA H200, 0, 143771, 0, 79.92
2026/07/28 09:22:24.338, 3, NVIDIA H200, 0, 143771, 0, 79.97
2026/07/28 09:22:24.338, 4, NVIDIA H200, 0, 143771, 0, 80.11
2026/07/28 09:22:24.338, 5, NVIDIA H200, 0, 143771, 0, 81.61
2026/07/28 09:22:24.338, 6, NVIDIA H200, 0, 143771, 0, 80.14
2026/07/28 09:22:24.338, 7, NVIDIA H200, 0, 143771, 0, 79.43
2026/07/28 09:22:26.338, 0, NVIDIA H200, 0, 143771, 0, 80.38
2026/07/28 09:22:26.339, 1, NVIDIA H200, 0, 143771, 0, 83.32
2026/07/28 09:22:26.339, 2, NVIDIA H200, 0, 143771, 0, 79.92
2026/07/28 09:22:26.339, 3, NVIDIA H200, 0, 143771, 0, 79.93
2026/07/28 09:22:26.339, 4, NVIDIA H200, 0, 143771, 0, 80.14
2026/07/28 09:22:26.339, 5, NVIDIA H200, 0, 143771, 0, 81.58
2026/07/28 09:22:26.339, 6, NVIDIA H200, 0, 143771, 0, 80.13
2026/07/28 09:22:26.339, 7, NVIDIA H200, 0, 143771, 0, 79.44
2026/07/28 09:22:28.339, 0, NVIDIA H200, 0, 143771, 0, 80.40
2026/07/28 09:22:28.339, 1, NVIDIA H200, 0, 143771, 0, 83.42
2026/07/28 09:22:28.339, 2, NVIDIA H200, 0, 143771, 0, 79.94
2026/07/28 09:22:28.339, 3, NVIDIA H200, 0, 143771, 0, 79.92
2026/07/28 09:22:28.339, 4, NVIDIA H200, 0, 143771, 0, 80.14
2026/07/28 09:22:28.339, 5, NVIDIA H200, 0, 143771, 0, 81.70
2026/07/28 09:22:28.339, 6, NVIDIA H200, 0, 143771, 0, 80.16
2026/07/28 09:22:28.339, 7, NVIDIA H200, 0, 143771, 0, 79.44
2026/07/28 09:22:30.340, 0, NVIDIA H200, 0, 143771, 0, 80.40
2026/07/28 09:22:30.340, 1, NVIDIA H200, 0, 143771, 0, 83.49
2026/07/28 09:22:30.340, 2, NVIDIA H200, 0, 143771, 0, 79.93
2026/07/28 09:22:30.341, 3, NVIDIA H200, 0, 143771, 0, 79.88
2026/07/28 09:22:30.341, 4, NVIDIA H200, 0, 143771, 0, 80.15
2026/07/28 09:22:30.341, 5, NVIDIA H200, 0, 143771, 0, 81.58
2026/07/28 09:22:30.341, 6, NVIDIA H200, 0, 143771, 0, 80.13
2026/07/28 09:22:30.341, 7, NVIDIA H200, 0, 143771, 0, 79.43
2026/07/28 09:22:32.341, 0, NVIDIA H200, 0, 143771, 0, 80.39
2026/07/28 09:22:32.341, 1, NVIDIA H200, 0, 143771, 0, 83.46
2026/07/28 09:22:32.341, 2, NVIDIA H200, 0, 143771, 0, 79.99
2026/07/28 09:22:32.341, 3, NVIDIA H200, 0, 143771, 0, 79.86
2026/07/28 09:22:32.341, 4, NVIDIA H200, 0, 143771, 0, 80.11
2026/07/28 09:22:32.341, 5, NVIDIA H200, 0, 143771, 0, 81.64
2026/07/28 09:22:32.341, 6, NVIDIA H200, 0, 143771, 0, 80.12
2026/07/28 09:22:32.341, 7, NVIDIA H200, 0, 143771, 0, 79.41
2026/07/28 09:22:34.342, 0, NVIDIA H200, 4, 143771, 0, 80.40
2026/07/28 09:22:34.429, 1, NVIDIA H200, 1, 143771, 0, 83.46
2026/07/28 09:22:34.429, 2, NVIDIA H200, 1, 143771, 0, 79.94
2026/07/28 09:22:34.429, 3, NVIDIA H200, 1, 143771, 0, 79.90
2026/07/28 09:22:34.429, 4, NVIDIA H200, 1, 143771, 0, 80.10
2026/07/28 09:22:34.429, 5, NVIDIA H200, 1, 143771, 0, 81.65
2026/07/28 09:22:34.429, 6, NVIDIA H200, 1, 143771, 0, 80.12
2026/07/28 09:22:34.429, 7, NVIDIA H200, 1, 143771, 0, 79.45
2026/07/28 09:22:36.430, 0, NVIDIA H200, 4, 143771, 0, 80.37
2026/07/28 09:22:36.433, 1, NVIDIA H200, 4, 143771, 0, 83.51
2026/07/28 09:22:36.448, 2, NVIDIA H200, 4, 143771, 0, 79.95
2026/07/28 09:22:36.451, 3, NVIDIA H200, 4, 143771, 0, 79.89
2026/07/28 09:22:36.453, 4, NVIDIA H200, 4, 143771, 0, 80.12
2026/07/28 09:22:36.453, 5, NVIDIA H200, 4, 143771, 0, 81.64
2026/07/28 09:22:36.453, 6, NVIDIA H200, 4, 143771, 0, 80.14
2026/07/28 09:22:36.453, 7, NVIDIA H200, 4, 143771, 0, 79.97
2026/07/28 09:22:38.453, 0, NVIDIA H200, 4, 143771, 0, 80.40
2026/07/28 09:22:38.453, 1, NVIDIA H200, 4, 143771, 0, 83.45
2026/07/28 09:22:38.453, 2, NVIDIA H200, 4, 143771, 0, 79.93
2026/07/28 09:22:38.454, 3, NVIDIA H200, 4, 143771, 0, 79.89
2026/07/28 09:22:38.454, 4, NVIDIA H200, 4, 143771, 0, 80.11
2026/07/28 09:22:38.454, 5, NVIDIA H200, 4, 143771, 0, 81.68
2026/07/28 09:22:38.454, 6, NVIDIA H200, 4, 143771, 0, 80.08
2026/07/28 09:22:38.454, 7, NVIDIA H200, 4, 143771, 0, 81.87
2026/07/28 09:22:40.454, 0, NVIDIA H200, 4, 143771, 0, 80.39
2026/07/28 09:22:40.454, 1, NVIDIA H200, 4, 143771, 0, 83.44
2026/07/28 09:22:40.454, 2, NVIDIA H200, 4, 143771, 0, 79.93
2026/07/28 09:22:40.454, 3, NVIDIA H200, 4, 143771, 0, 79.91
2026/07/28 09:22:40.454, 4, NVIDIA H200, 4, 143771, 0, 80.12
2026/07/28 09:22:40.454, 5, NVIDIA H200, 4, 143771, 0, 81.60
2026/07/28 09:22:40.454, 6, NVIDIA H200, 4, 143771, 0, 80.08
2026/07/28 09:22:40.454, 7, NVIDIA H200, 4, 143771, 0, 79.46
2026/07/28 09:22:42.454, 0, NVIDIA H200, 4, 143771, 0, 80.40
2026/07/28 09:22:42.455, 1, NVIDIA H200, 4, 143771, 0, 83.47
2026/07/28 09:22:42.455, 2, NVIDIA H200, 4, 143771, 0, 79.97
2026/07/28 09:22:42.455, 3, NVIDIA H200, 4, 143771, 0, 80.01
2026/07/28 09:22:42.455, 4, NVIDIA H200, 4, 143771, 0, 80.05
2026/07/28 09:22:42.455, 5, NVIDIA H200, 4, 143771, 0, 81.60
2026/07/28 09:22:42.455, 6, NVIDIA H200, 4, 143771, 0, 80.09
2026/07/28 09:22:42.455, 7, NVIDIA H200, 4, 143771, 0, 79.46
2026/07/28 09:22:44.455, 0, NVIDIA H200, 4, 143771, 0, 80.35
2026/07/28 09:22:44.455, 1, NVIDIA H200, 4, 143771, 0, 83.50
2026/07/28 09:22:44.455, 2, NVIDIA H200, 4, 143771, 0, 79.93
2026/07/28 09:22:44.455, 3, NVIDIA H200, 4, 143771, 0, 80.06
2026/07/28 09:22:44.455, 4, NVIDIA H200, 4, 143771, 0, 80.09
2026/07/28 09:22:44.455, 5, NVIDIA H200, 4, 143771, 0, 81.65
2026/07/28 09:22:44.455, 6, NVIDIA H200, 4, 143771, 0, 80.07
2026/07/28 09:22:44.455, 7, NVIDIA H200, 4, 143771, 0, 79.44
2026/07/28 09:22:46.456, 0, NVIDIA H200, 4, 143771, 0, 80.38
2026/07/28 09:22:46.456, 1, NVIDIA H200, 4, 143771, 0, 83.43
2026/07/28 09:22:46.456, 2, NVIDIA H200, 4, 143771, 0, 79.77
2026/07/28 09:22:46.456, 3, NVIDIA H200, 4, 143771, 0, 80.14
2026/07/28 09:22:46.456, 4, NVIDIA H200, 4, 143771, 0, 80.09
2026/07/28 09:22:46.456, 5, NVIDIA H200, 4, 143771, 0, 81.60
2026/07/28 09:22:46.456, 6, NVIDIA H200, 4, 143771, 0, 80.07
2026/07/28 09:22:46.456, 7, NVIDIA H200, 4, 143771, 0, 79.40
2026/07/28 09:22:48.456, 0, NVIDIA H200, 4, 143771, 0, 80.38
2026/07/28 09:22:48.456, 1, NVIDIA H200, 4, 143771, 0, 83.46
2026/07/28 09:22:48.456, 2, NVIDIA H200, 4, 143771, 0, 79.92
2026/07/28 09:22:48.456, 3, NVIDIA H200, 4, 143771, 0, 80.14
2026/07/28 09:22:48.456, 4, NVIDIA H200, 4, 143771, 0, 80.09
2026/07/28 09:22:48.456, 5, NVIDIA H200, 4, 143771, 0, 81.65
2026/07/28 09:22:48.457, 6, NVIDIA H200, 4, 143771, 0, 80.08
2026/07/28 09:22:48.457, 7, NVIDIA H200, 4, 143771, 0, 79.44
2026/07/28 09:22:50.457, 0, NVIDIA H200, 4, 143771, 0, 80.36
2026/07/28 09:22:50.457, 1, NVIDIA H200, 4, 143771, 0, 83.44
2026/07/28 09:22:50.457, 2, NVIDIA H200, 4, 143771, 0, 79.94
2026/07/28 09:22:50.457, 3, NVIDIA H200, 4, 143771, 0, 80.14
2026/07/28 09:22:50.457, 4, NVIDIA H200, 4, 143771, 0, 80.10
2026/07/28 09:22:50.457, 5, NVIDIA H200, 4, 143771, 0, 81.58
2026/07/28 09:22:50.457, 6, NVIDIA H200, 4, 143771, 0, 80.06
2026/07/28 09:22:50.457, 7, NVIDIA H200, 4, 143771, 0, 79.38
2026/07/28 09:22:52.457, 0, NVIDIA H200, 4, 143771, 0, 80.38
2026/07/28 09:22:52.458, 1, NVIDIA H200, 4, 143771, 0, 83.43
2026/07/28 09:22:52.458, 2, NVIDIA H200, 4, 143771, 0, 79.92
2026/07/28 09:22:52.458, 3, NVIDIA H200, 4, 143771, 0, 80.06
2026/07/28 09:22:52.458, 4, NVIDIA H200, 4, 143771, 0, 80.07
2026/07/28 09:22:52.458, 5, NVIDIA H200, 4, 143771, 0, 81.64
2026/07/28 09:22:52.458, 6, NVIDIA H200, 4, 143771, 0, 80.08
2026/07/28 09:22:52.458, 7, NVIDIA H200, 4, 143771, 0, 79.41
2026/07/28 09:22:54.458, 0, NVIDIA H200, 4, 143771, 0, 80.38
2026/07/28 09:22:54.458, 1, NVIDIA H200, 4, 143771, 0, 83.48
2026/07/28 09:22:54.458, 2, NVIDIA H200, 4, 143771, 0, 79.94
2026/07/28 09:22:54.458, 3, NVIDIA H200, 4, 143771, 0, 80.02
2026/07/28 09:22:54.458, 4, NVIDIA H200, 4, 143771, 0, 80.10
2026/07/28 09:22:54.459, 5, NVIDIA H200, 4, 143771, 0, 81.60
2026/07/28 09:22:54.459, 6, NVIDIA H200, 4, 143771, 0, 80.09
2026/07/28 09:22:54.459, 7, NVIDIA H200, 4, 143771, 0, 79.47
2026/07/28 09:22:56.459, 0, NVIDIA H200, 4, 143771, 0, 80.37
2026/07/28 09:22:56.459, 1, NVIDIA H200, 4, 143771, 0, 83.49
2026/07/28 09:22:56.459, 2, NVIDIA H200, 4, 143771, 0, 79.92
2026/07/28 09:22:56.459, 3, NVIDIA H200, 4, 143771, 0, 79.97
2026/07/28 09:22:56.459, 4, NVIDIA H200, 4, 143771, 0, 80.10
2026/07/28 09:22:56.459, 5, NVIDIA H200, 4, 143771, 0, 81.57
2026/07/28 09:22:56.459, 6, NVIDIA H200, 4, 143771, 0, 80.09
2026/07/28 09:22:56.459, 7, NVIDIA H200, 4, 143771, 0, 79.42
2026/07/28 09:22:58.459, 0, NVIDIA H200, 4, 143771, 0, 80.36
2026/07/28 09:22:58.460, 1, NVIDIA H200, 4, 143771, 0, 83.47
2026/07/28 09:22:58.460, 2, NVIDIA H200, 4, 143771, 0, 79.93
2026/07/28 09:22:58.460, 3, NVIDIA H200, 4, 143771, 0, 79.94
2026/07/28 09:22:58.460, 4, NVIDIA H200, 4, 143771, 0, 80.06
2026/07/28 09:22:58.460, 5, NVIDIA H200, 4, 143771, 0, 81.62
2026/07/28 09:22:58.460, 6, NVIDIA H200, 4, 143771, 0, 80.06
2026/07/28 09:22:58.460, 7, NVIDIA H200, 4, 143771, 0, 79.41
2026/07/28 09:23:00.460, 0, NVIDIA H200, 4, 143771, 0, 80.38
2026/07/28 09:23:00.460, 1, NVIDIA H200, 4, 143771, 0, 83.42
2026/07/28 09:23:00.460, 2, NVIDIA H200, 4, 143771, 0, 79.94
2026/07/28 09:23:00.460, 3, NVIDIA H200, 4, 143771, 0, 80.01
2026/07/28 09:23:00.460, 4, NVIDIA H200, 4, 143771, 0, 80.06
2026/07/28 09:23:00.460, 5, NVIDIA H200, 4, 143771, 0, 81.58
2026/07/28 09:23:00.460, 6, NVIDIA H200, 4, 143771, 0, 80.08
2026/07/28 09:23:00.460, 7, NVIDIA H200, 4, 143771, 0, 79.44
2026/07/28 09:23:02.461, 0, NVIDIA H200, 4, 143771, 0, 80.36
2026/07/28 09:23:02.461, 1, NVIDIA H200, 4, 143771, 0, 83.43
2026/07/28 09:23:02.461, 2, NVIDIA H200, 4, 143771, 0, 79.92
2026/07/28 09:23:02.461, 3, NVIDIA H200, 4, 143771, 0, 79.97
2026/07/28 09:23:02.461, 4, NVIDIA H200, 4, 143771, 0, 80.06
2026/07/28 09:23:02.461, 5, NVIDIA H200, 4, 143771, 0, 81.65
2026/07/28 09:23:02.461, 6, NVIDIA H200, 4, 143771, 0, 80.06
2026/07/28 09:23:02.461, 7, NVIDIA H200, 4, 143771, 0, 79.39
2026/07/28 09:23:04.461, 0, NVIDIA H200, 4, 143771, 0, 80.33
2026/07/28 09:23:04.462, 1, NVIDIA H200, 4, 143771, 0, 83.46
2026/07/28 09:23:04.462, 2, NVIDIA H200, 4, 143771, 0, 79.92
2026/07/28 09:23:04.462, 3, NVIDIA H200, 4, 143771, 0, 79.95
2026/07/28 09:23:04.462, 4, NVIDIA H200, 4, 143771, 0, 80.10
2026/07/28 09:23:04.463, 5, NVIDIA H200, 4, 143771, 0, 81.58
2026/07/28 09:23:04.463, 6, NVIDIA H200, 4, 143771, 0, 80.06
2026/07/28 09:23:04.463, 7, NVIDIA H200, 4, 143771, 0, 79.37
2026/07/28 09:23:06.463, 0, NVIDIA H200, 4, 143771, 0, 80.37
2026/07/28 09:23:06.463, 1, NVIDIA H200, 4, 143771, 0, 83.46
2026/07/28 09:23:06.463, 2, NVIDIA H200, 4, 143771, 0, 79.96
2026/07/28 09:23:06.463, 3, NVIDIA H200, 4, 143771, 0, 79.93
2026/07/28 09:23:06.463, 4, NVIDIA H200, 4, 143771, 0, 80.08
2026/07/28 09:23:06.463, 5, NVIDIA H200, 4, 143771, 0, 81.64
2026/07/28 09:23:06.463, 6, NVIDIA H200, 4, 143771, 0, 80.06
2026/07/28 09:23:06.463, 7, NVIDIA H200, 4, 143771, 0, 79.44
2026/07/28 09:23:08.463, 0, NVIDIA H200, 4, 143771, 0, 80.34
2026/07/28 09:23:08.464, 1, NVIDIA H200, 4, 143771, 0, 83.49
2026/07/28 09:23:08.464, 2, NVIDIA H200, 4, 143771, 0, 79.93
2026/07/28 09:23:08.464, 3, NVIDIA H200, 4, 143771, 0, 79.90
2026/07/28 09:23:08.464, 4, NVIDIA H200, 4, 143771, 0, 80.07
2026/07/28 09:23:08.464, 5, NVIDIA H200, 4, 143771, 0, 81.58
2026/07/28 09:23:08.464, 6, NVIDIA H200, 4, 143771, 0, 80.05
2026/07/28 09:23:08.464, 7, NVIDIA H200, 4, 143771, 0, 79.39
2026/07/28 09:23:10.464, 0, NVIDIA H200, 4, 143771, 0, 80.39
2026/07/28 09:23:10.464, 1, NVIDIA H200, 4, 143771, 0, 83.45
2026/07/28 09:23:10.464, 2, NVIDIA H200, 4, 143771, 0, 79.94
2026/07/28 09:23:10.464, 3, NVIDIA H200, 4, 143771, 0, 79.91
2026/07/28 09:23:10.464, 4, NVIDIA H200, 4, 143771, 0, 80.09
2026/07/28 09:23:10.464, 5, NVIDIA H200, 4, 143771, 0, 81.55
2026/07/28 09:23:10.464, 6, NVIDIA H200, 4, 143771, 0, 80.04
2026/07/28 09:23:10.464, 7, NVIDIA H200, 4, 143771, 0, 79.39
2026/07/28 09:23:12.465, 0, NVIDIA H200, 4, 143771, 0, 80.37
2026/07/28 09:23:12.465, 1, NVIDIA H200, 4, 143771, 0, 83.46
2026/07/28 09:23:12.465, 2, NVIDIA H200, 4, 143771, 0, 79.93
2026/07/28 09:23:12.465, 3, NVIDIA H200, 4, 143771, 0, 79.88
2026/07/28 09:23:12.465, 4, NVIDIA H200, 4, 143771, 0, 80.07
2026/07/28 09:23:12.465, 5, NVIDIA H200, 4, 143771, 0, 81.59
2026/07/28 09:23:12.465, 6, NVIDIA H200, 4, 143771, 0, 80.03
2026/07/28 09:23:12.465, 7, NVIDIA H200, 4, 143771, 0, 79.43
2026/07/28 09:23:14.465, 0, NVIDIA H200, 4, 143771, 0, 80.34
2026/07/28 09:23:14.474, 1, NVIDIA H200, 4, 143771, 0, 83.43
2026/07/28 09:23:14.477, 2, NVIDIA H200, 4, 143771, 0, 79.96
2026/07/28 09:23:14.481, 3, NVIDIA H200, 4, 143771, 0, 79.86
2026/07/28 09:23:14.484, 4, NVIDIA H200, 4, 143771, 0, 80.07
2026/07/28 09:23:14.493, 5, NVIDIA H200, 4, 143771, 0, 81.59
2026/07/28 09:23:14.495, 6, NVIDIA H200, 4, 143771, 0, 80.07
2026/07/28 09:23:14.505, 7, NVIDIA H200, 4, 143771, 0, 79.43
2026/07/28 09:23:16.508, 0, NVIDIA H200, 4, 143771, 0, 80.38
2026/07/28 09:23:16.508, 1, NVIDIA H200, 4, 143771, 0, 83.43
2026/07/28 09:23:16.508, 2, NVIDIA H200, 4, 143771, 0, 79.92
2026/07/28 09:23:16.508, 3, NVIDIA H200, 4, 143771, 0, 79.84
2026/07/28 09:23:16.508, 4, NVIDIA H200, 4, 143771, 0, 80.07
2026/07/28 09:23:16.508, 5, NVIDIA H200, 4, 143771, 0, 81.68
2026/07/28 09:23:16.508, 6, NVIDIA H200, 4, 143771, 0, 80.05
2026/07/28 09:23:16.508, 7, NVIDIA H200, 4, 143771, 0, 79.44
2026/07/28 09:23:18.509, 0, NVIDIA H200, 4, 143771, 0, 80.35
2026/07/28 09:23:18.509, 1, NVIDIA H200, 4, 143771, 0, 83.49
2026/07/28 09:23:18.509, 2, NVIDIA H200, 4, 143771, 0, 79.94
2026/07/28 09:23:18.509, 3, NVIDIA H200, 4, 143771, 0, 79.84
2026/07/28 09:23:18.509, 4, NVIDIA H200, 4, 143771, 0, 80.07
2026/07/28 09:23:18.509, 5, NVIDIA H200, 4, 143771, 0, 81.58
2026/07/28 09:23:18.509, 6, NVIDIA H200, 4, 143771, 0, 80.07
2026/07/28 09:23:18.509, 7, NVIDIA H200, 4, 143771, 0, 79.43
2026/07/28 09:23:20.509, 0, NVIDIA H200, 4, 143771, 0, 80.38
2026/07/28 09:23:20.509, 1, NVIDIA H200, 4, 143771, 0, 83.47
2026/07/28 09:23:20.509, 2, NVIDIA H200, 4, 143771, 0, 79.94
2026/07/28 09:23:20.509, 3, NVIDIA H200, 4, 143771, 0, 79.85
2026/07/28 09:23:20.510, 4, NVIDIA H200, 4, 143771, 0, 80.08
2026/07/28 09:23:20.510, 5, NVIDIA H200, 4, 143771, 0, 81.62
2026/07/28 09:23:20.510, 6, NVIDIA H200, 4, 143771, 0, 80.08
2026/07/28 09:23:20.510, 7, NVIDIA H200, 4, 143771, 0, 79.42
2026/07/28 09:23:22.510, 0, NVIDIA H200, 4, 143771, 0, 80.31
2026/07/28 09:23:22.510, 1, NVIDIA H200, 4, 143771, 0, 83.46
2026/07/28 09:23:22.510, 2, NVIDIA H200, 4, 143771, 0, 79.93
2026/07/28 09:23:22.510, 3, NVIDIA H200, 4, 143771, 0, 79.96
2026/07/28 09:23:22.510, 4, NVIDIA H200, 4, 143771, 0, 80.04
2026/07/28 09:23:22.510, 5, NVIDIA H200, 4, 143771, 0, 81.59
2026/07/28 09:23:22.510, 6, NVIDIA H200, 4, 143771, 0, 80.07
2026/07/28 09:23:22.510, 7, NVIDIA H200, 4, 143771, 0, 79.42
2026/07/28 09:23:24.510, 0, NVIDIA H200, 4, 143771, 0, 80.36
2026/07/28 09:23:24.511, 1, NVIDIA H200, 4, 143771, 0, 83.45
2026/07/28 09:23:24.511, 2, NVIDIA H200, 4, 143771, 0, 79.93
2026/07/28 09:23:24.511, 3, NVIDIA H200, 4, 143771, 0, 80.07
2026/07/28 09:23:24.511, 4, NVIDIA H200, 4, 143771, 0, 80.08
2026/07/28 09:23:24.511, 5, NVIDIA H200, 4, 143771, 0, 81.58
2026/07/28 09:23:24.511, 6, NVIDIA H200, 4, 143771, 0, 80.07
2026/07/28 09:23:24.511, 7, NVIDIA H200, 4, 143771, 0, 79.43
2026/07/28 09:23:26.511, 0, NVIDIA H200, 4, 143771, 0, 80.35
2026/07/28 09:23:26.513, 1, NVIDIA H200, 4, 143771, 0, 83.40
2026/07/28 09:23:26.516, 2, NVIDIA H200, 4, 143771, 0, 79.95
2026/07/28 09:23:26.520, 3, NVIDIA H200, 4, 143771, 0, 80.10
2026/07/28 09:23:26.523, 4, NVIDIA H200, 4, 143771, 0, 80.09
2026/07/28 09:23:26.525, 5, NVIDIA H200, 4, 143771, 0, 81.63
2026/07/28 09:23:26.525, 6, NVIDIA H200, 4, 143771, 0, 80.04
2026/07/28 09:23:26.525, 7, NVIDIA H200, 4, 143771, 0, 79.44
2026/07/28 09:23:28.525, 0, NVIDIA H200, 4, 143771, 0, 80.32
2026/07/28 09:23:28.525, 1, NVIDIA H200, 4, 143771, 0, 83.42
2026/07/28 09:23:28.525, 2, NVIDIA H200, 4, 143771, 0, 79.94
2026/07/28 09:23:28.526, 3, NVIDIA H200, 4, 143771, 0, 80.11
2026/07/28 09:23:28.526, 4, NVIDIA H200, 4, 143771, 0, 80.06
2026/07/28 09:23:28.526, 5, NVIDIA H200, 4, 143771, 0, 81.61
2026/07/28 09:23:28.526, 6, NVIDIA H200, 4, 143771, 0, 80.06
2026/07/28 09:23:28.526, 7, NVIDIA H200, 4, 143771, 0, 79.42
2026/07/28 09:23:30.526, 0, NVIDIA H200, 4, 143771, 0, 80.37
2026/07/28 09:23:30.526, 1, NVIDIA H200, 4, 143771, 0, 83.47
2026/07/28 09:23:30.526, 2, NVIDIA H200, 4, 143771, 0, 79.93
2026/07/28 09:23:30.526, 3, NVIDIA H200, 4, 143771, 0, 80.03
2026/07/28 09:23:30.526, 4, NVIDIA H200, 4, 143771, 0, 80.07
2026/07/28 09:23:30.526, 5, NVIDIA H200, 4, 143771, 0, 81.62
2026/07/28 09:23:30.526, 6, NVIDIA H200, 4, 143771, 0, 80.02
2026/07/28 09:23:30.526, 7, NVIDIA H200, 4, 143771, 0, 79.44
2026/07/28 09:23:32.526, 0, NVIDIA H200, 4, 143771, 0, 80.32
2026/07/28 09:23:32.527, 1, NVIDIA H200, 4, 143771, 0, 83.46
2026/07/28 09:23:32.527, 2, NVIDIA H200, 4, 143771, 0, 79.93
2026/07/28 09:23:32.527, 3, NVIDIA H200, 4, 143771, 0, 79.93
2026/07/28 09:23:32.527, 4, NVIDIA H200, 4, 143771, 0, 80.08
2026/07/28 09:23:32.527, 5, NVIDIA H200, 4, 143771, 0, 81.61
2026/07/28 09:23:32.527, 6, NVIDIA H200, 4, 143771, 0, 80.04
2026/07/28 09:23:32.527, 7, NVIDIA H200, 4, 143771, 0, 79.41
2026/07/28 09:23:34.527, 0, NVIDIA H200, 4, 143771, 0, 80.33
2026/07/28 09:23:34.527, 1, NVIDIA H200, 4, 143771, 0, 83.45
2026/07/28 09:23:34.527, 2, NVIDIA H200, 4, 143771, 0, 79.92
2026/07/28 09:23:34.527, 3, NVIDIA H200, 4, 143771, 0, 79.94
2026/07/28 09:23:34.527, 4, NVIDIA H200, 4, 143771, 0, 80.05
2026/07/28 09:23:34.527, 5, NVIDIA H200, 4, 143771, 0, 81.56
2026/07/28 09:23:34.527, 6, NVIDIA H200, 4, 143771, 0, 80.04
2026/07/28 09:23:34.527, 7, NVIDIA H200, 4, 143771, 0, 79.38
2026/07/28 09:23:36.528, 0, NVIDIA H200, 4, 143771, 0, 80.35
2026/07/28 09:23:36.528, 1, NVIDIA H200, 4, 143771, 0, 83.43
2026/07/28 09:23:36.528, 2, NVIDIA H200, 4, 143771, 0, 79.91
2026/07/28 09:23:36.528, 3, NVIDIA H200, 4, 143771, 0, 79.95
2026/07/28 09:23:36.528, 4, NVIDIA H200, 4, 143771, 0, 80.07
2026/07/28 09:23:36.528, 5, NVIDIA H200, 4, 143771, 0, 81.65
2026/07/28 09:23:36.528, 6, NVIDIA H200, 4, 143771, 0, 80.03
2026/07/28 09:23:36.528, 7, NVIDIA H200, 4, 143771, 0, 79.37
2026/07/28 09:23:38.528, 0, NVIDIA H200, 4, 143771, 0, 80.32
2026/07/28 09:23:38.528, 1, NVIDIA H200, 4, 143771, 0, 83.40
2026/07/28 09:23:38.528, 2, NVIDIA H200, 4, 143771, 0, 79.92
2026/07/28 09:23:38.528, 3, NVIDIA H200, 4, 143771, 0, 79.92
2026/07/28 09:23:38.528, 4, NVIDIA H200, 4, 143771, 0, 80.04
2026/07/28 09:23:38.529, 5, NVIDIA H200, 4, 143771, 0, 81.58
2026/07/28 09:23:38.529, 6, NVIDIA H200, 4, 143771, 0, 80.07
2026/07/28 09:23:38.529, 7, NVIDIA H200, 4, 143771, 0, 79.42
2026/07/28 09:23:40.529, 0, NVIDIA H200, 4, 143771, 0, 80.36
2026/07/28 09:23:40.529, 1, NVIDIA H200, 4, 143771, 0, 83.42
2026/07/28 09:23:40.529, 2, NVIDIA H200, 4, 143771, 0, 79.93
2026/07/28 09:23:40.529, 3, NVIDIA H200, 4, 143771, 0, 79.88
2026/07/28 09:23:40.529, 4, NVIDIA H200, 4, 143771, 0, 80.04
2026/07/28 09:23:40.530, 5, NVIDIA H200, 4, 143771, 0, 81.62
2026/07/28 09:23:40.530, 6, NVIDIA H200, 4, 143771, 0, 80.07
2026/07/28 09:23:40.530, 7, NVIDIA H200, 4, 143771, 0, 79.40
2026/07/28 09:23:42.530, 0, NVIDIA H200, 4, 143771, 0, 80.31
2026/07/28 09:23:42.536, 1, NVIDIA H200, 4, 143771, 0, 83.49
2026/07/28 09:23:42.538, 2, NVIDIA H200, 4, 143771, 0, 79.94
2026/07/28 09:23:42.542, 3, NVIDIA H200, 4, 143771, 0, 79.90
2026/07/28 09:23:42.544, 4, NVIDIA H200, 4, 143771, 0, 80.08
2026/07/28 09:23:42.547, 5, NVIDIA H200, 4, 143771, 0, 81.62
2026/07/28 09:23:42.554, 6, NVIDIA H200, 4, 143771, 0, 80.10
2026/07/28 09:23:42.559, 7, NVIDIA H200, 4, 143771, 0, 79.43
2026/07/28 09:23:44.563, 0, NVIDIA H200, 4, 143771, 0, 80.33
2026/07/28 09:23:44.573, 1, NVIDIA H200, 4, 143771, 0, 83.49
2026/07/28 09:23:44.577, 2, NVIDIA H200, 4, 143771, 0, 79.93
2026/07/28 09:23:44.579, 3, NVIDIA H200, 4, 143771, 0, 79.91
2026/07/28 09:23:44.582, 4, NVIDIA H200, 4, 143771, 0, 80.06
2026/07/28 09:23:44.591, 5, NVIDIA H200, 4, 143771, 0, 81.59
2026/07/28 09:23:44.594, 6, NVIDIA H200, 4, 143771, 0, 80.07
2026/07/28 09:23:44.594, 7, NVIDIA H200, 4, 143771, 0, 79.43
2026/07/28 09:23:46.594, 0, NVIDIA H200, 4, 143771, 0, 80.31
2026/07/28 09:23:46.595, 1, NVIDIA H200, 4, 143771, 0, 83.43
2026/07/28 09:23:46.595, 2, NVIDIA H200, 4, 143771, 0, 79.92
2026/07/28 09:23:46.595, 3, NVIDIA H200, 4, 143771, 0, 79.87
2026/07/28 09:23:46.595, 4, NVIDIA H200, 4, 143771, 0, 80.06
2026/07/28 09:23:46.595, 5, NVIDIA H200, 4, 143771, 0, 81.58
2026/07/28 09:23:46.595, 6, NVIDIA H200, 4, 143771, 0, 80.03
2026/07/28 09:23:46.595, 7, NVIDIA H200, 4, 143771, 0, 79.39
2026/07/28 09:23:48.595, 0, NVIDIA H200, 4, 143771, 0, 80.30
2026/07/28 09:23:48.595, 1, NVIDIA H200, 4, 143771, 0, 83.42
2026/07/28 09:23:48.596, 2, NVIDIA H200, 4, 143771, 0, 79.92
2026/07/28 09:23:48.596, 3, NVIDIA H200, 4, 143771, 0, 79.86
2026/07/28 09:23:48.596, 4, NVIDIA H200, 4, 143771, 0, 80.01
2026/07/28 09:23:48.596, 5, NVIDIA H200, 4, 143771, 0, 81.57
2026/07/28 09:23:48.596, 6, NVIDIA H200, 4, 143771, 0, 80.02
2026/07/28 09:23:48.596, 7, NVIDIA H200, 4, 143771, 0, 79.39
2026/07/28 09:23:50.596, 0, NVIDIA H200, 4, 143771, 0, 80.37
2026/07/28 09:23:50.596, 1, NVIDIA H200, 4, 143771, 0, 83.45
2026/07/28 09:23:50.596, 2, NVIDIA H200, 4, 143771, 0, 79.92
2026/07/28 09:23:50.596, 3, NVIDIA H200, 4, 143771, 0, 79.82
2026/07/28 09:23:50.596, 4, NVIDIA H200, 4, 143771, 0, 80.04
2026/07/28 09:23:50.598, 5, NVIDIA H200, 4, 143771, 0, 81.63
2026/07/28 09:23:50.598, 6, NVIDIA H200, 4, 143771, 0, 80.00
2026/07/28 09:23:50.598, 7, NVIDIA H200, 4, 143771, 0, 79.40
2026/07/28 09:23:52.598, 0, NVIDIA H200, 4, 143771, 0, 80.33
2026/07/28 09:23:52.608, 1, NVIDIA H200, 4, 143771, 0, 83.44
2026/07/28 09:23:52.608, 2, NVIDIA H200, 4, 143771, 0, 79.92
2026/07/28 09:23:52.608, 3, NVIDIA H200, 4, 143771, 0, 79.81
2026/07/28 09:23:52.608, 4, NVIDIA H200, 22, 143771, 0, 80.03
2026/07/28 09:23:52.608, 5, NVIDIA H200, 4, 143771, 0, 81.55
2026/07/28 09:23:52.608, 6, NVIDIA H200, 4, 143771, 0, 80.00
2026/07/28 09:23:52.608, 7, NVIDIA H200, 4, 143771, 0, 79.41
2026/07/28 09:23:54.608, 0, NVIDIA H200, 4, 143771, 0, 80.31
2026/07/28 09:23:54.616, 1, NVIDIA H200, 4, 143771, 0, 83.45
2026/07/28 09:23:54.617, 2, NVIDIA H200, 532, 143771, 0, 85.27
2026/07/28 09:23:54.617, 3, NVIDIA H200, 4, 143771, 0, 79.83
2026/07/28 09:23:54.617, 4, NVIDIA H200, 532, 143771, 0, 125.95
2026/07/28 09:23:54.617, 5, NVIDIA H200, 4, 143771, 0, 81.62
2026/07/28 09:23:54.617, 6, NVIDIA H200, 4, 143771, 0, 80.00
2026/07/28 09:23:54.617, 7, NVIDIA H200, 626, 143771, 0, 121.57
2026/07/28 09:23:56.618, 0, NVIDIA H200, 726, 143771, 0, 123.27
2026/07/28 09:23:56.620, 1, NVIDIA H200, 726, 143771, 0, 133.33
2026/07/28 09:23:56.621, 2, NVIDIA H200, 726, 143771, 0, 121.09
2026/07/28 09:23:56.623, 3, NVIDIA H200, 726, 143771, 0, 123.96
2026/07/28 09:23:56.625, 4, NVIDIA H200, 726, 143771, 0, 126.12
2026/07/28 09:23:56.627, 5, NVIDIA H200, 726, 143771, 0, 124.65
2026/07/28 09:23:56.629, 6, NVIDIA H200, 726, 143771, 0, 123.31
2026/07/28 09:23:56.631, 7, NVIDIA H200, 726, 143771, 0, 121.75
2026/07/28 09:23:58.633, 0, NVIDIA H200, 1936, 143771, 0, 123.69
2026/07/28 09:23:58.633, 1, NVIDIA H200, 1984, 143771, 0, 133.95
2026/07/28 09:23:58.634, 2, NVIDIA H200, 1984, 143771, 0, 121.77
2026/07/28 09:23:58.634, 3, NVIDIA H200, 1744, 143771, 0, 124.49
2026/07/28 09:23:58.634, 4, NVIDIA H200, 1936, 143771, 0, 126.46
2026/07/28 09:23:58.634, 5, NVIDIA H200, 1984, 143771, 0, 124.56
2026/07/28 09:23:58.634, 6, NVIDIA H200, 1984, 143771, 0, 123.73
2026/07/28 09:23:58.634, 7, NVIDIA H200, 1744, 143771, 0, 122.63
2026/07/28 09:24:00.634, 0, NVIDIA H200, 18838, 143771, 5, 124.20
2026/07/28 09:24:00.634, 1, NVIDIA H200, 18886, 143771, 6, 134.29
2026/07/28 09:24:00.634, 2, NVIDIA H200, 18886, 143771, 8, 122.03
2026/07/28 09:24:00.634, 3, NVIDIA H200, 18646, 143771, 6, 124.83
2026/07/28 09:24:00.634, 4, NVIDIA H200, 18838, 143771, 8, 127.07
2026/07/28 09:24:00.634, 5, NVIDIA H200, 18886, 143771, 6, 125.36
2026/07/28 09:24:00.636, 6, NVIDIA H200, 18886, 143771, 8, 124.04
2026/07/28 09:24:00.636, 7, NVIDIA H200, 18646, 143771, 7, 122.63
2026/07/28 09:24:02.636, 0, NVIDIA H200, 18838, 143771, 6, 124.02
2026/07/28 09:24:02.637, 1, NVIDIA H200, 18886, 143771, 8, 134.29
2026/07/28 09:24:02.637, 2, NVIDIA H200, 18886, 143771, 8, 122.07
2026/07/28 09:24:02.637, 3, NVIDIA H200, 18646, 143771, 6, 124.63
2026/07/28 09:24:02.637, 4, NVIDIA H200, 18838, 143771, 4, 126.89
2026/07/28 09:24:02.637, 5, NVIDIA H200, 18886, 143771, 8, 125.34
2026/07/28 09:24:02.637, 6, NVIDIA H200, 18886, 143771, 8, 124.14
2026/07/28 09:24:02.637, 7, NVIDIA H200, 18646, 143771, 5, 122.55
2026/07/28 09:24:04.637, 0, NVIDIA H200, 18838, 143771, 0, 123.85
2026/07/28 09:24:04.637, 1, NVIDIA H200, 18886, 143771, 3, 134.09
2026/07/28 09:24:04.637, 2, NVIDIA H200, 18886, 143771, 3, 121.85
2026/07/28 09:24:04.638, 3, NVIDIA H200, 18646, 143771, 2, 124.42
2026/07/28 09:24:04.638, 4, NVIDIA H200, 18838, 143771, 0, 126.67
2026/07/28 09:24:04.638, 5, NVIDIA H200, 18886, 143771, 0, 125.07
2026/07/28 09:24:04.638, 6, NVIDIA H200, 18886, 143771, 4, 123.86
2026/07/28 09:24:04.638, 7, NVIDIA H200, 18646, 143771, 1, 122.33
2026/07/28 09:24:06.638, 0, NVIDIA H200, 18838, 143771, 2, 123.96
2026/07/28 09:24:06.638, 1, NVIDIA H200, 18886, 143771, 4, 134.31
2026/07/28 09:24:06.638, 2, NVIDIA H200, 18886, 143771, 5, 121.89
2026/07/28 09:24:06.638, 3, NVIDIA H200, 18646, 143771, 6, 124.48
2026/07/28 09:24:06.638, 4, NVIDIA H200, 18838, 143771, 2, 126.85
2026/07/28 09:24:06.639, 5, NVIDIA H200, 18886, 143771, 8, 125.12
2026/07/28 09:24:06.639, 6, NVIDIA H200, 18886, 143771, 2, 123.88
2026/07/28 09:24:06.639, 7, NVIDIA H200, 18646, 143771, 4, 122.41
2026/07/28 09:24:08.639, 0, NVIDIA H200, 18838, 143771, 5, 124.15
2026/07/28 09:24:08.639, 1, NVIDIA H200, 19080, 143771, 0, 133.83
2026/07/28 09:24:08.639, 2, NVIDIA H200, 19080, 143771, 0, 121.50
2026/07/28 09:24:08.639, 3, NVIDIA H200, 18840, 143771, 0, 124.06
2026/07/28 09:24:08.639, 4, NVIDIA H200, 18838, 143771, 5, 127.00
2026/07/28 09:24:08.639, 5, NVIDIA H200, 19080, 143771, 0, 124.75
2026/07/28 09:24:08.639, 6, NVIDIA H200, 19080, 143771, 0, 123.56
2026/07/28 09:24:08.639, 7, NVIDIA H200, 18840, 143771, 0, 122.12
2026/07/28 09:24:10.639, 0, NVIDIA H200, 58877, 143771, 0, 124.07
2026/07/28 09:24:10.665, 1, NVIDIA H200, 58945, 143771, 0, 134.26
2026/07/28 09:24:10.710, 2, NVIDIA H200, 58895, 143771, 0, 122.01
2026/07/28 09:24:10.712, 3, NVIDIA H200, 58685, 143771, 0, 124.39
2026/07/28 09:24:10.716, 4, NVIDIA H200, 58768, 143771, 0, 126.74
2026/07/28 09:24:10.719, 5, NVIDIA H200, 58816, 143771, 0, 125.27
2026/07/28 09:24:10.727, 6, NVIDIA H200, 58816, 143771, 0, 124.00
2026/07/28 09:24:10.727, 7, NVIDIA H200, 58576, 143771, 0, 122.68
2026/07/28 09:24:12.731, 0, NVIDIA H200, 61711, 143771, 2, 125.01
2026/07/28 09:24:12.731, 1, NVIDIA H200, 61855, 143771, 0, 135.46
2026/07/28 09:24:12.731, 2, NVIDIA H200, 61855, 143771, 0, 123.30
2026/07/28 09:24:12.731, 3, NVIDIA H200, 61135, 143771, 0, 126.08
2026/07/28 09:24:12.731, 4, NVIDIA H200, 58902, 143771, 0, 126.84
2026/07/28 09:24:12.731, 5, NVIDIA H200, 58950, 143771, 0, 124.90
2026/07/28 09:24:12.731, 6, NVIDIA H200, 58950, 143771, 0, 123.74
2026/07/28 09:24:12.732, 7, NVIDIA H200, 58710, 143771, 4, 122.42
2026/07/28 09:24:14.747, 0, NVIDIA H200, 61715, 143771, 0, 123.83
2026/07/28 09:24:14.747, 1, NVIDIA H200, 61859, 143771, 0, 133.86
2026/07/28 09:24:14.747, 2, NVIDIA H200, 61859, 143771, 0, 121.62
2026/07/28 09:24:14.747, 3, NVIDIA H200, 61139, 143771, 0, 124.20
2026/07/28 09:24:14.747, 4, NVIDIA H200, 58904, 143771, 0, 126.70
2026/07/28 09:24:14.747, 5, NVIDIA H200, 58952, 143771, 0, 124.95
2026/07/28 09:24:14.747, 6, NVIDIA H200, 58952, 143771, 0, 123.62
2026/07/28 09:24:14.748, 7, NVIDIA H200, 58712, 143771, 0, 122.17
2026/07/28 09:24:16.748, 0, NVIDIA H200, 61749, 143771, 0, 123.90
2026/07/28 09:24:16.748, 1, NVIDIA H200, 61893, 143771, 0, 134.01
2026/07/28 09:24:16.748, 2, NVIDIA H200, 61893, 143771, 0, 121.65
2026/07/28 09:24:16.748, 3, NVIDIA H200, 61173, 143771, 0, 124.19
2026/07/28 09:24:16.748, 4, NVIDIA H200, 58940, 143771, 0, 126.79
2026/07/28 09:24:16.748, 5, NVIDIA H200, 58988, 143771, 0, 124.94
2026/07/28 09:24:16.748, 6, NVIDIA H200, 58988, 143771, 0, 123.66
2026/07/28 09:24:16.748, 7, NVIDIA H200, 58748, 143771, 0, 122.21
2026/07/28 09:24:18.748, 0, NVIDIA H200, 61749, 143771, 0, 124.02
2026/07/28 09:24:18.749, 1, NVIDIA H200, 61893, 143771, 0, 134.19
2026/07/28 09:24:18.749, 2, NVIDIA H200, 61893, 143771, 0, 121.72
2026/07/28 09:24:18.749, 3, NVIDIA H200, 61173, 143771, 0, 124.29
2026/07/28 09:24:18.749, 4, NVIDIA H200, 58940, 143771, 0, 126.85
2026/07/28 09:24:18.749, 5, NVIDIA H200, 58988, 143771, 0, 125.07
2026/07/28 09:24:18.749, 6, NVIDIA H200, 58988, 143771, 0, 123.80
2026/07/28 09:24:18.749, 7, NVIDIA H200, 58748, 143771, 0, 122.26
2026/07/28 09:24:20.749, 0, NVIDIA H200, 62005, 143771, 0, 148.74
2026/07/28 09:24:20.749, 1, NVIDIA H200, 62149, 143771, 0, 161.58
2026/07/28 09:24:20.749, 2, NVIDIA H200, 62149, 143771, 0, 146.91
2026/07/28 09:24:20.749, 3, NVIDIA H200, 61429, 143771, 0, 149.58
2026/07/28 09:24:20.749, 4, NVIDIA H200, 59196, 143771, 0, 153.20
2026/07/28 09:24:20.749, 5, NVIDIA H200, 59244, 143771, 0, 151.25
2026/07/28 09:24:20.749, 6, NVIDIA H200, 59244, 143771, 0, 149.16
2026/07/28 09:24:20.750, 7, NVIDIA H200, 59004, 143771, 0, 146.73
2026/07/28 09:24:22.751, 0, NVIDIA H200, 62005, 143771, 0, 124.33
2026/07/28 09:24:22.751, 1, NVIDIA H200, 62149, 143771, 0, 134.40
2026/07/28 09:24:22.751, 2, NVIDIA H200, 62149, 143771, 0, 121.87
2026/07/28 09:24:22.751, 3, NVIDIA H200, 61429, 143771, 0, 124.41
2026/07/28 09:24:22.751, 4, NVIDIA H200, 59196, 143771, 0, 127.15
2026/07/28 09:24:22.751, 5, NVIDIA H200, 59244, 143771, 0, 125.25
2026/07/28 09:24:22.751, 6, NVIDIA H200, 59244, 143771, 0, 124.06
2026/07/28 09:24:22.751, 7, NVIDIA H200, 59004, 143771, 0, 122.41
2026/07/28 09:24:24.751, 0, NVIDIA H200, 62005, 143771, 0, 151.23
2026/07/28 09:24:24.751, 1, NVIDIA H200, 62149, 143771, 0, 161.77
2026/07/28 09:24:24.751, 2, NVIDIA H200, 62149, 143771, 0, 145.07
2026/07/28 09:24:24.751, 3, NVIDIA H200, 61429, 143771, 0, 150.72
2026/07/28 09:24:24.752, 4, NVIDIA H200, 59196, 143771, 0, 153.10
2026/07/28 09:24:24.752, 5, NVIDIA H200, 59244, 143771, 0, 150.46
2026/07/28 09:24:24.752, 6, NVIDIA H200, 59244, 143771, 0, 147.72
2026/07/28 09:24:24.752, 7, NVIDIA H200, 59004, 143771, 0, 147.45
2026/07/28 09:24:26.752, 0, NVIDIA H200, 62005, 143771, 0, 124.40
2026/07/28 09:24:26.752, 1, NVIDIA H200, 62149, 143771, 0, 134.51
2026/07/28 09:24:26.752, 2, NVIDIA H200, 62149, 143771, 0, 121.97
2026/07/28 09:24:26.752, 3, NVIDIA H200, 61429, 143771, 0, 124.54
2026/07/28 09:24:26.752, 4, NVIDIA H200, 59196, 143771, 0, 126.59
2026/07/28 09:24:26.752, 5, NVIDIA H200, 59244, 143771, 0, 125.35
2026/07/28 09:24:26.752, 6, NVIDIA H200, 59244, 143771, 0, 124.15
2026/07/28 09:24:26.752, 7, NVIDIA H200, 59004, 143771, 0, 122.50
2026/07/28 09:24:28.753, 0, NVIDIA H200, 62005, 143771, 0, 126.23
2026/07/28 09:24:28.753, 1, NVIDIA H200, 62149, 143771, 0, 136.19
2026/07/28 09:24:28.753, 2, NVIDIA H200, 62149, 143771, 0, 123.83
2026/07/28 09:24:28.753, 3, NVIDIA H200, 61429, 143771, 0, 126.45
2026/07/28 09:24:28.753, 4, NVIDIA H200, 59196, 143771, 91, 132.55
2026/07/28 09:24:28.753, 5, NVIDIA H200, 59244, 143771, 100, 129.91
2026/07/28 09:24:28.753, 6, NVIDIA H200, 59244, 143771, 23, 128.34
2026/07/28 09:24:28.753, 7, NVIDIA H200, 59004, 143771, 0, 126.36
2026/07/28 09:24:30.753, 0, NVIDIA H200, 62005, 143771, 0, 124.47
2026/07/28 09:24:30.754, 1, NVIDIA H200, 62149, 143771, 0, 134.43
2026/07/28 09:24:30.754, 2, NVIDIA H200, 62149, 143771, 0, 121.99
2026/07/28 09:24:30.756, 3, NVIDIA H200, 61429, 143771, 0, 124.63
2026/07/28 09:24:30.756, 4, NVIDIA H200, 59196, 143771, 0, 127.28
2026/07/28 09:24:30.756, 5, NVIDIA H200, 59244, 143771, 0, 125.47
2026/07/28 09:24:30.756, 6, NVIDIA H200, 59244, 143771, 0, 124.21
2026/07/28 09:24:30.756, 7, NVIDIA H200, 59004, 143771, 0, 122.52
2026/07/28 09:24:32.756, 0, NVIDIA H200, 62005, 143771, 0, 128.63
2026/07/28 09:24:32.757, 1, NVIDIA H200, 62149, 143771, 0, 137.65
2026/07/28 09:24:32.757, 2, NVIDIA H200, 62149, 143771, 0, 125.78
2026/07/28 09:24:32.757, 3, NVIDIA H200, 61429, 143771, 0, 128.74
2026/07/28 09:24:32.757, 4, NVIDIA H200, 60110, 143771, 0, 130.03
2026/07/28 09:24:32.757, 5, NVIDIA H200, 60206, 143771, 7, 128.00
2026/07/28 09:24:32.757, 6, NVIDIA H200, 60206, 143771, 0, 127.18
2026/07/28 09:24:32.757, 7, NVIDIA H200, 59726, 143771, 1, 125.32
2026/07/28 09:24:34.757, 0, NVIDIA H200, 62005, 143771, 0, 124.46
2026/07/28 09:24:34.759, 1, NVIDIA H200, 62149, 143771, 0, 134.44
2026/07/28 09:24:34.760, 2, NVIDIA H200, 62149, 143771, 0, 121.98
2026/07/28 09:24:34.761, 3, NVIDIA H200, 61429, 143771, 0, 124.62
2026/07/28 09:24:34.763, 4, NVIDIA H200, 60110, 143771, 0, 127.40
2026/07/28 09:24:34.765, 5, NVIDIA H200, 60206, 143771, 0, 125.46
2026/07/28 09:24:34.767, 6, NVIDIA H200, 60206, 143771, 0, 124.26
2026/07/28 09:24:34.769, 7, NVIDIA H200, 59726, 143771, 0, 122.55
2026/07/28 09:24:36.770, 0, NVIDIA H200, 62043, 143771, 0, 131.26
2026/07/28 09:24:36.770, 1, NVIDIA H200, 62187, 143771, 0, 141.60
2026/07/28 09:24:36.770, 2, NVIDIA H200, 62187, 143771, 0, 129.26
2026/07/28 09:24:36.770, 3, NVIDIA H200, 61467, 143771, 0, 131.91
2026/07/28 09:24:36.770, 4, NVIDIA H200, 60148, 143771, 78, 138.12
2026/07/28 09:24:36.770, 5, NVIDIA H200, 60244, 143771, 97, 135.63
2026/07/28 09:24:36.770, 6, NVIDIA H200, 60244, 143771, 1, 134.24
2026/07/28 09:24:36.770, 7, NVIDIA H200, 59764, 143771, 4, 132.41
2026/07/28 09:24:38.771, 0, NVIDIA H200, 19701, 143771, 7, 125.64
2026/07/28 09:24:38.772, 1, NVIDIA H200, 19739, 143771, 6, 137.05
2026/07/28 09:24:38.773, 2, NVIDIA H200, 19831, 143771, 6, 122.78
2026/07/28 09:24:38.773, 3, NVIDIA H200, 19119, 143771, 6, 126.28
2026/07/28 09:24:38.773, 4, NVIDIA H200, 17940, 143771, 7, 128.07
2026/07/28 09:24:38.773, 5, NVIDIA H200, 18140, 143771, 3, 126.21
2026/07/28 09:24:38.774, 6, NVIDIA H200, 18840, 143771, 6, 124.92
2026/07/28 09:24:38.774, 7, NVIDIA H200, 18450, 143771, 3, 123.23
2026/07/28 09:24:40.774, 0, NVIDIA H200, 15081, 143771, 3, 125.33
2026/07/28 09:24:40.779, 1, NVIDIA H200, 15227, 143771, 6, 135.37
2026/07/28 09:24:40.784, 2, NVIDIA H200, 15393, 143771, 0, 122.79
2026/07/28 09:24:40.784, 3, NVIDIA H200, 14627, 143771, 5, 125.60
2026/07/28 09:24:40.784, 4, NVIDIA H200, 13998, 143771, 7, 128.24
2026/07/28 09:24:40.785, 5, NVIDIA H200, 13796, 143771, 6, 126.11
2026/07/28 09:24:40.786, 6, NVIDIA H200, 15818, 143771, 3, 124.91
2026/07/28 09:24:40.787, 7, NVIDIA H200, 15266, 143771, 6, 123.12
2026/07/28 09:24:42.788, 0, NVIDIA H200, 10471, 143771, 7, 125.47
2026/07/28 09:24:42.788, 1, NVIDIA H200, 10535, 143771, 8, 135.46
2026/07/28 09:24:42.788, 2, NVIDIA H200, 10861, 143771, 5, 123.08
2026/07/28 09:24:42.788, 3, NVIDIA H200, 10221, 143771, 6, 125.70
2026/07/28 09:24:42.788, 4, NVIDIA H200, 9480, 143771, 3, 128.42
2026/07/28 09:24:42.789, 5, NVIDIA H200, 9394, 143771, 6, 126.40
2026/07/28 09:24:42.789, 6, NVIDIA H200, 12004, 143771, 9, 125.18
2026/07/28 09:24:42.789, 7, NVIDIA H200, 11520, 143771, 7, 123.47
2026/07/28 09:24:44.789, 0, NVIDIA H200, 5659, 143771, 7, 125.53
2026/07/28 09:24:44.789, 1, NVIDIA H200, 5803, 143771, 7, 135.59
2026/07/28 09:24:44.789, 2, NVIDIA H200, 6185, 143771, 7, 122.94
2026/07/28 09:24:44.789, 3, NVIDIA H200, 5209, 143771, 7, 125.55
2026/07/28 09:24:44.789, 4, NVIDIA H200, 4926, 143771, 4, 128.41
2026/07/28 09:24:44.790, 5, NVIDIA H200, 5050, 143771, 4, 126.26
2026/07/28 09:24:44.790, 6, NVIDIA H200, 7410, 143771, 3, 125.01
2026/07/28 09:24:44.790, 7, NVIDIA H200, 7188, 143771, 10, 123.43
2026/07/28 09:24:46.790, 0, NVIDIA H200, 5661, 143771, 0, 124.71
2026/07/28 09:24:46.790, 1, NVIDIA H200, 5805, 143771, 0, 134.64
2026/07/28 09:24:46.790, 2, NVIDIA H200, 5805, 143771, 0, 122.08
2026/07/28 09:24:46.790, 3, NVIDIA H200, 5085, 143771, 0, 124.78
2026/07/28 09:24:46.790, 4, NVIDIA H200, 3734, 143771, 0, 127.59
2026/07/28 09:24:46.790, 5, NVIDIA H200, 3830, 143771, 0, 125.55
2026/07/28 09:24:46.790, 6, NVIDIA H200, 3830, 143771, 0, 124.97
2026/07/28 09:24:46.790, 7, NVIDIA H200, 3350, 143771, 0, 123.09
2026/07/28 09:24:48.790, 0, NVIDIA H200, 5661, 143771, 0, 124.77
2026/07/28 09:24:48.791, 1, NVIDIA H200, 5805, 143771, 0, 134.59
2026/07/28 09:24:48.791, 2, NVIDIA H200, 5805, 143771, 0, 122.07
2026/07/28 09:24:48.791, 3, NVIDIA H200, 5085, 143771, 0, 124.79
2026/07/28 09:24:48.791, 4, NVIDIA H200, 3734, 143771, 0, 127.56
2026/07/28 09:24:48.791, 5, NVIDIA H200, 3830, 143771, 0, 125.42
2026/07/28 09:24:48.791, 6, NVIDIA H200, 3830, 143771, 0, 124.43
2026/07/28 09:24:48.791, 7, NVIDIA H200, 3350, 143771, 0, 122.60
2026/07/28 09:24:50.791, 0, NVIDIA H200, 5661, 143771, 0, 124.79
2026/07/28 09:24:50.791, 1, NVIDIA H200, 5805, 143771, 0, 134.63
2026/07/28 09:24:50.791, 2, NVIDIA H200, 5805, 143771, 0, 122.13
2026/07/28 09:24:50.791, 3, NVIDIA H200, 5085, 143771, 0, 124.87
2026/07/28 09:24:50.791, 4, NVIDIA H200, 3734, 143771, 0, 127.63
2026/07/28 09:24:50.791, 5, NVIDIA H200, 3830, 143771, 0, 125.48
2026/07/28 09:24:50.791, 6, NVIDIA H200, 3830, 143771, 0, 124.45
2026/07/28 09:24:50.791, 7, NVIDIA H200, 3350, 143771, 0, 122.60
2026/07/28 09:24:52.792, 0, NVIDIA H200, 5661, 143771, 0, 124.85
2026/07/28 09:24:52.792, 1, NVIDIA H200, 5805, 143771, 0, 134.66
2026/07/28 09:24:52.792, 2, NVIDIA H200, 5805, 143771, 0, 122.08
2026/07/28 09:24:52.792, 3, NVIDIA H200, 5085, 143771, 0, 124.91
2026/07/28 09:24:52.792, 4, NVIDIA H200, 3734, 143771, 0, 127.61
2026/07/28 09:24:52.792, 5, NVIDIA H200, 3830, 143771, 0, 125.49
2026/07/28 09:24:52.792, 6, NVIDIA H200, 3830, 143771, 0, 124.48
2026/07/28 09:24:52.792, 7, NVIDIA H200, 3350, 143771, 0, 122.60
2026/07/28 09:24:54.792, 0, NVIDIA H200, 5661, 143771, 0, 124.87
2026/07/28 09:24:54.792, 1, NVIDIA H200, 5805, 143771, 0, 134.65
2026/07/28 09:24:54.792, 2, NVIDIA H200, 5805, 143771, 0, 122.10
2026/07/28 09:24:54.793, 3, NVIDIA H200, 5085, 143771, 0, 124.87
2026/07/28 09:24:54.793, 4, NVIDIA H200, 3734, 143771, 0, 127.69
2026/07/28 09:24:54.793, 5, NVIDIA H200, 3830, 143771, 0, 125.49
2026/07/28 09:24:54.793, 6, NVIDIA H200, 3830, 143771, 0, 124.51
2026/07/28 09:24:54.793, 7, NVIDIA H200, 3350, 143771, 0, 122.62
2026/07/28 09:24:56.793, 0, NVIDIA H200, 5661, 143771, 0, 124.90
2026/07/28 09:24:56.793, 1, NVIDIA H200, 5805, 143771, 0, 134.66
2026/07/28 09:24:56.793, 2, NVIDIA H200, 5805, 143771, 0, 122.12
2026/07/28 09:24:56.793, 3, NVIDIA H200, 5085, 143771, 0, 124.92
2026/07/28 09:24:56.793, 4, NVIDIA H200, 3734, 143771, 0, 127.73
2026/07/28 09:24:56.793, 5, NVIDIA H200, 3830, 143771, 0, 125.58
2026/07/28 09:24:56.793, 6, NVIDIA H200, 3830, 143771, 0, 124.58
2026/07/28 09:24:56.793, 7, NVIDIA H200, 3350, 143771, 0, 122.62
2026/07/28 09:24:58.793, 0, NVIDIA H200, 5661, 143771, 0, 124.93
2026/07/28 09:24:58.794, 1, NVIDIA H200, 5805, 143771, 0, 134.71
2026/07/28 09:24:58.794, 2, NVIDIA H200, 5805, 143771, 0, 122.14
2026/07/28 09:24:58.794, 3, NVIDIA H200, 5085, 143771, 0, 125.00
2026/07/28 09:24:58.794, 4, NVIDIA H200, 3734, 143771, 0, 127.77
2026/07/28 09:24:58.794, 5, NVIDIA H200, 3830, 143771, 0, 125.54
2026/07/28 09:24:58.794, 6, NVIDIA H200, 3830, 143771, 0, 124.60
2026/07/28 09:24:58.794, 7, NVIDIA H200, 3350, 143771, 0, 122.65
2026/07/28 09:25:00.794, 0, NVIDIA H200, 5661, 143771, 0, 124.98
2026/07/28 09:25:00.794, 1, NVIDIA H200, 5805, 143771, 0, 134.73
2026/07/28 09:25:00.794, 2, NVIDIA H200, 5805, 143771, 0, 122.18
2026/07/28 09:25:00.794, 3, NVIDIA H200, 5085, 143771, 0, 125.10
2026/07/28 09:25:00.794, 4, NVIDIA H200, 3734, 143771, 0, 127.78
2026/07/28 09:25:00.794, 5, NVIDIA H200, 3830, 143771, 0, 125.68
2026/07/28 09:25:00.794, 6, NVIDIA H200, 3830, 143771, 0, 124.60
2026/07/28 09:25:00.795, 7, NVIDIA H200, 3350, 143771, 0, 122.68
2026/07/28 09:25:02.795, 0, NVIDIA H200, 6187, 143771, 0, 124.96
2026/07/28 09:25:02.795, 1, NVIDIA H200, 5805, 143771, 0, 134.72
2026/07/28 09:25:02.795, 2, NVIDIA H200, 5805, 143771, 0, 122.11
2026/07/28 09:25:02.795, 3, NVIDIA H200, 5085, 143771, 0, 125.11
2026/07/28 09:25:02.795, 4, NVIDIA H200, 3734, 143771, 0, 127.80
2026/07/28 09:25:02.795, 5, NVIDIA H200, 3830, 143771, 0, 125.52
2026/07/28 09:25:02.795, 6, NVIDIA H200, 3830, 143771, 0, 124.61
2026/07/28 09:25:02.795, 7, NVIDIA H200, 3350, 143771, 0, 122.69
2026/07/28 09:25:04.796, 0, NVIDIA H200, 6187, 143771, 0, 124.99
2026/07/28 09:25:04.798, 1, NVIDIA H200, 5805, 143771, 0, 134.79
2026/07/28 09:25:04.798, 2, NVIDIA H200, 5805, 143771, 0, 122.17
2026/07/28 09:25:04.799, 3, NVIDIA H200, 5085, 143771, 0, 125.19
2026/07/28 09:25:04.801, 4, NVIDIA H200, 3735, 143771, 0, 127.86
2026/07/28 09:25:04.801, 5, NVIDIA H200, 3831, 143771, 0, 125.61
2026/07/28 09:25:04.802, 6, NVIDIA H200, 3831, 143771, 0, 124.69
2026/07/28 09:25:04.804, 7, NVIDIA H200, 3351, 143771, 0, 122.65
2026/07/28 09:25:06.804, 0, NVIDIA H200, 6188, 143771, 0, 125.02
2026/07/28 09:25:06.804, 1, NVIDIA H200, 5805, 143771, 0, 134.79
2026/07/28 09:25:06.804, 2, NVIDIA H200, 5805, 143771, 0, 122.21
2026/07/28 09:25:06.804, 3, NVIDIA H200, 5085, 143771, 0, 125.11
2026/07/28 09:25:06.804, 4, NVIDIA H200, 3735, 143771, 0, 127.94
2026/07/28 09:25:06.805, 5, NVIDIA H200, 3831, 143771, 0, 125.58
2026/07/28 09:25:06.805, 6, NVIDIA H200, 3831, 143771, 0, 124.71
2026/07/28 09:25:06.805, 7, NVIDIA H200, 3351, 143771, 0, 122.71
2026/07/28 09:25:08.805, 0, NVIDIA H200, 6188, 143771, 0, 125.07
2026/07/28 09:25:08.805, 1, NVIDIA H200, 5805, 143771, 0, 134.76
2026/07/28 09:25:08.805, 2, NVIDIA H200, 5805, 143771, 0, 122.15
2026/07/28 09:25:08.805, 3, NVIDIA H200, 5085, 143771, 0, 124.94
2026/07/28 09:25:08.805, 4, NVIDIA H200, 3735, 143771, 0, 127.86
2026/07/28 09:25:08.805, 5, NVIDIA H200, 3831, 143771, 0, 125.56
2026/07/28 09:25:08.805, 6, NVIDIA H200, 3831, 143771, 0, 124.70
2026/07/28 09:25:08.805, 7, NVIDIA H200, 3351, 143771, 0, 122.68
2026/07/28 09:25:10.805, 0, NVIDIA H200, 6188, 143771, 0, 125.08
2026/07/28 09:25:10.806, 1, NVIDIA H200, 5805, 143771, 0, 134.79
2026/07/28 09:25:10.806, 2, NVIDIA H200, 5805, 143771, 0, 122.21
2026/07/28 09:25:10.806, 3, NVIDIA H200, 5085, 143771, 0, 124.98
2026/07/28 09:25:10.806, 4, NVIDIA H200, 3735, 143771, 0, 127.97
2026/07/28 09:25:10.806, 5, NVIDIA H200, 3831, 143771, 0, 125.71
2026/07/28 09:25:10.806, 6, NVIDIA H200, 3831, 143771, 0, 124.76
2026/07/28 09:25:10.808, 7, NVIDIA H200, 3351, 143771, 0, 122.74
2026/07/28 09:25:12.808, 0, NVIDIA H200, 6188, 143771, 0, 125.15
2026/07/28 09:25:12.808, 1, NVIDIA H200, 5805, 143771, 0, 134.76
2026/07/28 09:25:12.808, 2, NVIDIA H200, 5805, 143771, 0, 122.17
2026/07/28 09:25:12.808, 3, NVIDIA H200, 5085, 143771, 0, 124.96
2026/07/28 09:25:12.808, 4, NVIDIA H200, 3735, 143771, 0, 127.92
2026/07/28 09:25:12.808, 5, NVIDIA H200, 3831, 143771, 0, 125.62
2026/07/28 09:25:12.808, 6, NVIDIA H200, 3831, 143771, 0, 124.78
2026/07/28 09:25:12.808, 7, NVIDIA H200, 3351, 143771, 0, 122.74
2026/07/28 09:25:14.809, 0, NVIDIA H200, 6188, 143771, 0, 125.16
2026/07/28 09:25:14.809, 1, NVIDIA H200, 5805, 143771, 0, 134.80
2026/07/28 09:25:14.809, 2, NVIDIA H200, 5805, 143771, 0, 122.18
2026/07/28 09:25:14.809, 3, NVIDIA H200, 5085, 143771, 0, 125.06
2026/07/28 09:25:14.809, 4, NVIDIA H200, 3735, 143771, 0, 128.05
2026/07/28 09:25:14.809, 5, NVIDIA H200, 3831, 143771, 0, 125.69
2026/07/28 09:25:14.809, 6, NVIDIA H200, 3831, 143771, 0, 124.85
2026/07/28 09:25:14.809, 7, NVIDIA H200, 3351, 143771, 0, 122.72
2026/07/28 09:25:16.809, 0, NVIDIA H200, 6188, 143771, 0, 125.19
2026/07/28 09:25:16.810, 1, NVIDIA H200, 5805, 143771, 0, 134.80
2026/07/28 09:25:16.810, 2, NVIDIA H200, 5805, 143771, 0, 122.19
2026/07/28 09:25:16.810, 3, NVIDIA H200, 5085, 143771, 0, 125.07
2026/07/28 09:25:16.810, 4, NVIDIA H200, 3735, 143771, 0, 128.02
2026/07/28 09:25:16.810, 5, NVIDIA H200, 3831, 143771, 0, 125.62
2026/07/28 09:25:16.810, 6, NVIDIA H200, 3831, 143771, 0, 124.82
2026/07/28 09:25:16.810, 7, NVIDIA H200, 3351, 143771, 0, 122.78
2026/07/28 09:25:18.810, 0, NVIDIA H200, 6188, 143771, 0, 125.24
2026/07/28 09:25:18.810, 1, NVIDIA H200, 6332, 143771, 0, 134.78
2026/07/28 09:25:18.810, 2, NVIDIA H200, 6332, 143771, 0, 122.17
2026/07/28 09:25:18.810, 3, NVIDIA H200, 5612, 143771, 0, 125.14
2026/07/28 09:25:18.810, 4, NVIDIA H200, 4261, 143771, 0, 128.11
2026/07/28 09:25:18.811, 5, NVIDIA H200, 4357, 143771, 0, 125.61
2026/07/28 09:25:18.811, 6, NVIDIA H200, 3831, 143771, 0, 124.84
2026/07/28 09:25:18.811, 7, NVIDIA H200, 3351, 143771, 0, 122.75
2026/07/28 09:25:20.811, 0, NVIDIA H200, 6188, 143771, 0, 125.25
2026/07/28 09:25:20.811, 1, NVIDIA H200, 6332, 143771, 0, 134.80
2026/07/28 09:25:20.811, 2, NVIDIA H200, 6332, 143771, 0, 122.24
2026/07/28 09:25:20.812, 3, NVIDIA H200, 5612, 143771, 0, 125.17
2026/07/28 09:25:20.813, 4, NVIDIA H200, 4261, 143771, 0, 128.03
2026/07/28 09:25:20.813, 5, NVIDIA H200, 4357, 143771, 0, 125.76
2026/07/28 09:25:20.813, 6, NVIDIA H200, 3831, 143771, 0, 124.86
2026/07/28 09:25:20.813, 7, NVIDIA H200, 3877, 143771, 0, 122.73
2026/07/28 09:25:22.813, 0, NVIDIA H200, 6188, 143771, 0, 125.27
2026/07/28 09:25:22.814, 1, NVIDIA H200, 6332, 143771, 0, 134.73
2026/07/28 09:25:22.814, 2, NVIDIA H200, 6332, 143771, 0, 122.19
2026/07/28 09:25:22.814, 3, NVIDIA H200, 5612, 143771, 0, 125.12
2026/07/28 09:25:22.814, 4, NVIDIA H200, 4261, 143771, 0, 128.09
2026/07/28 09:25:22.814, 5, NVIDIA H200, 4357, 143771, 0, 125.59
2026/07/28 09:25:22.814, 6, NVIDIA H200, 4357, 143771, 0, 124.89
2026/07/28 09:25:22.814, 7, NVIDIA H200, 3877, 143771, 0, 122.75
2026/07/28 09:25:24.814, 0, NVIDIA H200, 6188, 143771, 0, 125.30
2026/07/28 09:25:24.814, 1, NVIDIA H200, 6332, 143771, 0, 134.80
2026/07/28 09:25:24.814, 2, NVIDIA H200, 6332, 143771, 0, 122.18
2026/07/28 09:25:24.814, 3, NVIDIA H200, 5612, 143771, 0, 125.28
2026/07/28 09:25:24.814, 4, NVIDIA H200, 4261, 143771, 0, 128.07
2026/07/28 09:25:24.815, 5, NVIDIA H200, 4357, 143771, 0, 125.64
2026/07/28 09:25:24.815, 6, NVIDIA H200, 4357, 143771, 0, 124.87
2026/07/28 09:25:24.815, 7, NVIDIA H200, 3877, 143771, 0, 122.75
2026/07/28 09:25:26.815, 0, NVIDIA H200, 6188, 143771, 0, 125.32
2026/07/28 09:25:26.815, 1, NVIDIA H200, 6332, 143771, 0, 134.82
2026/07/28 09:25:26.815, 2, NVIDIA H200, 6332, 143771, 0, 122.23
2026/07/28 09:25:26.815, 3, NVIDIA H200, 5612, 143771, 0, 125.40
2026/07/28 09:25:26.815, 4, NVIDIA H200, 4261, 143771, 0, 128.10
2026/07/28 09:25:26.815, 5, NVIDIA H200, 4357, 143771, 0, 125.72
2026/07/28 09:25:26.815, 6, NVIDIA H200, 4357, 143771, 0, 124.84
2026/07/28 09:25:26.815, 7, NVIDIA H200, 3877, 143771, 0, 122.75
2026/07/28 09:25:28.816, 0, NVIDIA H200, 6188, 143771, 0, 125.30
2026/07/28 09:25:28.816, 1, NVIDIA H200, 6332, 143771, 0, 134.82
2026/07/28 09:25:28.816, 2, NVIDIA H200, 6332, 143771, 0, 122.21
2026/07/28 09:25:28.816, 3, NVIDIA H200, 5612, 143771, 0, 125.36
2026/07/28 09:25:28.816, 4, NVIDIA H200, 4261, 143771, 0, 128.13
2026/07/28 09:25:28.816, 5, NVIDIA H200, 4357, 143771, 0, 125.66
2026/07/28 09:25:28.816, 6, NVIDIA H200, 4357, 143771, 0, 124.92
2026/07/28 09:25:28.816, 7, NVIDIA H200, 3877, 143771, 0, 122.79
2026/07/28 09:25:30.816, 0, NVIDIA H200, 6188, 143771, 0, 125.40
2026/07/28 09:25:30.816, 1, NVIDIA H200, 6332, 143771, 0, 134.90
2026/07/28 09:25:30.817, 2, NVIDIA H200, 6332, 143771, 0, 122.23
2026/07/28 09:25:30.817, 3, NVIDIA H200, 5612, 143771, 0, 125.18
2026/07/28 09:25:30.817, 4, NVIDIA H200, 4261, 143771, 0, 128.20
2026/07/28 09:25:30.817, 5, NVIDIA H200, 4357, 143771, 0, 125.76
2026/07/28 09:25:30.817, 6, NVIDIA H200, 4357, 143771, 0, 124.95
2026/07/28 09:25:30.817, 7, NVIDIA H200, 3877, 143771, 0, 122.76
2026/07/28 09:25:32.818, 0, NVIDIA H200, 23338, 143771, 4, 134.81
2026/07/28 09:25:32.818, 1, NVIDIA H200, 20802, 143771, 4, 143.10
2026/07/28 09:25:32.818, 2, NVIDIA H200, 22690, 143771, 4, 132.39
2026/07/28 09:25:32.818, 3, NVIDIA H200, 24208, 143771, 4, 136.54
2026/07/28 09:25:32.818, 4, NVIDIA H200, 17463, 143771, 4, 135.47
2026/07/28 09:25:32.818, 5, NVIDIA H200, 14907, 143771, 2, 131.15
2026/07/28 09:25:32.819, 6, NVIDIA H200, 12029, 143771, 2, 128.81
2026/07/28 09:25:32.819, 7, NVIDIA H200, 19903, 143771, 4, 131.74
2026/07/28 09:25:34.819, 0, NVIDIA H200, 26740, 143771, 0, 125.63
2026/07/28 09:25:34.819, 1, NVIDIA H200, 26884, 143771, 0, 135.13
2026/07/28 09:25:34.819, 2, NVIDIA H200, 26884, 143771, 0, 122.54
2026/07/28 09:25:34.819, 3, NVIDIA H200, 26164, 143771, 0, 125.41
2026/07/28 09:25:34.819, 4, NVIDIA H200, 24815, 143771, 0, 127.88
2026/07/28 09:25:34.819, 5, NVIDIA H200, 24757, 143771, 1, 127.04
2026/07/28 09:25:34.819, 6, NVIDIA H200, 24757, 143771, 3, 127.79
2026/07/28 09:25:34.819, 7, NVIDIA H200, 24431, 143771, 0, 123.07
2026/07/28 09:25:36.819, 0, NVIDIA H200, 27970, 143771, 0, 127.20
2026/07/28 09:25:36.820, 1, NVIDIA H200, 28162, 143771, 0, 136.54
2026/07/28 09:25:36.820, 2, NVIDIA H200, 28162, 143771, 0, 124.15
2026/07/28 09:25:36.820, 3, NVIDIA H200, 27442, 143771, 0, 126.86
2026/07/28 09:25:36.820, 4, NVIDIA H200, 26093, 143771, 0, 129.53
2026/07/28 09:25:36.820, 5, NVIDIA H200, 26189, 143771, 0, 127.68
2026/07/28 09:25:36.820, 6, NVIDIA H200, 26189, 143771, 0, 127.17
2026/07/28 09:25:36.820, 7, NVIDIA H200, 25469, 143771, 0, 124.53
2026/07/28 09:25:38.820, 0, NVIDIA H200, 21756, 143771, 12, 128.95
2026/07/28 09:25:38.820, 1, NVIDIA H200, 21232, 143771, 9, 139.12
2026/07/28 09:25:38.820, 2, NVIDIA H200, 21950, 143771, 1, 134.63
2026/07/28 09:25:38.820, 3, NVIDIA H200, 20512, 143771, 47, 138.53
2026/07/28 09:25:38.820, 4, NVIDIA H200, 19879, 143771, 9, 131.80
2026/07/28 09:25:38.820, 5, NVIDIA H200, 19259, 143771, 100, 129.79
2026/07/28 09:25:38.820, 6, NVIDIA H200, 19977, 143771, 5, 140.33
2026/07/28 09:25:38.821, 7, NVIDIA H200, 18541, 143771, 99, 140.57
2026/07/28 09:25:40.821, 0, NVIDIA H200, 21758, 143771, 2, 153.40
2026/07/28 09:25:40.821, 1, NVIDIA H200, 21234, 143771, 38, 162.81
2026/07/28 09:25:40.821, 2, NVIDIA H200, 21950, 143771, 1, 146.97
2026/07/28 09:25:40.821, 3, NVIDIA H200, 20512, 143771, 80, 152.18
2026/07/28 09:25:40.821, 4, NVIDIA H200, 19881, 143771, 4, 155.37
2026/07/28 09:25:40.821, 5, NVIDIA H200, 19261, 143771, 9, 153.22
2026/07/28 09:25:40.821, 6, NVIDIA H200, 19977, 143771, 2, 148.90
2026/07/28 09:25:40.822, 7, NVIDIA H200, 18541, 143771, 45, 150.62
2026/07/28 09:25:42.822, 0, NVIDIA H200, 21758, 143771, 3, 153.18
2026/07/28 09:25:42.822, 1, NVIDIA H200, 21234, 143771, 27, 162.75
2026/07/28 09:25:42.822, 2, NVIDIA H200, 21950, 143771, 3, 148.02
2026/07/28 09:25:42.822, 3, NVIDIA H200, 20512, 143771, 63, 152.39
2026/07/28 09:25:42.822, 4, NVIDIA H200, 19881, 143771, 2, 155.25
2026/07/28 09:25:42.822, 5, NVIDIA H200, 19261, 143771, 35, 153.30
2026/07/28 09:25:42.822, 6, NVIDIA H200, 19977, 143771, 4, 148.67
2026/07/28 09:25:42.822, 7, NVIDIA H200, 18541, 143771, 100, 149.12
2026/07/28 09:25:44.822, 0, NVIDIA H200, 21758, 143771, 1, 153.23
2026/07/28 09:25:44.823, 1, NVIDIA H200, 21234, 143771, 33, 162.62
2026/07/28 09:25:44.823, 2, NVIDIA H200, 21950, 143771, 0, 148.67
2026/07/28 09:25:44.823, 3, NVIDIA H200, 20512, 143771, 55, 153.39
2026/07/28 09:25:44.823, 4, NVIDIA H200, 19881, 143771, 4, 155.88
2026/07/28 09:25:44.823, 5, NVIDIA H200, 19261, 143771, 67, 153.65
2026/07/28 09:25:44.823, 6, NVIDIA H200, 19977, 143771, 2, 147.20
2026/07/28 09:25:44.823, 7, NVIDIA H200, 18541, 143771, 80, 148.70
2026/07/28 09:25:46.823, 0, NVIDIA H200, 21758, 143771, 1, 151.55
2026/07/28 09:25:46.823, 1, NVIDIA H200, 21234, 143771, 42, 160.89
2026/07/28 09:25:46.823, 2, NVIDIA H200, 21950, 143771, 2, 146.73
2026/07/28 09:25:46.823, 3, NVIDIA H200, 20512, 143771, 20, 151.42
2026/07/28 09:25:46.823, 4, NVIDIA H200, 19881, 143771, 4, 151.63
2026/07/28 09:25:46.823, 5, NVIDIA H200, 19261, 143771, 4, 149.82
2026/07/28 09:25:46.823, 6, NVIDIA H200, 19977, 143771, 3, 147.33
2026/07/28 09:25:46.824, 7, NVIDIA H200, 18541, 143771, 100, 148.43
2026/07/28 09:25:48.824, 0, NVIDIA H200, 21758, 143771, 0, 127.29
2026/07/28 09:25:48.824, 1, NVIDIA H200, 21234, 143771, 0, 135.34
2026/07/28 09:25:48.824, 2, NVIDIA H200, 21950, 143771, 0, 124.74
2026/07/28 09:25:48.824, 3, NVIDIA H200, 20512, 143771, 0, 128.21
2026/07/28 09:25:48.824, 4, NVIDIA H200, 19881, 143771, 0, 142.64
2026/07/28 09:25:48.824, 5, NVIDIA H200, 19261, 143771, 0, 138.17
2026/07/28 09:25:48.824, 6, NVIDIA H200, 19977, 143771, 5, 145.38
2026/07/28 09:25:48.824, 7, NVIDIA H200, 18541, 143771, 95, 148.11
2026/07/28 09:25:50.824, 0, NVIDIA H200, 17186, 143771, 0, 129.02
2026/07/28 09:25:50.826, 1, NVIDIA H200, 17632, 143771, 0, 137.03
2026/07/28 09:25:50.826, 2, NVIDIA H200, 17374, 143771, 6, 124.08
2026/07/28 09:25:50.826, 3, NVIDIA H200, 16910, 143771, 5, 127.12
2026/07/28 09:25:50.826, 4, NVIDIA H200, 15305, 143771, 3, 129.74
2026/07/28 09:25:50.827, 5, NVIDIA H200, 20609, 143771, 0, 127.97
2026/07/28 09:25:50.827, 6, NVIDIA H200, 20323, 143771, 1, 126.78
2026/07/28 09:25:50.827, 7, NVIDIA H200, 19207, 143771, 2, 124.48
2026/07/28 09:25:52.829, 0, NVIDIA H200, 16754, 143771, 0, 127.48
2026/07/28 09:25:52.830, 1, NVIDIA H200, 16770, 143771, 1, 135.59
2026/07/28 09:25:52.830, 2, NVIDIA H200, 16768, 143771, 1, 122.81
2026/07/28 09:25:52.830, 3, NVIDIA H200, 16276, 143771, 0, 125.98
2026/07/28 09:25:52.830, 4, NVIDIA H200, 15307, 143771, 0, 128.05
2026/07/28 09:25:52.830, 5, NVIDIA H200, 15659, 143771, 0, 126.22
2026/07/28 09:25:52.830, 6, NVIDIA H200, 15403, 143771, 11, 126.39
2026/07/28 09:25:52.830, 7, NVIDIA H200, 14939, 143771, 0, 123.95
2026/07/28 09:25:54.830, 0, NVIDIA H200, 12768, 143771, 0, 127.89
2026/07/28 09:25:54.831, 1, NVIDIA H200, 13404, 143771, 2, 135.82
2026/07/28 09:25:54.831, 2, NVIDIA H200, 13596, 143771, 3, 123.23
2026/07/28 09:25:54.831, 3, NVIDIA H200, 11888, 143771, 2, 126.23
2026/07/28 09:25:54.831, 4, NVIDIA H200, 13651, 143771, 12, 128.60
2026/07/28 09:25:54.831, 5, NVIDIA H200, 14309, 143771, 3, 126.28
2026/07/28 09:25:54.831, 6, NVIDIA H200, 14373, 143771, 2, 125.88
2026/07/28 09:25:54.831, 7, NVIDIA H200, 13485, 143771, 3, 123.43
2026/07/28 09:25:56.832, 0, NVIDIA H200, 8868, 143771, 3, 127.93
2026/07/28 09:25:56.832, 1, NVIDIA H200, 9322, 143771, 5, 136.00
2026/07/28 09:25:56.832, 2, NVIDIA H200, 9550, 143771, 5, 123.31
2026/07/28 09:25:56.832, 3, NVIDIA H200, 8058, 143771, 5, 126.56
2026/07/28 09:25:56.832, 4, NVIDIA H200, 9617, 143771, 5, 128.78
2026/07/28 09:25:56.832, 5, NVIDIA H200, 10611, 143771, 0, 126.69
2026/07/28 09:25:56.832, 6, NVIDIA H200, 10099, 143771, 6, 126.27
2026/07/28 09:25:56.832, 7, NVIDIA H200, 9011, 143771, 5, 123.92
2026/07/28 09:25:58.833, 0, NVIDIA H200, 8306, 143771, 0, 127.12
2026/07/28 09:25:58.833, 1, NVIDIA H200, 8498, 143771, 0, 135.23
2026/07/28 09:25:58.833, 2, NVIDIA H200, 8498, 143771, 0, 122.48
2026/07/28 09:25:58.833, 3, NVIDIA H200, 7778, 143771, 0, 125.75
2026/07/28 09:25:58.833, 4, NVIDIA H200, 6429, 143771, 0, 128.51
2026/07/28 09:25:58.833, 5, NVIDIA H200, 6807, 143771, 5, 126.82
2026/07/28 09:25:58.833, 6, NVIDIA H200, 6525, 143771, 0, 126.08
2026/07/28 09:25:58.833, 7, NVIDIA H200, 5805, 143771, 0, 123.61
2026/07/28 09:26:00.833, 0, NVIDIA H200, 15708, 143771, 9, 127.58
2026/07/28 09:26:00.839, 1, NVIDIA H200, 17200, 143771, 7, 136.19
2026/07/28 09:26:00.839, 2, NVIDIA H200, 16504, 143771, 10, 123.40
2026/07/28 09:26:00.839, 3, NVIDIA H200, 14752, 143771, 6, 126.43
2026/07/28 09:26:00.840, 4, NVIDIA H200, 13755, 143771, 8, 128.92
2026/07/28 09:26:00.841, 5, NVIDIA H200, 14639, 143771, 11, 126.96
2026/07/28 09:26:00.841, 6, NVIDIA H200, 13681, 143771, 6, 126.36
2026/07/28 09:26:00.841, 7, NVIDIA H200, 12501, 143771, 3, 123.96
2026/07/28 09:26:02.841, 0, NVIDIA H200, 25132, 143771, 11, 127.79
2026/07/28 09:26:02.841, 1, NVIDIA H200, 25320, 143771, 9, 136.26
2026/07/28 09:26:02.841, 2, NVIDIA H200, 25328, 143771, 9, 123.54
2026/07/28 09:26:02.841, 3, NVIDIA H200, 24600, 143771, 9, 126.86
2026/07/28 09:26:02.841, 4, NVIDIA H200, 21693, 143771, 9, 128.99
2026/07/28 09:26:02.841, 5, NVIDIA H200, 22415, 143771, 8, 127.07
2026/07/28 09:26:02.841, 6, NVIDIA H200, 21627, 143771, 8, 126.55
2026/07/28 09:26:02.842, 7, NVIDIA H200, 20655, 143771, 11, 124.14
2026/07/28 09:26:04.842, 0, NVIDIA H200, 25068, 143771, 1, 131.06
2026/07/28 09:26:04.872, 1, NVIDIA H200, 25290, 143771, 0, 139.17
2026/07/28 09:26:04.872, 2, NVIDIA H200, 25290, 143771, 0, 125.79
2026/07/28 09:26:04.872, 3, NVIDIA H200, 24570, 143771, 0, 130.04
2026/07/28 09:26:04.901, 4, NVIDIA H200, 23225, 143771, 0, 131.57
2026/07/28 09:26:04.901, 5, NVIDIA H200, 23351, 143771, 1, 130.47
2026/07/28 09:26:04.901, 6, NVIDIA H200, 23351, 143771, 0, 130.60
2026/07/28 09:26:04.901, 7, NVIDIA H200, 22631, 143771, 0, 130.12
2026/07/28 09:26:06.901, 0, NVIDIA H200, 64622, 143771, 2, 130.77
2026/07/28 09:26:06.901, 1, NVIDIA H200, 64844, 143771, 9, 138.78
2026/07/28 09:26:06.901, 2, NVIDIA H200, 64844, 143771, 0, 125.51
2026/07/28 09:26:06.901, 3, NVIDIA H200, 64124, 143771, 0, 128.32
2026/07/28 09:26:06.902, 4, NVIDIA H200, 62775, 143771, 0, 128.74
2026/07/28 09:26:06.902, 5, NVIDIA H200, 62901, 143771, 0, 128.58
2026/07/28 09:26:06.902, 6, NVIDIA H200, 62901, 143771, 0, 126.17
2026/07/28 09:26:06.902, 7, NVIDIA H200, 62181, 143771, 13, 125.97
2026/07/28 09:26:08.902, 0, NVIDIA H200, 64626, 143771, 67, 236.43
2026/07/28 09:26:08.902, 1, NVIDIA H200, 64848, 143771, 1, 256.95
2026/07/28 09:26:08.902, 2, NVIDIA H200, 64848, 143771, 79, 166.92
2026/07/28 09:26:08.902, 3, NVIDIA H200, 64128, 143771, 3, 143.04
2026/07/28 09:26:08.902, 4, NVIDIA H200, 62787, 143771, 17, 180.69
2026/07/28 09:26:08.902, 5, NVIDIA H200, 62913, 143771, 19, 148.56
2026/07/28 09:26:08.902, 6, NVIDIA H200, 62913, 143771, 21, 163.63
2026/07/28 09:26:08.902, 7, NVIDIA H200, 62193, 143771, 16, 175.54
2026/07/28 09:26:10.902, 0, NVIDIA H200, 64630, 143771, 4, 154.54
2026/07/28 09:26:10.903, 1, NVIDIA H200, 64852, 143771, 4, 163.71
2026/07/28 09:26:10.903, 2, NVIDIA H200, 64852, 143771, 97, 149.98
2026/07/28 09:26:10.903, 3, NVIDIA H200, 64132, 143771, 96, 153.25
2026/07/28 09:26:10.903, 4, NVIDIA H200, 62787, 143771, 70, 158.17
2026/07/28 09:26:10.903, 5, NVIDIA H200, 62913, 143771, 11, 152.07
2026/07/28 09:26:10.903, 6, NVIDIA H200, 62913, 143771, 89, 156.98
2026/07/28 09:26:10.903, 7, NVIDIA H200, 62193, 143771, 27, 153.79
2026/07/28 09:26:12.903, 0, NVIDIA H200, 64630, 143771, 4, 160.72
2026/07/28 09:26:12.903, 1, NVIDIA H200, 64852, 143771, 4, 169.10
2026/07/28 09:26:12.903, 2, NVIDIA H200, 64852, 143771, 97, 160.46
2026/07/28 09:26:12.903, 3, NVIDIA H200, 64132, 143771, 97, 165.15
2026/07/28 09:26:12.904, 4, NVIDIA H200, 62787, 143771, 33, 167.02
2026/07/28 09:26:12.904, 5, NVIDIA H200, 62913, 143771, 10, 160.87
2026/07/28 09:26:12.904, 6, NVIDIA H200, 62913, 143771, 95, 165.66
2026/07/28 09:26:12.904, 7, NVIDIA H200, 62193, 143771, 97, 161.42
2026/07/28 09:26:14.904, 0, NVIDIA H200, 64630, 143771, 4, 160.76
2026/07/28 09:26:14.904, 1, NVIDIA H200, 64852, 143771, 4, 169.60
2026/07/28 09:26:14.904, 2, NVIDIA H200, 64852, 143771, 97, 160.76
2026/07/28 09:26:14.904, 3, NVIDIA H200, 64132, 143771, 96, 164.71
2026/07/28 09:26:14.904, 4, NVIDIA H200, 62787, 143771, 32, 165.75
2026/07/28 09:26:14.904, 5, NVIDIA H200, 62913, 143771, 9, 161.07
2026/07/28 09:26:14.904, 6, NVIDIA H200, 62913, 143771, 87, 162.77
2026/07/28 09:26:14.904, 7, NVIDIA H200, 62193, 143771, 78, 162.02
2026/07/28 09:26:16.905, 0, NVIDIA H200, 64630, 143771, 4, 160.74
2026/07/28 09:26:16.905, 1, NVIDIA H200, 64852, 143771, 4, 169.19
2026/07/28 09:26:16.905, 2, NVIDIA H200, 64852, 143771, 96, 160.21
2026/07/28 09:26:16.905, 3, NVIDIA H200, 64132, 143771, 96, 165.10
2026/07/28 09:26:16.905, 4, NVIDIA H200, 62787, 143771, 0, 128.58
2026/07/28 09:26:16.905, 5, NVIDIA H200, 62913, 143771, 0, 126.37
2026/07/28 09:26:16.905, 6, NVIDIA H200, 62913, 143771, 0, 125.99
2026/07/28 09:26:16.905, 7, NVIDIA H200, 62193, 143771, 0, 123.43
2026/07/28 09:26:18.905, 0, NVIDIA H200, 23260, 143771, 7, 135.48
2026/07/28 09:26:18.906, 1, NVIDIA H200, 23498, 143771, 7, 144.19
2026/07/28 09:26:18.906, 2, NVIDIA H200, 23484, 143771, 8, 133.90
2026/07/28 09:26:18.906, 3, NVIDIA H200, 22898, 143771, 7, 138.65
2026/07/28 09:26:18.906, 4, NVIDIA H200, 21709, 143771, 3, 133.03
2026/07/28 09:26:18.906, 5, NVIDIA H200, 21667, 143771, 6, 130.77
2026/07/28 09:26:18.907, 6, NVIDIA H200, 21833, 143771, 7, 130.35
2026/07/28 09:26:18.907, 7, NVIDIA H200, 21191, 143771, 3, 127.66
2026/07/28 09:26:20.907, 0, NVIDIA H200, 18802, 143771, 1, 128.12
2026/07/28 09:26:20.908, 1, NVIDIA H200, 19062, 143771, 7, 136.42
2026/07/28 09:26:20.908, 2, NVIDIA H200, 18870, 143771, 4, 123.66
2026/07/28 09:26:20.908, 3, NVIDIA H200, 18470, 143771, 7, 127.09
2026/07/28 09:26:20.908, 4, NVIDIA H200, 17575, 143771, 4, 129.26
2026/07/28 09:26:20.908, 5, NVIDIA H200, 17583, 143771, 7, 127.01
2026/07/28 09:26:20.908, 6, NVIDIA H200, 17469, 143771, 4, 126.58
2026/07/28 09:26:20.908, 7, NVIDIA H200, 17095, 143771, 4, 124.09
2026/07/28 09:26:22.908, 0, NVIDIA H200, 14666, 143771, 9, 128.00
2026/07/28 09:26:22.911, 1, NVIDIA H200, 14694, 143771, 4, 136.55
2026/07/28 09:26:22.911, 2, NVIDIA H200, 14578, 143771, 6, 123.79
2026/07/28 09:26:22.911, 3, NVIDIA H200, 14008, 143771, 8, 126.96
2026/07/28 09:26:22.911, 4, NVIDIA H200, 13443, 143771, 8, 129.18
2026/07/28 09:26:22.912, 5, NVIDIA H200, 13311, 143771, 3, 127.21
2026/07/28 09:26:22.912, 6, NVIDIA H200, 13421, 143771, 6, 126.77
2026/07/28 09:26:22.912, 7, NVIDIA H200, 13001, 143771, 7, 124.25
2026/07/28 09:26:24.912, 0, NVIDIA H200, 9644, 143771, 7, 128.15
2026/07/28 09:26:24.913, 1, NVIDIA H200, 9830, 143771, 4, 136.45
2026/07/28 09:26:24.913, 2, NVIDIA H200, 9700, 143771, 4, 123.75
2026/07/28 09:26:24.913, 3, NVIDIA H200, 9108, 143771, 8, 126.97
2026/07/28 09:26:24.913, 4, NVIDIA H200, 9017, 143771, 3, 129.35
2026/07/28 09:26:24.913, 5, NVIDIA H200, 8845, 143771, 3, 127.15
2026/07/28 09:26:24.913, 6, NVIDIA H200, 9101, 143771, 6, 126.68
2026/07/28 09:26:24.913, 7, NVIDIA H200, 8605, 143771, 9, 124.08
2026/07/28 09:26:26.913, 0, NVIDIA H200, 10688, 143771, 6, 127.85
2026/07/28 09:26:26.914, 1, NVIDIA H200, 11340, 143771, 6, 136.29
2026/07/28 09:26:26.915, 2, NVIDIA H200, 11282, 143771, 7, 123.35
2026/07/28 09:26:26.915, 3, NVIDIA H200, 10636, 143771, 5, 126.71
2026/07/28 09:26:26.916, 4, NVIDIA H200, 8975, 143771, 5, 129.23
2026/07/28 09:26:26.916, 5, NVIDIA H200, 8935, 143771, 6, 126.85
2026/07/28 09:26:26.916, 6, NVIDIA H200, 9255, 143771, 7, 126.59
2026/07/28 09:26:26.918, 7, NVIDIA H200, 8321, 143771, 6, 124.14
2026/07/28 09:26:28.918, 0, NVIDIA H200, 16286, 143771, 4, 127.96
2026/07/28 09:26:28.919, 1, NVIDIA H200, 16512, 143771, 3, 136.27
2026/07/28 09:26:28.920, 2, NVIDIA H200, 16370, 143771, 5, 123.45
2026/07/28 09:26:28.921, 3, NVIDIA H200, 15746, 143771, 3, 126.83
2026/07/28 09:26:28.922, 4, NVIDIA H200, 14201, 143771, 3, 129.15
2026/07/28 09:26:28.922, 5, NVIDIA H200, 14483, 143771, 5, 127.06
2026/07/28 09:26:28.923, 6, NVIDIA H200, 14523, 143771, 2, 126.63
2026/07/28 09:26:28.924, 7, NVIDIA H200, 13755, 143771, 3, 123.78
2026/07/28 09:26:30.925, 0, NVIDIA H200, 17556, 143771, 1, 131.47
2026/07/28 09:26:30.925, 1, NVIDIA H200, 17522, 143771, 0, 139.35
2026/07/28 09:26:30.925, 2, NVIDIA H200, 17520, 143771, 0, 126.75
2026/07/28 09:26:30.925, 3, NVIDIA H200, 17054, 143771, 0, 130.27
2026/07/28 09:26:30.925, 4, NVIDIA H200, 15677, 143771, 0, 155.19
2026/07/28 09:26:30.925, 5, NVIDIA H200, 15803, 143771, 46, 154.24
2026/07/28 09:26:30.925, 6, NVIDIA H200, 15805, 143771, 0, 151.73
2026/07/28 09:26:30.925, 7, NVIDIA H200, 15083, 143771, 83, 151.18
2026/07/28 09:26:32.925, 0, NVIDIA H200, 17556, 143771, 0, 230.16
2026/07/28 09:26:32.926, 1, NVIDIA H200, 17778, 143771, 0, 265.38
2026/07/28 09:26:32.926, 2, NVIDIA H200, 17776, 143771, 0, 238.23
2026/07/28 09:26:32.926, 3, NVIDIA H200, 17054, 143771, 45, 220.74
2026/07/28 09:26:32.926, 4, NVIDIA H200, 15677, 143771, 0, 221.68
2026/07/28 09:26:32.926, 5, NVIDIA H200, 15803, 143771, 38, 220.84
2026/07/28 09:26:32.926, 6, NVIDIA H200, 15805, 143771, 0, 212.50
2026/07/28 09:26:32.926, 7, NVIDIA H200, 15083, 143771, 24, 226.81
2026/07/28 09:26:34.926, 0, NVIDIA H200, 17556, 143771, 0, 201.18
2026/07/28 09:26:34.926, 1, NVIDIA H200, 17778, 143771, 0, 194.90
2026/07/28 09:26:34.926, 2, NVIDIA H200, 17776, 143771, 53, 197.90
2026/07/28 09:26:34.926, 3, NVIDIA H200, 17054, 143771, 58, 192.66
2026/07/28 09:26:34.926, 4, NVIDIA H200, 15677, 143771, 0, 201.11
2026/07/28 09:26:34.926, 5, NVIDIA H200, 15803, 143771, 64, 204.53
2026/07/28 09:26:34.926, 6, NVIDIA H200, 15805, 143771, 0, 198.48
2026/07/28 09:26:34.926, 7, NVIDIA H200, 15083, 143771, 0, 179.34
2026/07/28 09:26:36.927, 0, NVIDIA H200, 17558, 143771, 43, 181.01
2026/07/28 09:26:36.927, 1, NVIDIA H200, 17780, 143771, 0, 190.20
2026/07/28 09:26:36.927, 2, NVIDIA H200, 17778, 143771, 0, 175.30
2026/07/28 09:26:36.927, 3, NVIDIA H200, 17056, 143771, 0, 176.02
2026/07/28 09:26:36.927, 4, NVIDIA H200, 15679, 143771, 22, 180.45
2026/07/28 09:26:36.927, 5, NVIDIA H200, 15805, 143771, 0, 177.68
2026/07/28 09:26:36.927, 6, NVIDIA H200, 15807, 143771, 0, 182.81
2026/07/28 09:26:36.927, 7, NVIDIA H200, 15085, 143771, 52, 183.82
2026/07/28 09:26:38.927, 0, NVIDIA H200, 17714, 143771, 67, 235.52
2026/07/28 09:26:38.927, 1, NVIDIA H200, 17936, 143771, 0, 234.50
2026/07/28 09:26:38.927, 2, NVIDIA H200, 17934, 143771, 0, 226.65
2026/07/28 09:26:38.928, 3, NVIDIA H200, 17212, 143771, 85, 238.59
2026/07/28 09:26:38.928, 4, NVIDIA H200, 15835, 143771, 73, 233.99
2026/07/28 09:26:38.928, 5, NVIDIA H200, 15961, 143771, 0, 224.87
2026/07/28 09:26:38.928, 6, NVIDIA H200, 15963, 143771, 83, 235.33
2026/07/28 09:26:38.928, 7, NVIDIA H200, 15241, 143771, 0, 229.45
2026/07/28 09:26:40.928, 0, NVIDIA H200, 17714, 143771, 0, 233.43
2026/07/28 09:26:40.929, 1, NVIDIA H200, 17936, 143771, 63, 237.66
2026/07/28 09:26:40.930, 2, NVIDIA H200, 17934, 143771, 54, 222.96
2026/07/28 09:26:40.930, 3, NVIDIA H200, 17212, 143771, 0, 229.34
2026/07/28 09:26:40.930, 4, NVIDIA H200, 15835, 143771, 32, 232.51
2026/07/28 09:26:40.930, 5, NVIDIA H200, 15961, 143771, 75, 220.38
2026/07/28 09:26:40.930, 6, NVIDIA H200, 15963, 143771, 0, 217.58
2026/07/28 09:26:40.931, 7, NVIDIA H200, 15241, 143771, 0, 203.54
2026/07/28 09:26:42.932, 0, NVIDIA H200, 17714, 143771, 31, 268.69
2026/07/28 09:26:42.932, 1, NVIDIA H200, 17936, 143771, 32, 276.09
2026/07/28 09:26:42.932, 2, NVIDIA H200, 17934, 143771, 78, 258.62
2026/07/28 09:26:42.932, 3, NVIDIA H200, 17212, 143771, 89, 239.62
2026/07/28 09:26:42.932, 4, NVIDIA H200, 15835, 143771, 0, 259.50
2026/07/28 09:26:42.932, 5, NVIDIA H200, 15961, 143771, 65, 249.79
2026/07/28 09:26:42.932, 6, NVIDIA H200, 15963, 143771, 0, 263.43
2026/07/28 09:26:42.932, 7, NVIDIA H200, 15241, 143771, 25, 250.61
2026/07/28 09:26:44.932, 0, NVIDIA H200, 17714, 143771, 0, 176.74
2026/07/28 09:26:44.932, 1, NVIDIA H200, 17936, 143771, 0, 193.64
2026/07/28 09:26:44.932, 2, NVIDIA H200, 17934, 143771, 0, 164.38
2026/07/28 09:26:44.932, 3, NVIDIA H200, 17212, 143771, 47, 185.85
2026/07/28 09:26:44.933, 4, NVIDIA H200, 15839, 143771, 0, 183.52
2026/07/28 09:26:44.933, 5, NVIDIA H200, 15965, 143771, 0, 170.42
2026/07/28 09:26:44.933, 6, NVIDIA H200, 15967, 143771, 0, 181.97
2026/07/28 09:26:44.933, 7, NVIDIA H200, 15245, 143771, 0, 164.69
2026/07/28 09:26:46.933, 0, NVIDIA H200, 17714, 143771, 0, 212.57
2026/07/28 09:26:46.933, 1, NVIDIA H200, 17936, 143771, 67, 218.86
2026/07/28 09:26:46.933, 2, NVIDIA H200, 17934, 143771, 33, 193.29
2026/07/28 09:26:46.933, 3, NVIDIA H200, 17212, 143771, 45, 215.15
2026/07/28 09:26:46.933, 4, NVIDIA H200, 15839, 143771, 0, 209.83
2026/07/28 09:26:46.933, 5, NVIDIA H200, 15965, 143771, 90, 209.67
2026/07/28 09:26:46.933, 6, NVIDIA H200, 15967, 143771, 0, 208.95
2026/07/28 09:26:46.933, 7, NVIDIA H200, 15245, 143771, 77, 231.69
2026/07/28 09:26:48.933, 0, NVIDIA H200, 17714, 143771, 37, 191.77
2026/07/28 09:26:48.934, 1, NVIDIA H200, 17936, 143771, 0, 180.03
2026/07/28 09:26:48.934, 2, NVIDIA H200, 17934, 143771, 61, 198.66
2026/07/28 09:26:48.934, 3, NVIDIA H200, 17212, 143771, 0, 211.07
2026/07/28 09:26:48.934, 4, NVIDIA H200, 15839, 143771, 0, 212.26
2026/07/28 09:26:48.934, 5, NVIDIA H200, 15965, 143771, 74, 194.72
2026/07/28 09:26:48.934, 6, NVIDIA H200, 15967, 143771, 77, 185.95
2026/07/28 09:26:48.934, 7, NVIDIA H200, 15245, 143771, 12, 201.15
2026/07/28 09:26:50.934, 0, NVIDIA H200, 17714, 143771, 76, 222.99
2026/07/28 09:26:50.934, 1, NVIDIA H200, 17936, 143771, 0, 218.72
2026/07/28 09:26:50.934, 2, NVIDIA H200, 17934, 143771, 0, 232.69
2026/07/28 09:26:50.934, 3, NVIDIA H200, 17212, 143771, 23, 229.13
2026/07/28 09:26:50.934, 4, NVIDIA H200, 15839, 143771, 0, 221.32
2026/07/28 09:26:50.934, 5, NVIDIA H200, 15965, 143771, 39, 208.54
2026/07/28 09:26:50.934, 6, NVIDIA H200, 15967, 143771, 21, 207.54
2026/07/28 09:26:50.934, 7, NVIDIA H200, 15245, 143771, 26, 226.51
2026/07/28 09:26:52.935, 0, NVIDIA H200, 17714, 143771, 0, 184.38
2026/07/28 09:26:52.935, 1, NVIDIA H200, 17936, 143771, 0, 170.22
2026/07/28 09:26:52.935, 2, NVIDIA H200, 17934, 143771, 75, 187.25
2026/07/28 09:26:52.935, 3, NVIDIA H200, 17212, 143771, 0, 207.45
2026/07/28 09:26:52.935, 4, NVIDIA H200, 15839, 143771, 53, 193.50
2026/07/28 09:26:52.935, 5, NVIDIA H200, 15965, 143771, 13, 183.52
2026/07/28 09:26:52.935, 6, NVIDIA H200, 15967, 143771, 0, 167.86
2026/07/28 09:26:52.935, 7, NVIDIA H200, 15245, 143771, 0, 184.41
2026/07/28 09:26:54.935, 0, NVIDIA H200, 17714, 143771, 0, 181.17
2026/07/28 09:26:54.935, 1, NVIDIA H200, 17936, 143771, 0, 212.11
2026/07/28 09:26:54.935, 2, NVIDIA H200, 17934, 143771, 0, 198.29
2026/07/28 09:26:54.935, 3, NVIDIA H200, 17212, 143771, 0, 216.43
2026/07/28 09:26:54.935, 4, NVIDIA H200, 15841, 143771, 0, 213.65
2026/07/28 09:26:54.936, 5, NVIDIA H200, 15967, 143771, 0, 180.44
2026/07/28 09:26:54.936, 6, NVIDIA H200, 15969, 143771, 0, 209.26
2026/07/28 09:26:54.936, 7, NVIDIA H200, 15247, 143771, 0, 203.41
2026/07/28 09:26:56.936, 0, NVIDIA H200, 17714, 143771, 69, 153.39
2026/07/28 09:26:56.936, 1, NVIDIA H200, 17936, 143771, 98, 161.82
2026/07/28 09:26:56.936, 2, NVIDIA H200, 17934, 143771, 4, 129.37
2026/07/28 09:26:56.936, 3, NVIDIA H200, 17212, 143771, 48, 153.86
2026/07/28 09:26:56.936, 4, NVIDIA H200, 15841, 143771, 0, 140.35
2026/07/28 09:26:56.936, 5, NVIDIA H200, 15967, 143771, 0, 149.27
2026/07/28 09:26:56.936, 6, NVIDIA H200, 15969, 143771, 10, 151.87
2026/07/28 09:26:56.936, 7, NVIDIA H200, 15247, 143771, 0, 146.85
2026/07/28 09:26:58.936, 0, NVIDIA H200, 17714, 143771, 75, 153.09
2026/07/28 09:26:58.937, 1, NVIDIA H200, 17936, 143771, 0, 160.39
2026/07/28 09:26:58.937, 2, NVIDIA H200, 17934, 143771, 0, 148.97
2026/07/28 09:26:58.937, 3, NVIDIA H200, 17212, 143771, 0, 152.85
2026/07/28 09:26:58.937, 4, NVIDIA H200, 15841, 143771, 0, 154.49
2026/07/28 09:26:58.937, 5, NVIDIA H200, 15967, 143771, 0, 150.49
2026/07/28 09:26:58.937, 6, NVIDIA H200, 15969, 143771, 0, 142.35
2026/07/28 09:26:58.937, 7, NVIDIA H200, 15247, 143771, 25, 139.79
2026/07/28 09:27:00.937, 0, NVIDIA H200, 17714, 143771, 0, 165.48
2026/07/28 09:27:00.937, 1, NVIDIA H200, 17936, 143771, 0, 161.79
2026/07/28 09:27:00.937, 2, NVIDIA H200, 17934, 143771, 0, 148.29
2026/07/28 09:27:00.937, 3, NVIDIA H200, 17212, 143771, 0, 165.64
2026/07/28 09:27:00.937, 4, NVIDIA H200, 15841, 143771, 0, 155.87
2026/07/28 09:27:00.937, 5, NVIDIA H200, 15967, 143771, 46, 166.82
2026/07/28 09:27:00.937, 6, NVIDIA H200, 15969, 143771, 0, 153.20
2026/07/28 09:27:00.937, 7, NVIDIA H200, 15247, 143771, 0, 149.23
2026/07/28 09:27:02.938, 0, NVIDIA H200, 17714, 143771, 86, 180.31
2026/07/28 09:27:02.938, 1, NVIDIA H200, 17936, 143771, 42, 213.62
2026/07/28 09:27:02.938, 2, NVIDIA H200, 17934, 143771, 0, 154.23
2026/07/28 09:27:02.938, 3, NVIDIA H200, 17212, 143771, 0, 155.24
2026/07/28 09:27:02.938, 4, NVIDIA H200, 15841, 143771, 28, 180.21
2026/07/28 09:27:02.938, 5, NVIDIA H200, 15967, 143771, 24, 175.44
2026/07/28 09:27:02.938, 6, NVIDIA H200, 15969, 143771, 0, 159.22
2026/07/28 09:27:02.938, 7, NVIDIA H200, 15247, 143771, 0, 170.33
2026/07/28 09:27:04.938, 0, NVIDIA H200, 17714, 143771, 0, 155.06
2026/07/28 09:27:04.940, 1, NVIDIA H200, 17936, 143771, 0, 163.56
2026/07/28 09:27:04.943, 2, NVIDIA H200, 17934, 143771, 10, 170.32
2026/07/28 09:27:04.943, 3, NVIDIA H200, 17212, 143771, 0, 152.47
2026/07/28 09:27:04.943, 4, NVIDIA H200, 15841, 143771, 52, 172.73
2026/07/28 09:27:04.943, 5, NVIDIA H200, 15967, 143771, 0, 165.10
2026/07/28 09:27:04.943, 6, NVIDIA H200, 15969, 143771, 44, 178.83
2026/07/28 09:27:04.946, 7, NVIDIA H200, 15247, 143771, 79, 173.68
2026/07/28 09:27:06.947, 0, NVIDIA H200, 17714, 143771, 95, 191.63
2026/07/28 09:27:06.947, 1, NVIDIA H200, 17936, 143771, 0, 190.66
2026/07/28 09:27:06.947, 2, NVIDIA H200, 17934, 143771, 47, 202.18
2026/07/28 09:27:06.947, 3, NVIDIA H200, 17212, 143771, 29, 214.32
2026/07/28 09:27:06.947, 4, NVIDIA H200, 15841, 143771, 94, 212.68
2026/07/28 09:27:06.947, 5, NVIDIA H200, 15967, 143771, 38, 206.01
2026/07/28 09:27:06.947, 6, NVIDIA H200, 15969, 143771, 61, 204.55
2026/07/28 09:27:06.947, 7, NVIDIA H200, 15247, 143771, 0, 175.16
2026/07/28 09:27:08.947, 0, NVIDIA H200, 17714, 143771, 0, 158.41
2026/07/28 09:27:08.948, 1, NVIDIA H200, 17936, 143771, 0, 166.44
2026/07/28 09:27:08.948, 2, NVIDIA H200, 17934, 143771, 0, 152.23
2026/07/28 09:27:08.948, 3, NVIDIA H200, 17212, 143771, 0, 156.23
2026/07/28 09:27:08.948, 4, NVIDIA H200, 15843, 143771, 0, 158.44
2026/07/28 09:27:08.948, 5, NVIDIA H200, 15969, 143771, 0, 154.71
2026/07/28 09:27:08.948, 6, NVIDIA H200, 15971, 143771, 0, 156.81
2026/07/28 09:27:08.948, 7, NVIDIA H200, 15249, 143771, 0, 150.01
2026/07/28 09:27:10.948, 0, NVIDIA H200, 17714, 143771, 0, 144.79
2026/07/28 09:27:10.948, 1, NVIDIA H200, 17936, 143771, 0, 153.42
2026/07/28 09:27:10.948, 2, NVIDIA H200, 17934, 143771, 0, 138.40
2026/07/28 09:27:10.948, 3, NVIDIA H200, 17212, 143771, 0, 143.98
2026/07/28 09:27:10.948, 4, NVIDIA H200, 15843, 143771, 0, 170.83
2026/07/28 09:27:10.948, 5, NVIDIA H200, 15969, 143771, 0, 150.32
2026/07/28 09:27:10.948, 6, NVIDIA H200, 15971, 143771, 0, 147.96
2026/07/28 09:27:10.948, 7, NVIDIA H200, 15249, 143771, 0, 144.24
2026/07/28 09:27:12.949, 0, NVIDIA H200, 17714, 143771, 10, 172.54
2026/07/28 09:27:12.949, 1, NVIDIA H200, 17936, 143771, 64, 180.84
2026/07/28 09:27:12.949, 2, NVIDIA H200, 17934, 143771, 24, 166.47
2026/07/28 09:27:12.949, 3, NVIDIA H200, 17212, 143771, 68, 171.98
2026/07/28 09:27:12.949, 4, NVIDIA H200, 15843, 143771, 0, 161.85
2026/07/28 09:27:12.949, 5, NVIDIA H200, 15969, 143771, 0, 170.65
2026/07/28 09:27:12.949, 6, NVIDIA H200, 15971, 143771, 89, 171.94
2026/07/28 09:27:12.949, 7, NVIDIA H200, 15249, 143771, 0, 169.45
2026/07/28 09:27:14.949, 0, NVIDIA H200, 17714, 143771, 0, 171.13
2026/07/28 09:27:14.949, 1, NVIDIA H200, 17936, 143771, 0, 161.77
2026/07/28 09:27:14.949, 2, NVIDIA H200, 17934, 143771, 0, 150.40
2026/07/28 09:27:14.949, 3, NVIDIA H200, 17212, 143771, 0, 194.80
2026/07/28 09:27:14.950, 4, NVIDIA H200, 15843, 143771, 0, 182.12
2026/07/28 09:27:14.950, 5, NVIDIA H200, 15969, 143771, 0, 179.35
2026/07/28 09:27:14.950, 6, NVIDIA H200, 15971, 143771, 0, 154.22
2026/07/28 09:27:14.950, 7, NVIDIA H200, 15249, 143771, 0, 175.35
2026/07/28 09:27:16.950, 0, NVIDIA H200, 17714, 143771, 0, 207.63
2026/07/28 09:27:16.950, 1, NVIDIA H200, 17936, 143771, 0, 185.16
2026/07/28 09:27:16.950, 2, NVIDIA H200, 17934, 143771, 97, 174.85
2026/07/28 09:27:16.950, 3, NVIDIA H200, 17212, 143771, 0, 203.31
2026/07/28 09:27:16.950, 4, NVIDIA H200, 15843, 143771, 47, 180.31
2026/07/28 09:27:16.950, 5, NVIDIA H200, 15969, 143771, 70, 179.59
2026/07/28 09:27:16.950, 6, NVIDIA H200, 15971, 143771, 19, 178.35
2026/07/28 09:27:16.950, 7, NVIDIA H200, 15249, 143771, 0, 162.96
2026/07/28 09:27:18.950, 0, NVIDIA H200, 17714, 143771, 57, 180.19
2026/07/28 09:27:18.951, 1, NVIDIA H200, 17936, 143771, 0, 195.73
2026/07/28 09:27:18.951, 2, NVIDIA H200, 17934, 143771, 0, 179.64
2026/07/28 09:27:18.951, 3, NVIDIA H200, 17212, 143771, 0, 179.81
2026/07/28 09:27:18.951, 4, NVIDIA H200, 15843, 143771, 0, 178.52
2026/07/28 09:27:18.951, 5, NVIDIA H200, 15969, 143771, 0, 179.66
2026/07/28 09:27:18.951, 6, NVIDIA H200, 15971, 143771, 51, 180.90
2026/07/28 09:27:18.951, 7, NVIDIA H200, 15249, 143771, 0, 179.34
2026/07/28 09:27:20.951, 0, NVIDIA H200, 17714, 143771, 0, 133.01
2026/07/28 09:27:20.952, 1, NVIDIA H200, 17936, 143771, 100, 158.17
2026/07/28 09:27:20.952, 2, NVIDIA H200, 17938, 143771, 0, 129.89
2026/07/28 09:27:20.952, 3, NVIDIA H200, 17214, 143771, 7, 141.56
2026/07/28 09:27:20.952, 4, NVIDIA H200, 15843, 143771, 0, 136.11
2026/07/28 09:27:20.952, 5, NVIDIA H200, 15969, 143771, 0, 136.11
2026/07/28 09:27:20.952, 6, NVIDIA H200, 15971, 143771, 0, 135.02
2026/07/28 09:27:20.952, 7, NVIDIA H200, 15249, 143771, 0, 129.40
2026/07/28 09:27:22.952, 0, NVIDIA H200, 18760, 143771, 0, 131.14
2026/07/28 09:27:22.984, 1, NVIDIA H200, 19030, 143771, 0, 138.34
2026/07/28 09:27:22.987, 2, NVIDIA H200, 19030, 143771, 0, 125.46
2026/07/28 09:27:22.993, 3, NVIDIA H200, 18308, 143771, 0, 130.21
2026/07/28 09:27:22.995, 4, NVIDIA H200, 16935, 143771, 0, 132.54
2026/07/28 09:27:22.997, 5, NVIDIA H200, 17061, 143771, 0, 129.04
2026/07/28 09:27:23.002, 6, NVIDIA H200, 17063, 143771, 0, 130.09
2026/07/28 09:27:23.005, 7, NVIDIA H200, 16101, 143771, 0, 125.98
2026/07/28 09:27:25.008, 0, NVIDIA H200, 18760, 143771, 0, 129.34
2026/07/28 09:27:25.008, 1, NVIDIA H200, 19030, 143771, 0, 142.15
2026/07/28 09:27:25.008, 2, NVIDIA H200, 19030, 143771, 0, 123.73
2026/07/28 09:27:25.008, 3, NVIDIA H200, 18308, 143771, 0, 128.27
2026/07/28 09:27:25.008, 4, NVIDIA H200, 16935, 143771, 0, 130.61
2026/07/28 09:27:25.008, 5, NVIDIA H200, 17061, 143771, 0, 127.38
2026/07/28 09:27:25.008, 6, NVIDIA H200, 17063, 143771, 0, 128.44
2026/07/28 09:27:25.008, 7, NVIDIA H200, 16101, 143771, 0, 124.23
2026/07/28 09:27:27.008, 0, NVIDIA H200, 18762, 143771, 0, 182.61
2026/07/28 09:27:27.009, 1, NVIDIA H200, 19032, 143771, 0, 175.65
2026/07/28 09:27:27.009, 2, NVIDIA H200, 19032, 143771, 0, 174.01
2026/07/28 09:27:27.009, 3, NVIDIA H200, 18310, 143771, 0, 186.15
2026/07/28 09:27:27.009, 4, NVIDIA H200, 16937, 143771, 30, 183.08
2026/07/28 09:27:27.009, 5, NVIDIA H200, 17063, 143771, 0, 180.01
2026/07/28 09:27:27.009, 6, NVIDIA H200, 17063, 143771, 19, 227.56
2026/07/28 09:27:27.009, 7, NVIDIA H200, 16103, 143771, 0, 174.55
2026/07/28 09:27:29.009, 0, NVIDIA H200, 22492, 143771, 0, 131.33
2026/07/28 09:27:29.009, 1, NVIDIA H200, 22810, 143771, 0, 138.54
2026/07/28 09:27:29.009, 2, NVIDIA H200, 22810, 143771, 0, 125.52
2026/07/28 09:27:29.009, 3, NVIDIA H200, 22088, 143771, 0, 130.49
2026/07/28 09:27:29.009, 4, NVIDIA H200, 20715, 143771, 0, 132.60
2026/07/28 09:27:29.009, 5, NVIDIA H200, 20841, 143771, 0, 129.27
2026/07/28 09:27:29.009, 6, NVIDIA H200, 20843, 143771, 0, 130.50
2026/07/28 09:27:29.009, 7, NVIDIA H200, 19641, 143771, 0, 126.14
2026/07/28 09:27:31.010, 0, NVIDIA H200, 22494, 143771, 0, 216.87
2026/07/28 09:27:31.010, 1, NVIDIA H200, 23068, 143771, 7, 197.83
2026/07/28 09:27:31.010, 2, NVIDIA H200, 23068, 143771, 0, 183.52
2026/07/28 09:27:31.010, 3, NVIDIA H200, 22090, 143771, 0, 192.05
2026/07/28 09:27:31.010, 4, NVIDIA H200, 20717, 143771, 0, 204.27
2026/07/28 09:27:31.010, 5, NVIDIA H200, 20843, 143771, 0, 202.37
2026/07/28 09:27:31.011, 6, NVIDIA H200, 20845, 143771, 0, 189.36
2026/07/28 09:27:31.011, 7, NVIDIA H200, 19643, 143771, 0, 182.54
2026/07/28 09:27:33.011, 0, NVIDIA H200, 22752, 143771, 76, 280.29
2026/07/28 09:27:33.011, 1, NVIDIA H200, 23070, 143771, 62, 281.08
2026/07/28 09:27:33.011, 2, NVIDIA H200, 23070, 143771, 17, 258.93
2026/07/28 09:27:33.011, 3, NVIDIA H200, 22348, 143771, 33, 269.86
2026/07/28 09:27:33.011, 4, NVIDIA H200, 20973, 143771, 20, 255.79
2026/07/28 09:27:33.011, 5, NVIDIA H200, 21099, 143771, 11, 257.70
2026/07/28 09:27:33.011, 6, NVIDIA H200, 21101, 143771, 72, 249.01
2026/07/28 09:27:33.011, 7, NVIDIA H200, 19899, 143771, 66, 237.71
2026/07/28 09:27:35.011, 0, NVIDIA H200, 22752, 143771, 0, 137.86
2026/07/28 09:27:35.012, 1, NVIDIA H200, 23072, 143771, 100, 147.58
2026/07/28 09:27:35.012, 2, NVIDIA H200, 23070, 143771, 0, 131.59
2026/07/28 09:27:35.012, 3, NVIDIA H200, 22350, 143771, 100, 138.45
2026/07/28 09:27:35.012, 4, NVIDIA H200, 20975, 143771, 100, 144.63
2026/07/28 09:27:35.012, 5, NVIDIA H200, 21101, 143771, 0, 135.25
2026/07/28 09:27:35.012, 6, NVIDIA H200, 21103, 143771, 100, 143.30
2026/07/28 09:27:35.012, 7, NVIDIA H200, 19901, 143771, 78, 152.16
2026/07/28 09:27:37.012, 0, NVIDIA H200, 22766, 143771, 0, 135.05
2026/07/28 09:27:37.012, 1, NVIDIA H200, 23084, 143771, 0, 138.61
2026/07/28 09:27:37.012, 2, NVIDIA H200, 23084, 143771, 38, 129.91
2026/07/28 09:27:37.013, 3, NVIDIA H200, 22362, 143771, 0, 130.51
2026/07/28 09:27:37.013, 4, NVIDIA H200, 20985, 143771, 0, 135.87
2026/07/28 09:27:37.013, 5, NVIDIA H200, 21111, 143771, 51, 132.63
2026/07/28 09:27:37.013, 6, NVIDIA H200, 21113, 143771, 100, 140.57
2026/07/28 09:27:37.013, 7, NVIDIA H200, 19911, 143771, 0, 126.14
2026/07/28 09:27:39.013, 0, NVIDIA H200, 22798, 143771, 81, 291.21
2026/07/28 09:27:39.013, 1, NVIDIA H200, 23116, 143771, 100, 353.03
2026/07/28 09:27:39.013, 2, NVIDIA H200, 23114, 143771, 97, 288.06
2026/07/28 09:27:39.013, 3, NVIDIA H200, 22392, 143771, 100, 311.30
2026/07/28 09:27:39.013, 4, NVIDIA H200, 21003, 143771, 79, 301.00
2026/07/28 09:27:39.013, 5, NVIDIA H200, 21129, 143771, 97, 296.49
2026/07/28 09:27:39.013, 6, NVIDIA H200, 21131, 143771, 97, 321.95
2026/07/28 09:27:39.013, 7, NVIDIA H200, 19929, 143771, 97, 303.09
2026/07/28 09:27:41.014, 0, NVIDIA H200, 22836, 143771, 83, 302.08
2026/07/28 09:27:41.014, 1, NVIDIA H200, 23154, 143771, 100, 365.37
2026/07/28 09:27:41.014, 2, NVIDIA H200, 23154, 143771, 96, 304.22
2026/07/28 09:27:41.014, 3, NVIDIA H200, 22432, 143771, 100, 319.92
2026/07/28 09:27:41.014, 4, NVIDIA H200, 21021, 143771, 83, 317.98
2026/07/28 09:27:41.015, 5, NVIDIA H200, 21147, 143771, 97, 307.15
2026/07/28 09:27:41.015, 6, NVIDIA H200, 21149, 143771, 95, 326.60
2026/07/28 09:27:41.015, 7, NVIDIA H200, 19947, 143771, 96, 319.77
2026/07/28 09:27:43.015, 0, NVIDIA H200, 22916, 143771, 0, 151.57
2026/07/28 09:27:43.015, 1, NVIDIA H200, 23234, 143771, 100, 169.64
2026/07/28 09:27:43.015, 2, NVIDIA H200, 23234, 143771, 100, 145.73
2026/07/28 09:27:43.016, 3, NVIDIA H200, 22512, 143771, 100, 151.71
2026/07/28 09:27:43.016, 4, NVIDIA H200, 21097, 143771, 100, 148.18
2026/07/28 09:27:43.016, 5, NVIDIA H200, 21223, 143771, 100, 144.75
2026/07/28 09:27:43.016, 6, NVIDIA H200, 21225, 143771, 12, 140.55
2026/07/28 09:27:43.016, 7, NVIDIA H200, 20023, 143771, 24, 159.86
2026/07/28 09:27:45.016, 0, NVIDIA H200, 22916, 143771, 71, 303.86
2026/07/28 09:27:45.016, 1, NVIDIA H200, 23234, 143771, 49, 300.28
2026/07/28 09:27:45.016, 2, NVIDIA H200, 23236, 143771, 94, 289.03
2026/07/28 09:27:45.016, 3, NVIDIA H200, 22514, 143771, 94, 305.77
2026/07/28 09:27:45.016, 4, NVIDIA H200, 21099, 143771, 92, 300.07
2026/07/28 09:27:45.016, 5, NVIDIA H200, 21225, 143771, 63, 288.30
2026/07/28 09:27:45.016, 6, NVIDIA H200, 21227, 143771, 76, 246.00
2026/07/28 09:27:45.016, 7, NVIDIA H200, 20025, 143771, 68, 246.20
2026/07/28 09:27:47.017, 0, NVIDIA H200, 22916, 143771, 94, 236.36
2026/07/28 09:27:47.017, 1, NVIDIA H200, 23234, 143771, 31, 248.60
2026/07/28 09:27:47.017, 2, NVIDIA H200, 23236, 143771, 4, 222.63
2026/07/28 09:27:47.017, 3, NVIDIA H200, 22514, 143771, 17, 220.22
2026/07/28 09:27:47.017, 4, NVIDIA H200, 21099, 143771, 1, 218.98
2026/07/28 09:27:47.017, 5, NVIDIA H200, 21225, 143771, 3, 193.94
2026/07/28 09:27:47.017, 6, NVIDIA H200, 21227, 143771, 59, 184.36
2026/07/28 09:27:47.017, 7, NVIDIA H200, 20025, 143771, 0, 194.41
2026/07/28 09:27:49.017, 0, NVIDIA H200, 22918, 143771, 0, 139.76
2026/07/28 09:27:49.017, 1, NVIDIA H200, 23236, 143771, 0, 144.89
2026/07/28 09:27:49.017, 2, NVIDIA H200, 23236, 143771, 0, 132.51
2026/07/28 09:27:49.018, 3, NVIDIA H200, 22514, 143771, 0, 141.18
2026/07/28 09:27:49.018, 4, NVIDIA H200, 21099, 143771, 0, 140.75
2026/07/28 09:27:49.018, 5, NVIDIA H200, 21225, 143771, 0, 137.10
2026/07/28 09:27:49.018, 6, NVIDIA H200, 21227, 143771, 0, 162.48
2026/07/28 09:27:49.018, 7, NVIDIA H200, 20025, 143771, 34, 141.41
2026/07/28 09:27:51.018, 0, NVIDIA H200, 22918, 143771, 100, 135.73
2026/07/28 09:27:51.018, 1, NVIDIA H200, 23236, 143771, 100, 143.20
2026/07/28 09:27:51.018, 2, NVIDIA H200, 23236, 143771, 0, 125.91
2026/07/28 09:27:51.018, 3, NVIDIA H200, 22514, 143771, 0, 129.43
2026/07/28 09:27:51.018, 4, NVIDIA H200, 21101, 143771, 0, 133.35
2026/07/28 09:27:51.018, 5, NVIDIA H200, 21227, 143771, 0, 128.99
2026/07/28 09:27:51.018, 6, NVIDIA H200, 21229, 143771, 0, 132.44
2026/07/28 09:27:51.018, 7, NVIDIA H200, 20027, 143771, 0, 127.74
2026/07/28 09:27:53.018, 0, NVIDIA H200, 22918, 143771, 0, 138.78
2026/07/28 09:27:53.019, 1, NVIDIA H200, 23236, 143771, 0, 144.04
2026/07/28 09:27:53.019, 2, NVIDIA H200, 23236, 143771, 0, 133.63
2026/07/28 09:27:53.019, 3, NVIDIA H200, 22514, 143771, 0, 138.70
2026/07/28 09:27:53.019, 4, NVIDIA H200, 21105, 143771, 0, 141.88
2026/07/28 09:27:53.019, 5, NVIDIA H200, 21231, 143771, 0, 135.90
2026/07/28 09:27:53.019, 6, NVIDIA H200, 21233, 143771, 0, 137.78
2026/07/28 09:27:53.019, 7, NVIDIA H200, 20031, 143771, 0, 132.29
2026/07/28 09:27:55.019, 0, NVIDIA H200, 22918, 143771, 0, 185.48
2026/07/28 09:27:55.019, 1, NVIDIA H200, 23236, 143771, 73, 192.41
2026/07/28 09:27:55.019, 2, NVIDIA H200, 23236, 143771, 0, 149.99
2026/07/28 09:27:55.019, 3, NVIDIA H200, 22514, 143771, 0, 181.77
2026/07/28 09:27:55.019, 4, NVIDIA H200, 21105, 143771, 69, 187.05
2026/07/28 09:27:55.019, 5, NVIDIA H200, 21231, 143771, 55, 174.98
2026/07/28 09:27:55.019, 6, NVIDIA H200, 21233, 143771, 0, 155.42
2026/07/28 09:27:55.020, 7, NVIDIA H200, 20031, 143771, 18, 175.63
2026/07/28 09:27:57.020, 0, NVIDIA H200, 22918, 143771, 0, 157.37
2026/07/28 09:27:57.020, 1, NVIDIA H200, 23236, 143771, 0, 164.89
2026/07/28 09:27:57.020, 2, NVIDIA H200, 23236, 143771, 0, 171.91
2026/07/28 09:27:57.020, 3, NVIDIA H200, 22514, 143771, 0, 156.18
2026/07/28 09:27:57.020, 4, NVIDIA H200, 21105, 143771, 0, 158.51
2026/07/28 09:27:57.020, 5, NVIDIA H200, 21231, 143771, 0, 155.08
2026/07/28 09:27:57.020, 6, NVIDIA H200, 21233, 143771, 0, 181.09
2026/07/28 09:27:57.020, 7, NVIDIA H200, 20031, 143771, 0, 150.62
2026/07/28 09:27:59.020, 0, NVIDIA H200, 22918, 143771, 90, 145.15
2026/07/28 09:27:59.022, 1, NVIDIA H200, 23236, 143771, 0, 150.72
2026/07/28 09:27:59.024, 2, NVIDIA H200, 23236, 143771, 94, 137.42
2026/07/28 09:27:59.026, 3, NVIDIA H200, 22514, 143771, 46, 142.46
2026/07/28 09:27:59.027, 4, NVIDIA H200, 21105, 143771, 99, 151.55
2026/07/28 09:27:59.029, 5, NVIDIA H200, 21231, 143771, 75, 144.38
2026/07/28 09:27:59.031, 6, NVIDIA H200, 21233, 143771, 0, 129.44
2026/07/28 09:27:59.031, 7, NVIDIA H200, 20031, 143771, 19, 142.43
2026/07/28 09:28:01.031, 0, NVIDIA H200, 22918, 143771, 0, 133.30
2026/07/28 09:28:01.037, 1, NVIDIA H200, 23236, 143771, 0, 137.21
2026/07/28 09:28:01.037, 2, NVIDIA H200, 23236, 143771, 0, 145.07
2026/07/28 09:28:01.037, 3, NVIDIA H200, 22514, 143771, 0, 151.34
2026/07/28 09:28:01.037, 4, NVIDIA H200, 21105, 143771, 0, 151.48
2026/07/28 09:28:01.037, 5, NVIDIA H200, 21231, 143771, 0, 150.43
2026/07/28 09:28:01.037, 6, NVIDIA H200, 21233, 143771, 0, 152.62
2026/07/28 09:28:01.037, 7, NVIDIA H200, 20031, 143771, 0, 142.41
2026/07/28 09:28:03.037, 0, NVIDIA H200, 22918, 143771, 0, 138.15
2026/07/28 09:28:03.038, 1, NVIDIA H200, 23236, 143771, 0, 139.16
2026/07/28 09:28:03.038, 2, NVIDIA H200, 23236, 143771, 0, 139.15
2026/07/28 09:28:03.038, 3, NVIDIA H200, 22514, 143771, 0, 144.34
2026/07/28 09:28:03.038, 4, NVIDIA H200, 21105, 143771, 0, 151.09
2026/07/28 09:28:03.038, 5, NVIDIA H200, 21231, 143771, 0, 143.91
2026/07/28 09:28:03.038, 6, NVIDIA H200, 21233, 143771, 51, 146.37
2026/07/28 09:28:03.038, 7, NVIDIA H200, 20031, 143771, 0, 144.63
2026/07/28 09:28:05.038, 0, NVIDIA H200, 22918, 143771, 0, 130.35
2026/07/28 09:28:05.038, 1, NVIDIA H200, 23236, 143771, 0, 137.28
2026/07/28 09:28:05.038, 2, NVIDIA H200, 23236, 143771, 0, 124.07
2026/07/28 09:28:05.038, 3, NVIDIA H200, 22514, 143771, 0, 129.14
2026/07/28 09:28:05.038, 4, NVIDIA H200, 21105, 143771, 0, 155.48
2026/07/28 09:28:05.038, 5, NVIDIA H200, 21231, 143771, 0, 127.84
2026/07/28 09:28:05.038, 6, NVIDIA H200, 21233, 143771, 0, 153.47
2026/07/28 09:28:05.038, 7, NVIDIA H200, 20031, 143771, 0, 125.18
2026/07/28 09:28:07.039, 0, NVIDIA H200, 22918, 143771, 0, 153.35
2026/07/28 09:28:07.039, 1, NVIDIA H200, 23236, 143771, 0, 158.48
2026/07/28 09:28:07.039, 2, NVIDIA H200, 23236, 143771, 0, 146.90
2026/07/28 09:28:07.039, 3, NVIDIA H200, 22514, 143771, 0, 153.37
2026/07/28 09:28:07.039, 4, NVIDIA H200, 21105, 143771, 0, 151.58
2026/07/28 09:28:07.039, 5, NVIDIA H200, 21231, 143771, 0, 151.75
2026/07/28 09:28:07.039, 6, NVIDIA H200, 21233, 143771, 0, 150.10
2026/07/28 09:28:07.039, 7, NVIDIA H200, 20031, 143771, 0, 148.68
2026/07/28 09:28:09.039, 0, NVIDIA H200, 22918, 143771, 0, 151.82
2026/07/28 09:28:09.039, 1, NVIDIA H200, 23236, 143771, 0, 165.88
2026/07/28 09:28:09.040, 2, NVIDIA H200, 23236, 143771, 0, 146.12
2026/07/28 09:28:09.040, 3, NVIDIA H200, 22514, 143771, 0, 153.78
2026/07/28 09:28:09.040, 4, NVIDIA H200, 21105, 143771, 0, 133.17
2026/07/28 09:28:09.040, 5, NVIDIA H200, 21231, 143771, 7, 159.76
2026/07/28 09:28:09.040, 6, NVIDIA H200, 21233, 143771, 0, 129.33
2026/07/28 09:28:09.040, 7, NVIDIA H200, 20031, 143771, 0, 150.40
2026/07/28 09:28:11.040, 0, NVIDIA H200, 22918, 143771, 0, 169.72
2026/07/28 09:28:11.044, 1, NVIDIA H200, 23236, 143771, 0, 159.51
2026/07/28 09:28:11.044, 2, NVIDIA H200, 23236, 143771, 0, 147.07
2026/07/28 09:28:11.044, 3, NVIDIA H200, 22514, 143771, 0, 151.43
2026/07/28 09:28:11.044, 4, NVIDIA H200, 21105, 143771, 0, 157.48
2026/07/28 09:28:11.044, 5, NVIDIA H200, 21231, 143771, 0, 149.56
2026/07/28 09:28:11.045, 6, NVIDIA H200, 21233, 143771, 64, 176.75
2026/07/28 09:28:11.045, 7, NVIDIA H200, 20031, 143771, 0, 151.51
2026/07/28 09:28:13.045, 0, NVIDIA H200, 22918, 143771, 0, 130.35
2026/07/28 09:28:13.045, 1, NVIDIA H200, 23236, 143771, 0, 136.88
2026/07/28 09:28:13.045, 2, NVIDIA H200, 23236, 143771, 0, 144.79
2026/07/28 09:28:13.045, 3, NVIDIA H200, 22514, 143771, 0, 129.16
2026/07/28 09:28:13.045, 4, NVIDIA H200, 21107, 143771, 62, 180.59
2026/07/28 09:28:13.045, 5, NVIDIA H200, 21233, 143771, 0, 127.81
2026/07/28 09:28:13.045, 6, NVIDIA H200, 21235, 143771, 0, 153.29
2026/07/28 09:28:13.045, 7, NVIDIA H200, 20033, 143771, 0, 125.26
2026/07/28 09:28:15.045, 0, NVIDIA H200, 22918, 143771, 0, 130.22
2026/07/28 09:28:15.046, 1, NVIDIA H200, 23236, 143771, 0, 136.74
2026/07/28 09:28:15.046, 2, NVIDIA H200, 23236, 143771, 0, 123.94
2026/07/28 09:28:15.046, 3, NVIDIA H200, 22514, 143771, 0, 129.15
2026/07/28 09:28:15.046, 4, NVIDIA H200, 21107, 143771, 0, 133.10
2026/07/28 09:28:15.046, 5, NVIDIA H200, 21233, 143771, 0, 127.67
2026/07/28 09:28:15.046, 6, NVIDIA H200, 21235, 143771, 0, 129.29
2026/07/28 09:28:15.046, 7, NVIDIA H200, 20033, 143771, 0, 125.08
2026/07/28 09:28:17.046, 0, NVIDIA H200, 22918, 143771, 0, 130.11
2026/07/28 09:28:17.046, 1, NVIDIA H200, 23236, 143771, 0, 136.63
2026/07/28 09:28:17.046, 2, NVIDIA H200, 23236, 143771, 0, 123.79
2026/07/28 09:28:17.046, 3, NVIDIA H200, 22514, 143771, 0, 129.00
2026/07/28 09:28:17.046, 4, NVIDIA H200, 21107, 143771, 0, 133.00
2026/07/28 09:28:17.046, 5, NVIDIA H200, 21233, 143771, 0, 127.59
2026/07/28 09:28:17.046, 6, NVIDIA H200, 21235, 143771, 0, 129.21
2026/07/28 09:28:17.046, 7, NVIDIA H200, 20033, 143771, 0, 124.99
2026/07/28 09:28:19.047, 0, NVIDIA H200, 27746, 143771, 0, 130.24
2026/07/28 09:28:19.047, 1, NVIDIA H200, 28064, 143771, 0, 153.30
2026/07/28 09:28:19.047, 2, NVIDIA H200, 23236, 143771, 0, 123.78
2026/07/28 09:28:19.047, 3, NVIDIA H200, 27342, 143771, 0, 145.28
2026/07/28 09:28:19.047, 4, NVIDIA H200, 21107, 143771, 0, 131.89
2026/07/28 09:28:19.047, 5, NVIDIA H200, 26061, 143771, 0, 137.53
2026/07/28 09:28:19.047, 6, NVIDIA H200, 21235, 143771, 0, 129.17
2026/07/28 09:28:19.047, 7, NVIDIA H200, 24861, 143771, 20, 135.76
2026/07/28 09:28:21.047, 0, NVIDIA H200, 27746, 143771, 0, 130.05
2026/07/28 09:28:21.047, 1, NVIDIA H200, 28064, 143771, 0, 136.58
2026/07/28 09:28:21.055, 2, NVIDIA H200, 28064, 143771, 0, 138.74
2026/07/28 09:28:21.061, 3, NVIDIA H200, 27342, 143771, 0, 128.98
2026/07/28 09:28:21.069, 4, NVIDIA H200, 25935, 143771, 0, 132.07
2026/07/28 09:28:21.075, 5, NVIDIA H200, 26061, 143771, 0, 127.55
2026/07/28 09:28:21.075, 6, NVIDIA H200, 26063, 143771, 0, 129.15
2026/07/28 09:28:21.075, 7, NVIDIA H200, 24861, 143771, 0, 124.92
2026/07/28 09:28:23.076, 0, NVIDIA H200, 27746, 143771, 0, 129.98
2026/07/28 09:28:23.076, 1, NVIDIA H200, 28064, 143771, 0, 136.49
2026/07/28 09:28:23.076, 2, NVIDIA H200, 28064, 143771, 0, 123.69
2026/07/28 09:28:23.076, 3, NVIDIA H200, 27342, 143771, 0, 128.72
2026/07/28 09:28:23.076, 4, NVIDIA H200, 25935, 143771, 0, 131.34
2026/07/28 09:28:23.076, 5, NVIDIA H200, 26061, 143771, 0, 127.47
2026/07/28 09:28:23.076, 6, NVIDIA H200, 26063, 143771, 0, 129.08
2026/07/28 09:28:23.076, 7, NVIDIA H200, 24861, 143771, 0, 124.88
2026/07/28 09:28:25.076, 0, NVIDIA H200, 27746, 143771, 0, 129.91
2026/07/28 09:28:25.076, 1, NVIDIA H200, 28064, 143771, 6, 151.79
2026/07/28 09:28:25.077, 2, NVIDIA H200, 28064, 143771, 0, 123.62
2026/07/28 09:28:25.077, 3, NVIDIA H200, 27342, 143771, 0, 128.84
2026/07/28 09:28:25.077, 4, NVIDIA H200, 25935, 143771, 0, 131.32
2026/07/28 09:28:25.077, 5, NVIDIA H200, 26061, 143771, 0, 127.39
2026/07/28 09:28:25.077, 6, NVIDIA H200, 26063, 143771, 0, 128.98
2026/07/28 09:28:25.077, 7, NVIDIA H200, 24861, 143771, 0, 124.79
2026/07/28 09:28:27.077, 0, NVIDIA H200, 27746, 143771, 0, 129.95
2026/07/28 09:28:27.077, 1, NVIDIA H200, 28064, 143771, 0, 136.41
2026/07/28 09:28:27.077, 2, NVIDIA H200, 28064, 143771, 0, 131.26
2026/07/28 09:28:27.077, 3, NVIDIA H200, 27342, 143771, 0, 142.31
2026/07/28 09:28:27.077, 4, NVIDIA H200, 25935, 143771, 0, 142.74
2026/07/28 09:28:27.077, 5, NVIDIA H200, 26061, 143771, 0, 129.13
2026/07/28 09:28:27.077, 6, NVIDIA H200, 26063, 143771, 0, 129.14
2026/07/28 09:28:27.077, 7, NVIDIA H200, 24861, 143771, 0, 124.87
2026/07/28 09:28:29.077, 0, NVIDIA H200, 27746, 143771, 0, 129.85
2026/07/28 09:28:29.078, 1, NVIDIA H200, 28064, 143771, 0, 136.33
2026/07/28 09:28:29.078, 2, NVIDIA H200, 28064, 143771, 0, 123.67
2026/07/28 09:28:29.078, 3, NVIDIA H200, 27342, 143771, 0, 128.87
2026/07/28 09:28:29.078, 4, NVIDIA H200, 25935, 143771, 0, 131.24
2026/07/28 09:28:29.078, 5, NVIDIA H200, 26061, 143771, 0, 127.06
2026/07/28 09:28:29.078, 6, NVIDIA H200, 26063, 143771, 0, 128.99
2026/07/28 09:28:29.078, 7, NVIDIA H200, 24861, 143771, 0, 124.81
2026/07/28 09:28:31.078, 0, NVIDIA H200, 27746, 143771, 0, 129.81
2026/07/28 09:28:31.078, 1, NVIDIA H200, 28064, 143771, 0, 136.35
2026/07/28 09:28:31.078, 2, NVIDIA H200, 28064, 143771, 0, 123.58
2026/07/28 09:28:31.078, 3, NVIDIA H200, 27342, 143771, 0, 128.68
2026/07/28 09:28:31.078, 4, NVIDIA H200, 25935, 143771, 0, 131.20
2026/07/28 09:28:31.078, 5, NVIDIA H200, 26061, 143771, 0, 127.30
2026/07/28 09:28:31.078, 6, NVIDIA H200, 26063, 143771, 0, 128.92
2026/07/28 09:28:31.078, 7, NVIDIA H200, 24861, 143771, 0, 124.75
2026/07/28 09:28:33.079, 0, NVIDIA H200, 27746, 143771, 0, 145.90
2026/07/28 09:28:33.079, 1, NVIDIA H200, 28064, 143771, 0, 136.35
2026/07/28 09:28:33.079, 2, NVIDIA H200, 28064, 143771, 0, 123.54
2026/07/28 09:28:33.079, 3, NVIDIA H200, 27342, 143771, 0, 128.85
2026/07/28 09:28:33.079, 4, NVIDIA H200, 25935, 143771, 0, 131.12
2026/07/28 09:28:33.079, 5, NVIDIA H200, 26061, 143771, 0, 137.68
2026/07/28 09:28:33.079, 6, NVIDIA H200, 26063, 143771, 0, 139.76
2026/07/28 09:28:33.079, 7, NVIDIA H200, 24861, 143771, 100, 136.46
2026/07/28 09:28:35.079, 0, NVIDIA H200, 27746, 143771, 0, 156.18
2026/07/28 09:28:35.079, 1, NVIDIA H200, 28064, 143771, 0, 136.40
2026/07/28 09:28:35.080, 2, NVIDIA H200, 28064, 143771, 0, 123.64
2026/07/28 09:28:35.080, 3, NVIDIA H200, 27342, 143771, 0, 128.66
2026/07/28 09:28:35.080, 4, NVIDIA H200, 25935, 143771, 0, 131.12
2026/07/28 09:28:35.080, 5, NVIDIA H200, 26061, 143771, 0, 151.01
2026/07/28 09:28:35.080, 6, NVIDIA H200, 26063, 143771, 0, 153.63
2026/07/28 09:28:35.080, 7, NVIDIA H200, 24861, 143771, 6, 149.70
2026/07/28 09:28:37.080, 0, NVIDIA H200, 27746, 143771, 0, 157.33
2026/07/28 09:28:37.080, 1, NVIDIA H200, 28064, 143771, 0, 136.46
2026/07/28 09:28:37.080, 2, NVIDIA H200, 28064, 143771, 0, 123.68
2026/07/28 09:28:37.080, 3, NVIDIA H200, 27342, 143771, 29, 157.52
2026/07/28 09:28:37.080, 4, NVIDIA H200, 25935, 143771, 0, 131.27
2026/07/28 09:28:37.080, 5, NVIDIA H200, 26061, 143771, 0, 151.14
2026/07/28 09:28:37.080, 6, NVIDIA H200, 26063, 143771, 0, 150.88
2026/07/28 09:28:37.080, 7, NVIDIA H200, 24861, 143771, 0, 148.29
2026/07/28 09:28:39.081, 0, NVIDIA H200, 27746, 143771, 0, 156.43
2026/07/28 09:28:39.081, 1, NVIDIA H200, 28064, 143771, 0, 136.67
2026/07/28 09:28:39.081, 2, NVIDIA H200, 28064, 143771, 0, 123.66
2026/07/28 09:28:39.081, 3, NVIDIA H200, 27342, 143771, 0, 128.71
2026/07/28 09:28:39.081, 4, NVIDIA H200, 25935, 143771, 0, 131.23
2026/07/28 09:28:39.081, 5, NVIDIA H200, 26063, 143771, 0, 151.10
2026/07/28 09:28:39.081, 6, NVIDIA H200, 26065, 143771, 0, 152.36
2026/07/28 09:28:39.081, 7, NVIDIA H200, 24863, 143771, 36, 147.93
2026/07/28 09:28:41.081, 0, NVIDIA H200, 27746, 143771, 0, 129.76
2026/07/28 09:28:41.082, 1, NVIDIA H200, 28064, 143771, 13, 161.03
2026/07/28 09:28:41.082, 2, NVIDIA H200, 28064, 143771, 0, 123.66
2026/07/28 09:28:41.082, 3, NVIDIA H200, 27342, 143771, 0, 128.82
2026/07/28 09:28:41.082, 4, NVIDIA H200, 25937, 143771, 0, 131.22
2026/07/28 09:28:41.082, 5, NVIDIA H200, 26063, 143771, 0, 127.23
2026/07/28 09:28:41.082, 6, NVIDIA H200, 26065, 143771, 0, 128.94
2026/07/28 09:28:41.083, 7, NVIDIA H200, 24863, 143771, 0, 124.73
2026/07/28 09:28:43.083, 0, NVIDIA H200, 27746, 143771, 0, 129.83
2026/07/28 09:28:43.083, 1, NVIDIA H200, 28064, 143771, 0, 153.40
2026/07/28 09:28:43.083, 2, NVIDIA H200, 28064, 143771, 0, 138.15
2026/07/28 09:28:43.083, 3, NVIDIA H200, 27342, 143771, 0, 149.11
2026/07/28 09:28:43.083, 4, NVIDIA H200, 25937, 143771, 0, 131.38
2026/07/28 09:28:43.083, 5, NVIDIA H200, 26063, 143771, 0, 127.28
2026/07/28 09:28:43.083, 6, NVIDIA H200, 26065, 143771, 0, 128.98
2026/07/28 09:28:43.083, 7, NVIDIA H200, 24863, 143771, 0, 124.80
2026/07/28 09:28:45.084, 0, NVIDIA H200, 27746, 143771, 0, 129.88
2026/07/28 09:28:45.084, 1, NVIDIA H200, 28064, 143771, 0, 136.35
2026/07/28 09:28:45.084, 2, NVIDIA H200, 28064, 143771, 0, 123.56
2026/07/28 09:28:45.084, 3, NVIDIA H200, 27342, 143771, 0, 153.82
2026/07/28 09:28:45.084, 4, NVIDIA H200, 25937, 143771, 0, 152.46
2026/07/28 09:28:45.084, 5, NVIDIA H200, 26063, 143771, 0, 127.32
2026/07/28 09:28:45.084, 6, NVIDIA H200, 26065, 143771, 0, 142.85
2026/07/28 09:28:45.084, 7, NVIDIA H200, 24863, 143771, 0, 124.79
2026/07/28 09:28:47.084, 0, NVIDIA H200, 27746, 143771, 0, 153.50
2026/07/28 09:28:47.084, 1, NVIDIA H200, 28064, 143771, 0, 162.65
2026/07/28 09:28:47.084, 2, NVIDIA H200, 28064, 143771, 0, 123.61
2026/07/28 09:28:47.084, 3, NVIDIA H200, 27342, 143771, 0, 154.35
2026/07/28 09:28:47.085, 4, NVIDIA H200, 25937, 143771, 0, 152.99
2026/07/28 09:28:47.085, 5, NVIDIA H200, 26063, 143771, 0, 148.48
2026/07/28 09:28:47.085, 6, NVIDIA H200, 26065, 143771, 0, 151.29
2026/07/28 09:28:47.085, 7, NVIDIA H200, 24863, 143771, 0, 131.81
2026/07/28 09:28:49.085, 0, NVIDIA H200, 27746, 143771, 0, 155.25
2026/07/28 09:28:49.085, 1, NVIDIA H200, 28064, 143771, 0, 155.22
2026/07/28 09:28:49.085, 2, NVIDIA H200, 28064, 143771, 0, 144.06
2026/07/28 09:28:49.085, 3, NVIDIA H200, 27342, 143771, 0, 136.71
2026/07/28 09:28:49.085, 4, NVIDIA H200, 25937, 143771, 37, 155.99
2026/07/28 09:28:49.085, 5, NVIDIA H200, 26063, 143771, 0, 150.92
2026/07/28 09:28:49.085, 6, NVIDIA H200, 26065, 143771, 0, 151.34
2026/07/28 09:28:49.085, 7, NVIDIA H200, 24863, 143771, 0, 124.80
2026/07/28 09:28:51.085, 0, NVIDIA H200, 27748, 143771, 0, 238.31
2026/07/28 09:28:51.087, 1, NVIDIA H200, 28064, 143771, 26, 190.91
2026/07/28 09:28:51.087, 2, NVIDIA H200, 28066, 143771, 0, 123.69
2026/07/28 09:28:51.087, 3, NVIDIA H200, 27344, 143771, 53, 235.38
2026/07/28 09:28:51.087, 4, NVIDIA H200, 25939, 143771, 69, 257.01
2026/07/28 09:28:51.087, 5, NVIDIA H200, 26063, 143771, 0, 235.61
2026/07/28 09:28:51.087, 6, NVIDIA H200, 26067, 143771, 23, 242.02
2026/07/28 09:28:51.087, 7, NVIDIA H200, 24863, 143771, 0, 148.50
2026/07/28 09:28:53.088, 0, NVIDIA H200, 27748, 143771, 2, 155.65
2026/07/28 09:28:53.088, 1, NVIDIA H200, 28066, 143771, 0, 163.66
2026/07/28 09:28:53.088, 2, NVIDIA H200, 28066, 143771, 23, 202.56
2026/07/28 09:28:53.088, 3, NVIDIA H200, 27344, 143771, 0, 154.33
2026/07/28 09:28:53.088, 4, NVIDIA H200, 25939, 143771, 49, 184.16
2026/07/28 09:28:53.088, 5, NVIDIA H200, 26065, 143771, 0, 150.74
2026/07/28 09:28:53.088, 6, NVIDIA H200, 26067, 143771, 0, 157.51
2026/07/28 09:28:53.088, 7, NVIDIA H200, 24863, 143771, 4, 196.31
2026/07/28 09:28:55.088, 0, NVIDIA H200, 27748, 143771, 0, 129.94
2026/07/28 09:28:55.089, 1, NVIDIA H200, 28066, 143771, 0, 136.57
2026/07/28 09:28:55.089, 2, NVIDIA H200, 28066, 143771, 0, 174.08
2026/07/28 09:28:55.089, 3, NVIDIA H200, 27344, 143771, 0, 129.05
2026/07/28 09:28:55.089, 4, NVIDIA H200, 25939, 143771, 0, 131.31
2026/07/28 09:28:55.089, 5, NVIDIA H200, 26065, 143771, 0, 127.54
2026/07/28 09:28:55.089, 6, NVIDIA H200, 26067, 143771, 0, 129.14
2026/07/28 09:28:55.089, 7, NVIDIA H200, 24865, 143771, 0, 132.34
2026/07/28 09:28:57.089, 0, NVIDIA H200, 27748, 143771, 0, 213.62
2026/07/28 09:28:57.089, 1, NVIDIA H200, 28066, 143771, 0, 206.89
2026/07/28 09:28:57.089, 2, NVIDIA H200, 28066, 143771, 0, 123.76
2026/07/28 09:28:57.089, 3, NVIDIA H200, 27344, 143771, 0, 128.70
2026/07/28 09:28:57.089, 4, NVIDIA H200, 25939, 143771, 71, 220.83
2026/07/28 09:28:57.089, 5, NVIDIA H200, 26065, 143771, 14, 204.60
2026/07/28 09:28:57.089, 6, NVIDIA H200, 26067, 143771, 74, 205.76
2026/07/28 09:28:57.090, 7, NVIDIA H200, 24865, 143771, 96, 140.33
2026/07/28 09:28:59.090, 0, NVIDIA H200, 27748, 143771, 26, 262.42
2026/07/28 09:28:59.090, 1, NVIDIA H200, 28066, 143771, 0, 224.89
2026/07/28 09:28:59.090, 2, NVIDIA H200, 28066, 143771, 0, 187.35
2026/07/28 09:28:59.090, 3, NVIDIA H200, 27344, 143771, 0, 184.09
2026/07/28 09:28:59.090, 4, NVIDIA H200, 25939, 143771, 0, 228.55
2026/07/28 09:28:59.090, 5, NVIDIA H200, 26065, 143771, 0, 209.51
2026/07/28 09:28:59.090, 6, NVIDIA H200, 26067, 143771, 0, 213.28
2026/07/28 09:28:59.090, 7, NVIDIA H200, 24865, 143771, 37, 181.74
2026/07/28 09:29:01.090, 0, NVIDIA H200, 27748, 143771, 14, 256.44
2026/07/28 09:29:01.092, 1, NVIDIA H200, 28066, 143771, 78, 275.35
2026/07/28 09:29:01.092, 2, NVIDIA H200, 28066, 143771, 0, 146.08
2026/07/28 09:29:01.092, 3, NVIDIA H200, 27344, 143771, 29, 214.01
2026/07/28 09:29:01.092, 4, NVIDIA H200, 25939, 143771, 16, 251.40
2026/07/28 09:29:01.092, 5, NVIDIA H200, 26065, 143771, 5, 264.97
2026/07/28 09:29:01.092, 6, NVIDIA H200, 26067, 143771, 6, 254.59
2026/07/28 09:29:01.092, 7, NVIDIA H200, 24865, 143771, 52, 239.33
2026/07/28 09:29:03.092, 0, NVIDIA H200, 27748, 143771, 0, 160.52
2026/07/28 09:29:03.092, 1, NVIDIA H200, 28066, 143771, 0, 165.51
2026/07/28 09:29:03.092, 2, NVIDIA H200, 28066, 143771, 18, 229.57
2026/07/28 09:29:03.092, 3, NVIDIA H200, 27344, 143771, 0, 258.27
2026/07/28 09:29:03.092, 4, NVIDIA H200, 25939, 143771, 0, 187.77
2026/07/28 09:29:03.092, 5, NVIDIA H200, 26065, 143771, 0, 180.69
2026/07/28 09:29:03.092, 6, NVIDIA H200, 26067, 143771, 0, 183.15
2026/07/28 09:29:03.092, 7, NVIDIA H200, 24865, 143771, 0, 193.81
2026/07/28 09:29:05.093, 0, NVIDIA H200, 27748, 143771, 0, 167.65
2026/07/28 09:29:05.093, 1, NVIDIA H200, 28066, 143771, 33, 192.50
2026/07/28 09:29:05.093, 2, NVIDIA H200, 28066, 143771, 0, 197.81
2026/07/28 09:29:05.093, 3, NVIDIA H200, 27344, 143771, 0, 194.06
2026/07/28 09:29:05.093, 4, NVIDIA H200, 25939, 143771, 3, 190.71
2026/07/28 09:29:05.093, 5, NVIDIA H200, 26065, 143771, 0, 202.51
2026/07/28 09:29:05.093, 6, NVIDIA H200, 26067, 143771, 45, 181.59
2026/07/28 09:29:05.093, 7, NVIDIA H200, 24865, 143771, 49, 201.13
2026/07/28 09:29:07.093, 0, NVIDIA H200, 27748, 143771, 0, 157.89
2026/07/28 09:29:07.093, 1, NVIDIA H200, 28066, 143771, 0, 178.95
2026/07/28 09:29:07.093, 2, NVIDIA H200, 28066, 143771, 69, 176.33
2026/07/28 09:29:07.094, 3, NVIDIA H200, 27344, 143771, 59, 206.57
2026/07/28 09:29:07.094, 4, NVIDIA H200, 25939, 143771, 0, 157.08
2026/07/28 09:29:07.094, 5, NVIDIA H200, 26065, 143771, 60, 177.96
2026/07/28 09:29:07.094, 6, NVIDIA H200, 26067, 143771, 0, 152.41
2026/07/28 09:29:07.094, 7, NVIDIA H200, 24865, 143771, 2, 198.66
2026/07/28 09:29:09.094, 0, NVIDIA H200, 27748, 143771, 0, 151.46
2026/07/28 09:29:09.094, 1, NVIDIA H200, 28066, 143771, 0, 186.08
2026/07/28 09:29:09.094, 2, NVIDIA H200, 28066, 143771, 0, 174.06
2026/07/28 09:29:09.094, 3, NVIDIA H200, 27344, 143771, 0, 183.55
2026/07/28 09:29:09.094, 4, NVIDIA H200, 25939, 143771, 0, 178.43
2026/07/28 09:29:09.094, 5, NVIDIA H200, 26065, 143771, 0, 128.03
2026/07/28 09:29:09.094, 6, NVIDIA H200, 26067, 143771, 0, 175.64
2026/07/28 09:29:09.094, 7, NVIDIA H200, 24865, 143771, 0, 160.12
2026/07/28 09:29:11.094, 0, NVIDIA H200, 27748, 143771, 0, 154.72
2026/07/28 09:29:11.095, 1, NVIDIA H200, 28066, 143771, 0, 182.83
2026/07/28 09:29:11.095, 2, NVIDIA H200, 28066, 143771, 82, 149.47
2026/07/28 09:29:11.095, 3, NVIDIA H200, 27344, 143771, 0, 129.40
2026/07/28 09:29:11.095, 4, NVIDIA H200, 25939, 143771, 0, 154.67
2026/07/28 09:29:11.095, 5, NVIDIA H200, 26065, 143771, 0, 153.34
2026/07/28 09:29:11.095, 6, NVIDIA H200, 26067, 143771, 0, 152.04
2026/07/28 09:29:11.095, 7, NVIDIA H200, 24865, 143771, 0, 125.28
2026/07/28 09:29:13.106, 0, NVIDIA H200, 27748, 143771, 100, 140.85
2026/07/28 09:29:13.106, 1, NVIDIA H200, 28066, 143771, 100, 162.73
2026/07/28 09:29:13.106, 2, NVIDIA H200, 28066, 143771, 0, 147.91
2026/07/28 09:29:13.106, 3, NVIDIA H200, 27344, 143771, 47, 181.07
2026/07/28 09:29:13.106, 4, NVIDIA H200, 25939, 143771, 0, 154.68
2026/07/28 09:29:13.106, 5, NVIDIA H200, 26065, 143771, 100, 166.28
2026/07/28 09:29:13.106, 6, NVIDIA H200, 26067, 143771, 0, 152.68
2026/07/28 09:29:13.106, 7, NVIDIA H200, 24865, 143771, 0, 148.80
2026/07/28 09:29:15.106, 0, NVIDIA H200, 27748, 143771, 100, 131.65
2026/07/28 09:29:15.106, 1, NVIDIA H200, 28066, 143771, 100, 138.18
2026/07/28 09:29:15.106, 2, NVIDIA H200, 28066, 143771, 41, 150.82
2026/07/28 09:29:15.106, 3, NVIDIA H200, 27344, 143771, 100, 172.23
2026/07/28 09:29:15.107, 4, NVIDIA H200, 25939, 143771, 100, 133.11
2026/07/28 09:29:15.107, 5, NVIDIA H200, 26065, 143771, 100, 129.16
2026/07/28 09:29:15.107, 6, NVIDIA H200, 26067, 143771, 100, 130.88
2026/07/28 09:29:15.107, 7, NVIDIA H200, 24865, 143771, 100, 126.44
2026/07/28 09:29:17.107, 0, NVIDIA H200, 27786, 143771, 53, 171.10
2026/07/28 09:29:17.107, 1, NVIDIA H200, 28104, 143771, 75, 175.37
2026/07/28 09:29:17.107, 2, NVIDIA H200, 28102, 143771, 56, 183.68
2026/07/28 09:29:17.107, 3, NVIDIA H200, 27380, 143771, 48, 179.71
2026/07/28 09:29:17.107, 4, NVIDIA H200, 25955, 143771, 35, 172.16
2026/07/28 09:29:17.107, 5, NVIDIA H200, 26081, 143771, 78, 169.36
2026/07/28 09:29:17.107, 6, NVIDIA H200, 26083, 143771, 50, 172.63
2026/07/28 09:29:17.107, 7, NVIDIA H200, 24881, 143771, 33, 166.22
2026/07/28 09:29:19.107, 0, NVIDIA H200, 29756, 143771, 0, 132.58
2026/07/28 09:29:19.108, 1, NVIDIA H200, 30122, 143771, 0, 139.21
2026/07/28 09:29:19.108, 2, NVIDIA H200, 30168, 143771, 0, 126.18
2026/07/28 09:29:19.108, 3, NVIDIA H200, 29446, 143771, 0, 131.63
2026/07/28 09:29:19.108, 4, NVIDIA H200, 28015, 143771, 0, 134.04
2026/07/28 09:29:19.108, 5, NVIDIA H200, 28141, 143771, 0, 129.83
2026/07/28 09:29:19.108, 6, NVIDIA H200, 27903, 143771, 0, 131.55
2026/07/28 09:29:19.108, 7, NVIDIA H200, 26461, 143771, 0, 127.35
2026/07/28 09:29:21.108, 0, NVIDIA H200, 25394, 143771, 1, 130.62
2026/07/28 09:29:21.113, 1, NVIDIA H200, 25618, 143771, 1, 137.00
2026/07/28 09:29:21.115, 2, NVIDIA H200, 24972, 143771, 1, 124.16
2026/07/28 09:29:21.121, 3, NVIDIA H200, 25026, 143771, 1, 129.41
2026/07/28 09:29:21.129, 4, NVIDIA H200, 23433, 143771, 0, 131.84
2026/07/28 09:29:21.138, 5, NVIDIA H200, 23231, 143771, 1, 127.93
2026/07/28 09:29:21.140, 6, NVIDIA H200, 23291, 143771, 0, 129.65
2026/07/28 09:29:21.141, 7, NVIDIA H200, 21505, 143771, 0, 125.31
2026/07/28 09:29:23.144, 0, NVIDIA H200, 21052, 143771, 5, 130.68
2026/07/28 09:29:23.152, 1, NVIDIA H200, 21762, 143771, 1, 136.92
2026/07/28 09:29:23.152, 2, NVIDIA H200, 19018, 143771, 5, 124.67
2026/07/28 09:29:23.152, 3, NVIDIA H200, 20066, 143771, 5, 129.90
2026/07/28 09:29:23.152, 4, NVIDIA H200, 18497, 143771, 4, 132.07
2026/07/28 09:29:23.152, 5, NVIDIA H200, 17485, 143771, 4, 128.30
2026/07/28 09:29:23.152, 6, NVIDIA H200, 18661, 143771, 0, 129.88
2026/07/28 09:29:23.153, 7, NVIDIA H200, 16507, 143771, 3, 125.67
2026/07/28 09:29:25.153, 0, NVIDIA H200, 16810, 143771, 6, 130.85
2026/07/28 09:29:25.153, 1, NVIDIA H200, 17448, 143771, 5, 137.30
2026/07/28 09:29:25.153, 2, NVIDIA H200, 14980, 143771, 5, 124.37
2026/07/28 09:29:25.153, 3, NVIDIA H200, 15656, 143771, 5, 129.70
2026/07/28 09:29:25.153, 4, NVIDIA H200, 14599, 143771, 5, 132.32
2026/07/28 09:29:25.153, 5, NVIDIA H200, 13353, 143771, 6, 128.25
2026/07/28 09:29:25.153, 6, NVIDIA H200, 14663, 143771, 5, 129.96
2026/07/28 09:29:25.153, 7, NVIDIA H200, 12421, 143771, 5, 125.75
2026/07/28 09:29:27.154, 0, NVIDIA H200, 13454, 143771, 5, 130.68
2026/07/28 09:29:27.154, 1, NVIDIA H200, 14030, 143771, 4, 137.13
2026/07/28 09:29:27.154, 2, NVIDIA H200, 13646, 143771, 0, 123.71
2026/07/28 09:29:27.154, 3, NVIDIA H200, 12926, 143771, 2, 129.55
2026/07/28 09:29:27.154, 4, NVIDIA H200, 11575, 143771, 5, 131.92
2026/07/28 09:29:27.154, 5, NVIDIA H200, 11671, 143771, 0, 127.61
2026/07/28 09:29:27.154, 6, NVIDIA H200, 11671, 143771, 4, 129.67
2026/07/28 09:29:27.154, 7, NVIDIA H200, 10951, 143771, 0, 125.02
2026/07/28 09:29:29.154, 0, NVIDIA H200, 23602, 143771, 8, 131.18
2026/07/28 09:29:29.159, 1, NVIDIA H200, 23932, 143771, 11, 137.79
2026/07/28 09:29:29.160, 2, NVIDIA H200, 23864, 143771, 12, 124.82
2026/07/28 09:29:29.160, 3, NVIDIA H200, 22476, 143771, 8, 130.13
2026/07/28 09:29:29.160, 4, NVIDIA H200, 20323, 143771, 11, 132.39
2026/07/28 09:29:29.160, 5, NVIDIA H200, 21095, 143771, 7, 128.32
2026/07/28 09:29:29.160, 6, NVIDIA H200, 20867, 143771, 4, 130.11
2026/07/28 09:29:29.160, 7, NVIDIA H200, 19507, 143771, 12, 125.79
2026/07/28 09:29:31.160, 0, NVIDIA H200, 30246, 143771, 0, 130.60
2026/07/28 09:29:31.166, 1, NVIDIA H200, 30438, 143771, 0, 137.19
2026/07/28 09:29:31.167, 2, NVIDIA H200, 30430, 143771, 0, 124.15
2026/07/28 09:29:31.167, 3, NVIDIA H200, 29710, 143771, 1, 129.75
2026/07/28 09:29:31.167, 4, NVIDIA H200, 28393, 143771, 1, 132.22
2026/07/28 09:29:31.168, 5, NVIDIA H200, 28489, 143771, 0, 128.19
2026/07/28 09:29:31.168, 6, NVIDIA H200, 28489, 143771, 9, 129.93
2026/07/28 09:29:31.169, 7, NVIDIA H200, 27769, 143771, 13, 125.65
2026/07/28 09:29:33.169, 0, NVIDIA H200, 69784, 143771, 0, 130.16
2026/07/28 09:29:33.169, 1, NVIDIA H200, 70006, 143771, 0, 136.50
2026/07/28 09:29:33.169, 2, NVIDIA H200, 70008, 143771, 0, 123.83
2026/07/28 09:29:33.170, 3, NVIDIA H200, 69288, 143771, 0, 129.10
2026/07/28 09:29:33.170, 4, NVIDIA H200, 67941, 143771, 0, 134.48
2026/07/28 09:29:33.170, 5, NVIDIA H200, 68067, 143771, 1, 130.30
2026/07/28 09:29:33.170, 6, NVIDIA H200, 68067, 143771, 0, 132.81
2026/07/28 09:29:33.170, 7, NVIDIA H200, 67347, 143771, 0, 129.07
2026/07/28 09:29:35.170, 0, NVIDIA H200, 69784, 143771, 0, 129.87
2026/07/28 09:29:35.170, 1, NVIDIA H200, 70006, 143771, 0, 136.33
2026/07/28 09:29:35.170, 2, NVIDIA H200, 70008, 143771, 0, 123.51
2026/07/28 09:29:35.170, 3, NVIDIA H200, 69288, 143771, 0, 129.02
2026/07/28 09:29:35.170, 4, NVIDIA H200, 67941, 143771, 0, 131.22
2026/07/28 09:29:35.170, 5, NVIDIA H200, 68067, 143771, 0, 127.19
2026/07/28 09:29:35.170, 6, NVIDIA H200, 68067, 143771, 0, 129.08
2026/07/28 09:29:35.170, 7, NVIDIA H200, 67347, 143771, 0, 124.71
2026/07/28 09:29:37.171, 0, NVIDIA H200, 69784, 143771, 0, 134.13
2026/07/28 09:29:37.171, 1, NVIDIA H200, 70006, 143771, 0, 140.84
2026/07/28 09:29:37.171, 2, NVIDIA H200, 70008, 143771, 0, 127.71
2026/07/28 09:29:37.171, 3, NVIDIA H200, 69288, 143771, 0, 133.28
2026/07/28 09:29:37.171, 4, NVIDIA H200, 67941, 143771, 0, 135.62
2026/07/28 09:29:37.171, 5, NVIDIA H200, 68067, 143771, 0, 131.33
2026/07/28 09:29:37.171, 6, NVIDIA H200, 68067, 143771, 0, 133.33
2026/07/28 09:29:37.171, 7, NVIDIA H200, 67347, 143771, 0, 129.01
2026/07/28 09:29:39.172, 0, NVIDIA H200, 67891, 143771, 0, 134.31
2026/07/28 09:29:39.614, 1, NVIDIA H200, 68065, 143771, 0, 140.95
2026/07/28 09:29:39.618, 2, NVIDIA H200, 68067, 143771, 0, 127.86
2026/07/28 09:29:39.628, 3, NVIDIA H200, 67587, 143771, 0, 133.49
2026/07/28 09:29:39.633, 4, NVIDIA H200, 7849, 143771, 0, 137.08
2026/07/28 09:29:39.638, 5, NVIDIA H200, 7879, 143771, 15, 136.74
2026/07/28 09:29:39.643, 6, NVIDIA H200, 7849, 143771, 0, 138.68
2026/07/28 09:29:39.648, 7, NVIDIA H200, 7125, 143771, 0, 134.39
2026/07/28 09:29:41.653, 0, NVIDIA H200, 6756, 143771, 0, 134.20
2026/07/28 09:29:41.654, 1, NVIDIA H200, 6786, 143771, 0, 140.92
2026/07/28 09:29:41.654, 2, NVIDIA H200, 6788, 143771, 0, 127.79
2026/07/28 09:29:41.654, 3, NVIDIA H200, 6788, 143771, 0, 133.37
2026/07/28 09:29:41.654, 4, NVIDIA H200, 6758, 143771, 0, 135.68
2026/07/28 09:29:41.654, 5, NVIDIA H200, 6788, 143771, 0, 131.52
2026/07/28 09:29:41.654, 6, NVIDIA H200, 6788, 143771, 0, 133.40
2026/07/28 09:29:41.654, 7, NVIDIA H200, 6766, 143771, 0, 129.06
2026/07/28 09:29:43.654, 0, NVIDIA H200, 6736, 143771, 0, 134.04
2026/07/28 09:29:43.654, 1, NVIDIA H200, 6766, 143771, 0, 140.78
2026/07/28 09:29:43.654, 2, NVIDIA H200, 6766, 143771, 0, 127.63
2026/07/28 09:29:43.654, 3, NVIDIA H200, 6766, 143771, 0, 133.18
2026/07/28 09:29:43.654, 4, NVIDIA H200, 6736, 143771, 0, 135.48
2026/07/28 09:29:43.654, 5, NVIDIA H200, 6766, 143771, 0, 131.35
2026/07/28 09:29:43.654, 6, NVIDIA H200, 6764, 143771, 0, 133.32
2026/07/28 09:29:43.655, 7, NVIDIA H200, 4, 143771, 0, 129.10
