2026/07/28 11:03:51.454, 0, NVIDIA H200, 0, 143771, 0, 80.22
2026/07/28 11:03:51.455, 1, NVIDIA H200, 0, 143771, 0, 83.63
2026/07/28 11:03:51.456, 2, NVIDIA H200, 0, 143771, 0, 79.14
2026/07/28 11:03:51.456, 3, NVIDIA H200, 0, 143771, 0, 80.28
2026/07/28 11:03:51.457, 4, NVIDIA H200, 0, 143771, 0, 80.63
2026/07/28 11:03:51.457, 5, NVIDIA H200, 0, 143771, 0, 81.79
2026/07/28 11:03:51.458, 6, NVIDIA H200, 0, 143771, 0, 80.65
2026/07/28 11:03:51.459, 7, NVIDIA H200, 0, 143771, 0, 79.60
2026/07/28 11:03:53.460, 0, NVIDIA H200, 0, 143771, 0, 80.21
2026/07/28 11:03:53.460, 1, NVIDIA H200, 0, 143771, 0, 83.63
2026/07/28 11:03:53.460, 2, NVIDIA H200, 0, 143771, 0, 79.09
2026/07/28 11:03:53.460, 3, NVIDIA H200, 0, 143771, 0, 80.24
2026/07/28 11:03:53.460, 4, NVIDIA H200, 0, 143771, 0, 80.58
2026/07/28 11:03:53.460, 5, NVIDIA H200, 0, 143771, 0, 81.81
2026/07/28 11:03:53.460, 6, NVIDIA H200, 0, 143771, 0, 80.63
2026/07/28 11:03:53.460, 7, NVIDIA H200, 0, 143771, 0, 79.58
2026/07/28 11:03:55.460, 0, NVIDIA H200, 0, 143771, 0, 80.19
2026/07/28 11:03:55.460, 1, NVIDIA H200, 0, 143771, 0, 83.63
2026/07/28 11:03:55.460, 2, NVIDIA H200, 0, 143771, 0, 79.05
2026/07/28 11:03:55.460, 3, NVIDIA H200, 0, 143771, 0, 80.26
2026/07/28 11:03:55.460, 4, NVIDIA H200, 0, 143771, 0, 80.55
2026/07/28 11:03:55.461, 5, NVIDIA H200, 0, 143771, 0, 81.76
2026/07/28 11:03:55.461, 6, NVIDIA H200, 0, 143771, 0, 80.58
2026/07/28 11:03:55.461, 7, NVIDIA H200, 0, 143771, 0, 79.56
2026/07/28 11:03:57.461, 0, NVIDIA H200, 0, 143771, 0, 80.17
2026/07/28 11:03:57.461, 1, NVIDIA H200, 0, 143771, 0, 83.37
2026/07/28 11:03:57.461, 2, NVIDIA H200, 0, 143771, 0, 79.07
2026/07/28 11:03:57.461, 3, NVIDIA H200, 0, 143771, 0, 80.27
2026/07/28 11:03:57.461, 4, NVIDIA H200, 0, 143771, 0, 80.56
2026/07/28 11:03:57.461, 5, NVIDIA H200, 0, 143771, 0, 81.77
2026/07/28 11:03:57.461, 6, NVIDIA H200, 0, 143771, 0, 80.57
2026/07/28 11:03:57.461, 7, NVIDIA H200, 0, 143771, 0, 79.57
2026/07/28 11:03:59.461, 0, NVIDIA H200, 0, 143771, 0, 80.12
2026/07/28 11:03:59.461, 1, NVIDIA H200, 0, 143771, 0, 83.36
2026/07/28 11:03:59.461, 2, NVIDIA H200, 0, 143771, 0, 79.09
2026/07/28 11:03:59.461, 3, NVIDIA H200, 0, 143771, 0, 80.29
2026/07/28 11:03:59.462, 4, NVIDIA H200, 0, 143771, 0, 80.57
2026/07/28 11:03:59.462, 5, NVIDIA H200, 0, 143771, 0, 81.74
2026/07/28 11:03:59.462, 6, NVIDIA H200, 0, 143771, 0, 80.57
2026/07/28 11:03:59.462, 7, NVIDIA H200, 0, 143771, 0, 79.59
2026/07/28 11:04:01.462, 0, NVIDIA H200, 0, 143771, 0, 80.11
2026/07/28 11:04:01.462, 1, NVIDIA H200, 0, 143771, 0, 83.38
2026/07/28 11:04:01.462, 2, NVIDIA H200, 0, 143771, 0, 79.12
2026/07/28 11:04:01.462, 3, NVIDIA H200, 0, 143771, 0, 80.26
2026/07/28 11:04:01.462, 4, NVIDIA H200, 0, 143771, 0, 80.59
2026/07/28 11:04:01.462, 5, NVIDIA H200, 0, 143771, 0, 81.83
2026/07/28 11:04:01.462, 6, NVIDIA H200, 0, 143771, 0, 80.60
2026/07/28 11:04:01.462, 7, NVIDIA H200, 0, 143771, 0, 79.59
2026/07/28 11:04:03.463, 0, NVIDIA H200, 0, 143771, 0, 80.11
2026/07/28 11:04:03.463, 1, NVIDIA H200, 0, 143771, 0, 83.37
2026/07/28 11:04:03.463, 2, NVIDIA H200, 0, 143771, 0, 79.06
2026/07/28 11:04:03.463, 3, NVIDIA H200, 0, 143771, 0, 80.25
2026/07/28 11:04:03.463, 4, NVIDIA H200, 0, 143771, 0, 80.54
2026/07/28 11:04:03.463, 5, NVIDIA H200, 0, 143771, 0, 81.75
2026/07/28 11:04:03.463, 6, NVIDIA H200, 0, 143771, 0, 80.55
2026/07/28 11:04:03.463, 7, NVIDIA H200, 0, 143771, 0, 79.57
2026/07/28 11:04:05.463, 0, NVIDIA H200, 1, 143771, 0, 80.10
2026/07/28 11:04:05.463, 1, NVIDIA H200, 0, 143771, 0, 83.38
2026/07/28 11:04:05.464, 2, NVIDIA H200, 0, 143771, 0, 79.03
2026/07/28 11:04:05.464, 3, NVIDIA H200, 0, 143771, 0, 80.28
2026/07/28 11:04:05.464, 4, NVIDIA H200, 1, 143771, 0, 80.51
2026/07/28 11:04:05.464, 5, NVIDIA H200, 1, 143771, 0, 81.78
2026/07/28 11:04:05.464, 6, NVIDIA H200, 1, 143771, 0, 80.56
2026/07/28 11:04:05.464, 7, NVIDIA H200, 1, 143771, 0, 79.56
2026/07/28 11:04:07.464, 0, NVIDIA H200, 4, 143771, 0, 83.11
2026/07/28 11:04:07.467, 1, NVIDIA H200, 4, 143771, 0, 83.34
2026/07/28 11:04:07.470, 2, NVIDIA H200, 4, 143771, 0, 79.05
2026/07/28 11:04:07.473, 3, NVIDIA H200, 4, 143771, 0, 80.36
2026/07/28 11:04:07.475, 4, NVIDIA H200, 4, 143771, 0, 82.64
2026/07/28 11:04:07.490, 5, NVIDIA H200, 4, 143771, 0, 82.71
2026/07/28 11:04:07.494, 6, NVIDIA H200, 4, 143771, 0, 80.67
2026/07/28 11:04:07.496, 7, NVIDIA H200, 1, 143771, 0, 79.55
2026/07/28 11:04:09.500, 0, NVIDIA H200, 4, 143771, 0, 80.08
2026/07/28 11:04:09.500, 1, NVIDIA H200, 4, 143771, 0, 83.31
2026/07/28 11:04:09.500, 2, NVIDIA H200, 4, 143771, 0, 79.07
2026/07/28 11:04:09.500, 3, NVIDIA H200, 4, 143771, 0, 80.46
2026/07/28 11:04:09.500, 4, NVIDIA H200, 4, 143771, 0, 81.04
2026/07/28 11:04:09.500, 5, NVIDIA H200, 4, 143771, 0, 83.41
2026/07/28 11:04:09.500, 6, NVIDIA H200, 4, 143771, 0, 83.24
2026/07/28 11:04:09.500, 7, NVIDIA H200, 4, 143771, 0, 79.58
2026/07/28 11:04:11.500, 0, NVIDIA H200, 4, 143771, 0, 80.09
2026/07/28 11:04:11.500, 1, NVIDIA H200, 4, 143771, 0, 83.32
2026/07/28 11:04:11.500, 2, NVIDIA H200, 4, 143771, 0, 79.07
2026/07/28 11:04:11.500, 3, NVIDIA H200, 4, 143771, 0, 80.43
2026/07/28 11:04:11.501, 4, NVIDIA H200, 4, 143771, 0, 80.51
2026/07/28 11:04:11.501, 5, NVIDIA H200, 4, 143771, 0, 81.75
2026/07/28 11:04:11.501, 6, NVIDIA H200, 4, 143771, 0, 80.58
2026/07/28 11:04:11.501, 7, NVIDIA H200, 4, 143771, 0, 79.53
2026/07/28 11:04:13.501, 0, NVIDIA H200, 4, 143771, 0, 80.07
2026/07/28 11:04:13.501, 1, NVIDIA H200, 4, 143771, 0, 83.34
2026/07/28 11:04:13.501, 2, NVIDIA H200, 4, 143771, 0, 79.05
2026/07/28 11:04:13.501, 3, NVIDIA H200, 4, 143771, 0, 80.31
2026/07/28 11:04:13.501, 4, NVIDIA H200, 4, 143771, 0, 80.49
2026/07/28 11:04:13.501, 5, NVIDIA H200, 4, 143771, 0, 81.79
2026/07/28 11:04:13.501, 6, NVIDIA H200, 4, 143771, 0, 80.54
2026/07/28 11:04:13.501, 7, NVIDIA H200, 4, 143771, 0, 79.56
2026/07/28 11:04:15.501, 0, NVIDIA H200, 4, 143771, 0, 80.05
2026/07/28 11:04:15.501, 1, NVIDIA H200, 4, 143771, 0, 83.30
2026/07/28 11:04:15.501, 2, NVIDIA H200, 4, 143771, 0, 79.06
2026/07/28 11:04:15.501, 3, NVIDIA H200, 4, 143771, 0, 80.24
2026/07/28 11:04:15.501, 4, NVIDIA H200, 4, 143771, 0, 80.46
2026/07/28 11:04:15.502, 5, NVIDIA H200, 4, 143771, 0, 81.77
2026/07/28 11:04:15.502, 6, NVIDIA H200, 4, 143771, 0, 80.56
2026/07/28 11:04:15.502, 7, NVIDIA H200, 4, 143771, 0, 79.56
2026/07/28 11:04:17.502, 0, NVIDIA H200, 4, 143771, 0, 80.07
2026/07/28 11:04:17.502, 1, NVIDIA H200, 4, 143771, 0, 83.32
2026/07/28 11:04:17.502, 2, NVIDIA H200, 4, 143771, 0, 79.02
2026/07/28 11:04:17.502, 3, NVIDIA H200, 4, 143771, 0, 80.17
2026/07/28 11:04:17.502, 4, NVIDIA H200, 4, 143771, 0, 80.44
2026/07/28 11:04:17.502, 5, NVIDIA H200, 4, 143771, 0, 81.79
2026/07/28 11:04:17.502, 6, NVIDIA H200, 4, 143771, 0, 80.55
2026/07/28 11:04:17.502, 7, NVIDIA H200, 4, 143771, 0, 79.53
2026/07/28 11:04:19.502, 0, NVIDIA H200, 4, 143771, 0, 79.83
2026/07/28 11:04:19.502, 1, NVIDIA H200, 4, 143771, 0, 83.32
2026/07/28 11:04:19.502, 2, NVIDIA H200, 4, 143771, 0, 79.02
2026/07/28 11:04:19.502, 3, NVIDIA H200, 4, 143771, 0, 80.12
2026/07/28 11:04:19.502, 4, NVIDIA H200, 4, 143771, 0, 80.41
2026/07/28 11:04:19.502, 5, NVIDIA H200, 4, 143771, 0, 81.70
2026/07/28 11:04:19.502, 6, NVIDIA H200, 4, 143771, 0, 80.56
2026/07/28 11:04:19.503, 7, NVIDIA H200, 4, 143771, 0, 79.52
2026/07/28 11:04:21.503, 0, NVIDIA H200, 4, 143771, 0, 79.82
2026/07/28 11:04:21.503, 1, NVIDIA H200, 4, 143771, 0, 83.62
2026/07/28 11:04:21.503, 2, NVIDIA H200, 4, 143771, 0, 79.04
2026/07/28 11:04:21.503, 3, NVIDIA H200, 4, 143771, 0, 80.12
2026/07/28 11:04:21.503, 4, NVIDIA H200, 4, 143771, 0, 80.45
2026/07/28 11:04:21.503, 5, NVIDIA H200, 4, 143771, 0, 82.10
2026/07/28 11:04:21.503, 6, NVIDIA H200, 4, 143771, 0, 80.54
2026/07/28 11:04:21.503, 7, NVIDIA H200, 4, 143771, 0, 79.53
2026/07/28 11:04:23.503, 0, NVIDIA H200, 4, 143771, 0, 79.76
2026/07/28 11:04:23.503, 1, NVIDIA H200, 4, 143771, 0, 83.61
2026/07/28 11:04:23.503, 2, NVIDIA H200, 4, 143771, 0, 79.05
2026/07/28 11:04:23.503, 3, NVIDIA H200, 4, 143771, 0, 80.12
2026/07/28 11:04:23.503, 4, NVIDIA H200, 4, 143771, 0, 80.45
2026/07/28 11:04:23.503, 5, NVIDIA H200, 4, 143771, 0, 82.27
2026/07/28 11:04:23.503, 6, NVIDIA H200, 4, 143771, 0, 80.53
2026/07/28 11:04:23.504, 7, NVIDIA H200, 4, 143771, 0, 79.53
2026/07/28 11:04:25.504, 0, NVIDIA H200, 4, 143771, 0, 79.82
2026/07/28 11:04:25.504, 1, NVIDIA H200, 4, 143771, 0, 83.58
2026/07/28 11:04:25.504, 2, NVIDIA H200, 4, 143771, 0, 79.04
2026/07/28 11:04:25.504, 3, NVIDIA H200, 4, 143771, 0, 80.15
2026/07/28 11:04:25.504, 4, NVIDIA H200, 4, 143771, 0, 80.45
2026/07/28 11:04:25.504, 5, NVIDIA H200, 4, 143771, 0, 82.35
2026/07/28 11:04:25.504, 6, NVIDIA H200, 4, 143771, 0, 80.53
2026/07/28 11:04:25.504, 7, NVIDIA H200, 4, 143771, 0, 79.55
2026/07/28 11:04:27.504, 0, NVIDIA H200, 4, 143771, 0, 79.73
2026/07/28 11:04:27.504, 1, NVIDIA H200, 4, 143771, 0, 83.57
2026/07/28 11:04:27.504, 2, NVIDIA H200, 4, 143771, 0, 79.00
2026/07/28 11:04:27.504, 3, NVIDIA H200, 4, 143771, 0, 80.15
2026/07/28 11:04:27.504, 4, NVIDIA H200, 4, 143771, 0, 80.42
2026/07/28 11:04:27.504, 5, NVIDIA H200, 4, 143771, 0, 82.24
2026/07/28 11:04:27.504, 6, NVIDIA H200, 4, 143771, 0, 80.49
2026/07/28 11:04:27.504, 7, NVIDIA H200, 4, 143771, 0, 79.53
2026/07/28 11:04:29.505, 0, NVIDIA H200, 4, 143771, 0, 79.78
2026/07/28 11:04:29.505, 1, NVIDIA H200, 4, 143771, 0, 83.56
2026/07/28 11:04:29.505, 2, NVIDIA H200, 4, 143771, 0, 78.96
2026/07/28 11:04:29.505, 3, NVIDIA H200, 4, 143771, 0, 80.16
2026/07/28 11:04:29.505, 4, NVIDIA H200, 4, 143771, 0, 80.43
2026/07/28 11:04:29.505, 5, NVIDIA H200, 4, 143771, 0, 82.34
2026/07/28 11:04:29.505, 6, NVIDIA H200, 4, 143771, 0, 80.48
2026/07/28 11:04:29.505, 7, NVIDIA H200, 4, 143771, 0, 79.50
2026/07/28 11:04:31.505, 0, NVIDIA H200, 4, 143771, 0, 79.73
2026/07/28 11:04:31.505, 1, NVIDIA H200, 4, 143771, 0, 83.53
2026/07/28 11:04:31.505, 2, NVIDIA H200, 4, 143771, 0, 78.99
2026/07/28 11:04:31.505, 3, NVIDIA H200, 4, 143771, 0, 80.17
2026/07/28 11:04:31.505, 4, NVIDIA H200, 4, 143771, 0, 80.43
2026/07/28 11:04:31.505, 5, NVIDIA H200, 4, 143771, 0, 82.25
2026/07/28 11:04:31.505, 6, NVIDIA H200, 4, 143771, 0, 80.50
2026/07/28 11:04:31.505, 7, NVIDIA H200, 4, 143771, 0, 79.55
2026/07/28 11:04:33.506, 0, NVIDIA H200, 4, 143771, 0, 79.79
2026/07/28 11:04:33.506, 1, NVIDIA H200, 4, 143771, 0, 83.52
2026/07/28 11:04:33.506, 2, NVIDIA H200, 4, 143771, 0, 79.00
2026/07/28 11:04:33.506, 3, NVIDIA H200, 4, 143771, 0, 80.15
2026/07/28 11:04:33.506, 4, NVIDIA H200, 4, 143771, 0, 80.38
2026/07/28 11:04:33.506, 5, NVIDIA H200, 4, 143771, 0, 82.28
2026/07/28 11:04:33.506, 6, NVIDIA H200, 4, 143771, 0, 80.47
2026/07/28 11:04:33.506, 7, NVIDIA H200, 4, 143771, 0, 79.52
2026/07/28 11:04:35.506, 0, NVIDIA H200, 4, 143771, 0, 79.73
2026/07/28 11:04:35.506, 1, NVIDIA H200, 4, 143771, 0, 83.53
2026/07/28 11:04:35.506, 2, NVIDIA H200, 4, 143771, 0, 79.01
2026/07/28 11:04:35.506, 3, NVIDIA H200, 4, 143771, 0, 80.11
2026/07/28 11:04:35.506, 4, NVIDIA H200, 4, 143771, 0, 80.41
2026/07/28 11:04:35.506, 5, NVIDIA H200, 4, 143771, 0, 82.23
2026/07/28 11:04:35.506, 6, NVIDIA H200, 4, 143771, 0, 80.44
2026/07/28 11:04:35.506, 7, NVIDIA H200, 4, 143771, 0, 79.49
2026/07/28 11:04:37.507, 0, NVIDIA H200, 4, 143771, 0, 79.77
2026/07/28 11:04:37.507, 1, NVIDIA H200, 4, 143771, 0, 83.56
2026/07/28 11:04:37.507, 2, NVIDIA H200, 4, 143771, 0, 79.01
2026/07/28 11:04:37.507, 3, NVIDIA H200, 4, 143771, 0, 80.14
2026/07/28 11:04:37.507, 4, NVIDIA H200, 4, 143771, 0, 80.38
2026/07/28 11:04:37.507, 5, NVIDIA H200, 4, 143771, 0, 82.26
2026/07/28 11:04:37.507, 6, NVIDIA H200, 4, 143771, 0, 80.49
2026/07/28 11:04:37.507, 7, NVIDIA H200, 4, 143771, 0, 79.51
2026/07/28 11:04:39.507, 0, NVIDIA H200, 4, 143771, 0, 79.73
2026/07/28 11:04:39.507, 1, NVIDIA H200, 4, 143771, 0, 83.58
2026/07/28 11:04:39.507, 2, NVIDIA H200, 4, 143771, 0, 79.04
2026/07/28 11:04:39.507, 3, NVIDIA H200, 4, 143771, 0, 80.18
2026/07/28 11:04:39.507, 4, NVIDIA H200, 4, 143771, 0, 80.36
2026/07/28 11:04:39.507, 5, NVIDIA H200, 4, 143771, 0, 82.28
2026/07/28 11:04:39.507, 6, NVIDIA H200, 4, 143771, 0, 80.44
2026/07/28 11:04:39.507, 7, NVIDIA H200, 4, 143771, 0, 79.48
2026/07/28 11:04:41.508, 0, NVIDIA H200, 4, 143771, 0, 79.74
2026/07/28 11:04:41.508, 1, NVIDIA H200, 4, 143771, 0, 83.57
2026/07/28 11:04:41.508, 2, NVIDIA H200, 4, 143771, 0, 79.00
2026/07/28 11:04:41.508, 3, NVIDIA H200, 4, 143771, 0, 80.17
2026/07/28 11:04:41.508, 4, NVIDIA H200, 4, 143771, 0, 80.40
2026/07/28 11:04:41.508, 5, NVIDIA H200, 4, 143771, 0, 82.26
2026/07/28 11:04:41.508, 6, NVIDIA H200, 4, 143771, 0, 80.47
2026/07/28 11:04:41.508, 7, NVIDIA H200, 4, 143771, 0, 79.50
2026/07/28 11:04:43.508, 0, NVIDIA H200, 4, 143771, 0, 79.73
2026/07/28 11:04:43.508, 1, NVIDIA H200, 4, 143771, 0, 83.56
2026/07/28 11:04:43.508, 2, NVIDIA H200, 4, 143771, 0, 78.99
2026/07/28 11:04:43.508, 3, NVIDIA H200, 4, 143771, 0, 80.15
2026/07/28 11:04:43.508, 4, NVIDIA H200, 4, 143771, 0, 80.36
2026/07/28 11:04:43.508, 5, NVIDIA H200, 4, 143771, 0, 82.25
2026/07/28 11:04:43.508, 6, NVIDIA H200, 4, 143771, 0, 80.43
2026/07/28 11:04:43.508, 7, NVIDIA H200, 4, 143771, 0, 79.50
2026/07/28 11:04:45.509, 0, NVIDIA H200, 4, 143771, 0, 79.71
2026/07/28 11:04:45.520, 1, NVIDIA H200, 4, 143771, 0, 83.55
2026/07/28 11:04:45.521, 2, NVIDIA H200, 4, 143771, 0, 78.98
2026/07/28 11:04:45.521, 3, NVIDIA H200, 4, 143771, 0, 80.15
2026/07/28 11:04:45.521, 4, NVIDIA H200, 4, 143771, 0, 80.35
2026/07/28 11:04:45.523, 5, NVIDIA H200, 4, 143771, 0, 82.24
2026/07/28 11:04:45.524, 6, NVIDIA H200, 4, 143771, 0, 80.39
2026/07/28 11:04:45.526, 7, NVIDIA H200, 4, 143771, 0, 79.47
2026/07/28 11:04:47.528, 0, NVIDIA H200, 4, 143771, 0, 79.69
2026/07/28 11:04:47.528, 1, NVIDIA H200, 4, 143771, 0, 83.55
2026/07/28 11:04:47.528, 2, NVIDIA H200, 4, 143771, 0, 78.97
2026/07/28 11:04:47.528, 3, NVIDIA H200, 4, 143771, 0, 80.16
2026/07/28 11:04:47.528, 4, NVIDIA H200, 4, 143771, 0, 80.34
2026/07/28 11:04:47.528, 5, NVIDIA H200, 4, 143771, 0, 82.25
2026/07/28 11:04:47.528, 6, NVIDIA H200, 4, 143771, 0, 80.42
2026/07/28 11:04:47.528, 7, NVIDIA H200, 4, 143771, 0, 79.51
2026/07/28 11:04:49.528, 0, NVIDIA H200, 4, 143771, 0, 79.70
2026/07/28 11:04:49.529, 1, NVIDIA H200, 4, 143771, 0, 83.50
2026/07/28 11:04:49.529, 2, NVIDIA H200, 4, 143771, 0, 79.00
2026/07/28 11:04:49.529, 3, NVIDIA H200, 4, 143771, 0, 80.13
2026/07/28 11:04:49.529, 4, NVIDIA H200, 4, 143771, 0, 80.36
2026/07/28 11:04:49.529, 5, NVIDIA H200, 4, 143771, 0, 82.21
2026/07/28 11:04:49.529, 6, NVIDIA H200, 4, 143771, 0, 80.39
2026/07/28 11:04:49.529, 7, NVIDIA H200, 4, 143771, 0, 79.50
2026/07/28 11:04:51.529, 0, NVIDIA H200, 4, 143771, 0, 79.68
2026/07/28 11:04:51.529, 1, NVIDIA H200, 4, 143771, 0, 83.46
2026/07/28 11:04:51.529, 2, NVIDIA H200, 4, 143771, 0, 78.97
2026/07/28 11:04:51.529, 3, NVIDIA H200, 4, 143771, 0, 80.10
2026/07/28 11:04:51.529, 4, NVIDIA H200, 4, 143771, 0, 80.32
2026/07/28 11:04:51.529, 5, NVIDIA H200, 4, 143771, 0, 82.25
2026/07/28 11:04:51.529, 6, NVIDIA H200, 4, 143771, 0, 80.43
2026/07/28 11:04:51.529, 7, NVIDIA H200, 4, 143771, 0, 79.50
2026/07/28 11:04:53.529, 0, NVIDIA H200, 4, 143771, 0, 79.69
2026/07/28 11:04:53.529, 1, NVIDIA H200, 4, 143771, 0, 83.53
2026/07/28 11:04:53.530, 2, NVIDIA H200, 4, 143771, 0, 78.97
2026/07/28 11:04:53.530, 3, NVIDIA H200, 4, 143771, 0, 80.09
2026/07/28 11:04:53.530, 4, NVIDIA H200, 4, 143771, 0, 80.33
2026/07/28 11:04:53.530, 5, NVIDIA H200, 4, 143771, 0, 82.18
2026/07/28 11:04:53.530, 6, NVIDIA H200, 4, 143771, 0, 80.40
2026/07/28 11:04:53.530, 7, NVIDIA H200, 4, 143771, 0, 79.47
2026/07/28 11:04:55.530, 0, NVIDIA H200, 4, 143771, 0, 79.69
2026/07/28 11:04:55.530, 1, NVIDIA H200, 4, 143771, 0, 83.54
2026/07/28 11:04:55.530, 2, NVIDIA H200, 4, 143771, 0, 78.97
2026/07/28 11:04:55.530, 3, NVIDIA H200, 4, 143771, 0, 80.09
2026/07/28 11:04:55.530, 4, NVIDIA H200, 4, 143771, 0, 80.32
2026/07/28 11:04:55.530, 5, NVIDIA H200, 4, 143771, 0, 82.28
2026/07/28 11:04:55.530, 6, NVIDIA H200, 4, 143771, 0, 80.38
2026/07/28 11:04:55.530, 7, NVIDIA H200, 4, 143771, 0, 79.51
2026/07/28 11:04:57.530, 0, NVIDIA H200, 4, 143771, 0, 79.68
2026/07/28 11:04:57.530, 1, NVIDIA H200, 4, 143771, 0, 83.54
2026/07/28 11:04:57.530, 2, NVIDIA H200, 4, 143771, 0, 78.98
2026/07/28 11:04:57.531, 3, NVIDIA H200, 4, 143771, 0, 80.10
2026/07/28 11:04:57.531, 4, NVIDIA H200, 4, 143771, 0, 80.33
2026/07/28 11:04:57.531, 5, NVIDIA H200, 4, 143771, 0, 82.21
2026/07/28 11:04:57.531, 6, NVIDIA H200, 4, 143771, 0, 80.42
2026/07/28 11:04:57.531, 7, NVIDIA H200, 4, 143771, 0, 79.49
2026/07/28 11:04:59.531, 0, NVIDIA H200, 4, 143771, 0, 79.67
2026/07/28 11:04:59.531, 1, NVIDIA H200, 4, 143771, 0, 83.54
2026/07/28 11:04:59.531, 2, NVIDIA H200, 4, 143771, 0, 79.00
2026/07/28 11:04:59.531, 3, NVIDIA H200, 4, 143771, 0, 80.13
2026/07/28 11:04:59.531, 4, NVIDIA H200, 4, 143771, 0, 80.30
2026/07/28 11:04:59.531, 5, NVIDIA H200, 4, 143771, 0, 82.32
2026/07/28 11:04:59.531, 6, NVIDIA H200, 4, 143771, 0, 80.43
2026/07/28 11:04:59.531, 7, NVIDIA H200, 4, 143771, 0, 79.49
2026/07/28 11:05:01.531, 0, NVIDIA H200, 4, 143771, 0, 79.63
2026/07/28 11:05:01.531, 1, NVIDIA H200, 4, 143771, 0, 83.55
2026/07/28 11:05:01.531, 2, NVIDIA H200, 4, 143771, 0, 79.00
2026/07/28 11:05:01.531, 3, NVIDIA H200, 4, 143771, 0, 80.13
2026/07/28 11:05:01.532, 4, NVIDIA H200, 4, 143771, 0, 80.30
2026/07/28 11:05:01.532, 5, NVIDIA H200, 4, 143771, 0, 82.20
2026/07/28 11:05:01.532, 6, NVIDIA H200, 4, 143771, 0, 80.39
2026/07/28 11:05:01.532, 7, NVIDIA H200, 4, 143771, 0, 79.50
2026/07/28 11:05:03.532, 0, NVIDIA H200, 4, 143771, 0, 79.65
2026/07/28 11:05:03.532, 1, NVIDIA H200, 4, 143771, 0, 83.50
2026/07/28 11:05:03.532, 2, NVIDIA H200, 4, 143771, 0, 78.96
2026/07/28 11:05:03.532, 3, NVIDIA H200, 4, 143771, 0, 80.12
2026/07/28 11:05:03.532, 4, NVIDIA H200, 4, 143771, 0, 80.32
2026/07/28 11:05:03.532, 5, NVIDIA H200, 4, 143771, 0, 82.29
2026/07/28 11:05:03.532, 6, NVIDIA H200, 4, 143771, 0, 80.36
2026/07/28 11:05:03.532, 7, NVIDIA H200, 4, 143771, 0, 79.48
2026/07/28 11:05:05.532, 0, NVIDIA H200, 4, 143771, 0, 79.66
2026/07/28 11:05:05.532, 1, NVIDIA H200, 4, 143771, 0, 83.47
2026/07/28 11:05:05.532, 2, NVIDIA H200, 4, 143771, 0, 78.96
2026/07/28 11:05:05.533, 3, NVIDIA H200, 4, 143771, 0, 80.13
2026/07/28 11:05:05.533, 4, NVIDIA H200, 4, 143771, 0, 80.25
2026/07/28 11:05:05.533, 5, NVIDIA H200, 4, 143771, 0, 82.24
2026/07/28 11:05:05.533, 6, NVIDIA H200, 4, 143771, 0, 80.36
2026/07/28 11:05:05.533, 7, NVIDIA H200, 4, 143771, 0, 79.45
2026/07/28 11:05:07.533, 0, NVIDIA H200, 4, 143771, 0, 79.66
2026/07/28 11:05:07.535, 1, NVIDIA H200, 4, 143771, 0, 83.49
2026/07/28 11:05:07.540, 2, NVIDIA H200, 4, 143771, 0, 78.94
2026/07/28 11:05:07.543, 3, NVIDIA H200, 4, 143771, 0, 80.15
2026/07/28 11:05:07.546, 4, NVIDIA H200, 4, 143771, 0, 80.25
2026/07/28 11:05:07.552, 5, NVIDIA H200, 4, 143771, 0, 82.19
2026/07/28 11:05:07.556, 6, NVIDIA H200, 4, 143771, 0, 80.34
2026/07/28 11:05:07.559, 7, NVIDIA H200, 4, 143771, 0, 79.44
2026/07/28 11:05:09.563, 0, NVIDIA H200, 4, 143771, 0, 79.68
2026/07/28 11:05:09.563, 1, NVIDIA H200, 4, 143771, 0, 83.49
2026/07/28 11:05:09.563, 2, NVIDIA H200, 4, 143771, 0, 78.97
2026/07/28 11:05:09.563, 3, NVIDIA H200, 4, 143771, 0, 80.14
2026/07/28 11:05:09.563, 4, NVIDIA H200, 4, 143771, 0, 80.29
2026/07/28 11:05:09.563, 5, NVIDIA H200, 4, 143771, 0, 82.19
2026/07/28 11:05:09.563, 6, NVIDIA H200, 4, 143771, 0, 80.35
2026/07/28 11:05:09.563, 7, NVIDIA H200, 4, 143771, 0, 79.44
2026/07/28 11:05:11.563, 0, NVIDIA H200, 4, 143771, 0, 79.65
2026/07/28 11:05:11.564, 1, NVIDIA H200, 4, 143771, 0, 83.54
2026/07/28 11:05:11.564, 2, NVIDIA H200, 4, 143771, 0, 78.97
2026/07/28 11:05:11.564, 3, NVIDIA H200, 4, 143771, 0, 80.15
2026/07/28 11:05:11.564, 4, NVIDIA H200, 4, 143771, 0, 80.27
2026/07/28 11:05:11.564, 5, NVIDIA H200, 4, 143771, 0, 82.22
2026/07/28 11:05:11.564, 6, NVIDIA H200, 4, 143771, 0, 80.33
2026/07/28 11:05:11.564, 7, NVIDIA H200, 4, 143771, 0, 79.47
2026/07/28 11:05:13.564, 0, NVIDIA H200, 4, 143771, 0, 79.64
2026/07/28 11:05:13.564, 1, NVIDIA H200, 4, 143771, 0, 83.53
2026/07/28 11:05:13.564, 2, NVIDIA H200, 4, 143771, 0, 78.96
2026/07/28 11:05:13.564, 3, NVIDIA H200, 4, 143771, 0, 80.15
2026/07/28 11:05:13.564, 4, NVIDIA H200, 4, 143771, 0, 80.27
2026/07/28 11:05:13.564, 5, NVIDIA H200, 4, 143771, 0, 82.26
2026/07/28 11:05:13.564, 6, NVIDIA H200, 4, 143771, 0, 80.33
2026/07/28 11:05:13.564, 7, NVIDIA H200, 4, 143771, 0, 79.49
2026/07/28 11:05:15.564, 0, NVIDIA H200, 4, 143771, 0, 79.60
2026/07/28 11:05:15.565, 1, NVIDIA H200, 4, 143771, 0, 83.55
2026/07/28 11:05:15.565, 2, NVIDIA H200, 4, 143771, 0, 78.94
2026/07/28 11:05:15.565, 3, NVIDIA H200, 4, 143771, 0, 80.12
2026/07/28 11:05:15.565, 4, NVIDIA H200, 4, 143771, 0, 80.23
2026/07/28 11:05:15.565, 5, NVIDIA H200, 4, 143771, 0, 82.18
2026/07/28 11:05:15.565, 6, NVIDIA H200, 4, 143771, 0, 80.33
2026/07/28 11:05:15.565, 7, NVIDIA H200, 4, 143771, 0, 79.38
2026/07/28 11:05:17.565, 0, NVIDIA H200, 4, 143771, 0, 79.64
2026/07/28 11:05:17.565, 1, NVIDIA H200, 4, 143771, 0, 83.55
2026/07/28 11:05:17.565, 2, NVIDIA H200, 4, 143771, 0, 78.96
2026/07/28 11:05:17.565, 3, NVIDIA H200, 4, 143771, 0, 80.13
2026/07/28 11:05:17.565, 4, NVIDIA H200, 4, 143771, 0, 80.24
2026/07/28 11:05:17.565, 5, NVIDIA H200, 4, 143771, 0, 82.26
2026/07/28 11:05:17.565, 6, NVIDIA H200, 4, 143771, 0, 80.37
2026/07/28 11:05:17.565, 7, NVIDIA H200, 4, 143771, 0, 79.46
2026/07/28 11:05:19.565, 0, NVIDIA H200, 4, 143771, 0, 79.60
2026/07/28 11:05:19.566, 1, NVIDIA H200, 4, 143771, 0, 83.48
2026/07/28 11:05:19.566, 2, NVIDIA H200, 4, 143771, 0, 78.97
2026/07/28 11:05:19.566, 3, NVIDIA H200, 4, 143771, 0, 80.09
2026/07/28 11:05:19.566, 4, NVIDIA H200, 4, 143771, 0, 80.30
2026/07/28 11:05:19.566, 5, NVIDIA H200, 4, 143771, 0, 82.21
2026/07/28 11:05:19.566, 6, NVIDIA H200, 4, 143771, 0, 80.33
2026/07/28 11:05:19.566, 7, NVIDIA H200, 4, 143771, 0, 79.43
2026/07/28 11:05:21.566, 0, NVIDIA H200, 4, 143771, 0, 79.60
2026/07/28 11:05:21.566, 1, NVIDIA H200, 4, 143771, 0, 83.47
2026/07/28 11:05:21.566, 2, NVIDIA H200, 4, 143771, 0, 78.95
2026/07/28 11:05:21.566, 3, NVIDIA H200, 4, 143771, 0, 80.09
2026/07/28 11:05:21.566, 4, NVIDIA H200, 4, 143771, 0, 80.25
2026/07/28 11:05:21.566, 5, NVIDIA H200, 4, 143771, 0, 82.26
2026/07/28 11:05:21.566, 6, NVIDIA H200, 4, 143771, 0, 80.33
2026/07/28 11:05:21.566, 7, NVIDIA H200, 4, 143771, 0, 79.47
2026/07/28 11:05:23.566, 0, NVIDIA H200, 4, 143771, 0, 79.56
2026/07/28 11:05:23.566, 1, NVIDIA H200, 4, 143771, 0, 83.47
2026/07/28 11:05:23.567, 2, NVIDIA H200, 4, 143771, 0, 78.93
2026/07/28 11:05:23.567, 3, NVIDIA H200, 4, 143771, 0, 80.08
2026/07/28 11:05:23.567, 4, NVIDIA H200, 4, 143771, 0, 80.26
2026/07/28 11:05:23.567, 5, NVIDIA H200, 4, 143771, 0, 82.19
2026/07/28 11:05:23.567, 6, NVIDIA H200, 4, 143771, 0, 80.30
2026/07/28 11:05:23.567, 7, NVIDIA H200, 4, 143771, 0, 79.49
2026/07/28 11:05:25.567, 0, NVIDIA H200, 4, 143771, 0, 79.61
2026/07/28 11:05:25.567, 1, NVIDIA H200, 4, 143771, 0, 83.52
2026/07/28 11:05:25.567, 2, NVIDIA H200, 4, 143771, 0, 78.97
2026/07/28 11:05:25.567, 3, NVIDIA H200, 4, 143771, 0, 80.07
2026/07/28 11:05:25.567, 4, NVIDIA H200, 4, 143771, 0, 80.25
2026/07/28 11:05:25.567, 5, NVIDIA H200, 4, 143771, 0, 82.28
2026/07/28 11:05:25.567, 6, NVIDIA H200, 4, 143771, 0, 80.27
2026/07/28 11:05:25.567, 7, NVIDIA H200, 4, 143771, 0, 79.47
2026/07/28 11:05:27.567, 0, NVIDIA H200, 4, 143771, 0, 79.58
2026/07/28 11:05:27.574, 1, NVIDIA H200, 4, 143771, 0, 83.52
2026/07/28 11:05:27.580, 2, NVIDIA H200, 4, 143771, 0, 78.93
2026/07/28 11:05:27.584, 3, NVIDIA H200, 4, 143771, 0, 80.04
2026/07/28 11:05:27.592, 4, NVIDIA H200, 4, 143771, 0, 80.26
2026/07/28 11:05:27.598, 5, NVIDIA H200, 4, 143771, 0, 82.21
2026/07/28 11:05:27.598, 6, NVIDIA H200, 4, 143771, 0, 80.29
2026/07/28 11:05:27.605, 7, NVIDIA H200, 4, 143771, 0, 79.48
2026/07/28 11:05:29.607, 0, NVIDIA H200, 4, 143771, 0, 79.62
2026/07/28 11:05:29.608, 1, NVIDIA H200, 4, 143771, 0, 83.54
2026/07/28 11:05:29.613, 2, NVIDIA H200, 4, 143771, 0, 78.96
2026/07/28 11:05:29.613, 3, NVIDIA H200, 4, 143771, 0, 80.05
2026/07/28 11:05:29.613, 4, NVIDIA H200, 4, 143771, 0, 80.23
2026/07/28 11:05:29.613, 5, NVIDIA H200, 4, 143771, 0, 82.22
2026/07/28 11:05:29.613, 6, NVIDIA H200, 4, 143771, 0, 80.29
2026/07/28 11:05:29.613, 7, NVIDIA H200, 4, 143771, 0, 79.47
2026/07/28 11:05:31.614, 0, NVIDIA H200, 4, 143771, 0, 79.58
2026/07/28 11:05:31.614, 1, NVIDIA H200, 4, 143771, 0, 83.50
2026/07/28 11:05:31.614, 2, NVIDIA H200, 4, 143771, 0, 78.95
2026/07/28 11:05:31.614, 3, NVIDIA H200, 4, 143771, 0, 80.00
2026/07/28 11:05:31.614, 4, NVIDIA H200, 4, 143771, 0, 80.22
2026/07/28 11:05:31.614, 5, NVIDIA H200, 4, 143771, 0, 82.19
2026/07/28 11:05:31.614, 6, NVIDIA H200, 4, 143771, 0, 80.29
2026/07/28 11:05:31.614, 7, NVIDIA H200, 4, 143771, 0, 79.48
2026/07/28 11:05:33.614, 0, NVIDIA H200, 4, 143771, 0, 79.54
2026/07/28 11:05:33.614, 1, NVIDIA H200, 4, 143771, 0, 83.49
2026/07/28 11:05:33.614, 2, NVIDIA H200, 4, 143771, 0, 78.93
2026/07/28 11:05:33.614, 3, NVIDIA H200, 4, 143771, 0, 80.00
2026/07/28 11:05:33.614, 4, NVIDIA H200, 4, 143771, 0, 80.20
2026/07/28 11:05:33.614, 5, NVIDIA H200, 4, 143771, 0, 82.16
2026/07/28 11:05:33.614, 6, NVIDIA H200, 4, 143771, 0, 80.27
2026/07/28 11:05:33.614, 7, NVIDIA H200, 4, 143771, 0, 79.46
2026/07/28 11:05:35.615, 0, NVIDIA H200, 4, 143771, 0, 79.57
2026/07/28 11:05:35.615, 1, NVIDIA H200, 4, 143771, 0, 83.45
2026/07/28 11:05:35.615, 2, NVIDIA H200, 4, 143771, 0, 78.93
2026/07/28 11:05:35.615, 3, NVIDIA H200, 4, 143771, 0, 80.04
2026/07/28 11:05:35.615, 4, NVIDIA H200, 4, 143771, 0, 80.19
2026/07/28 11:05:35.615, 5, NVIDIA H200, 4, 143771, 0, 82.19
2026/07/28 11:05:35.615, 6, NVIDIA H200, 4, 143771, 0, 80.26
2026/07/28 11:05:35.615, 7, NVIDIA H200, 4, 143771, 0, 79.44
2026/07/28 11:05:37.615, 0, NVIDIA H200, 4, 143771, 0, 79.55
2026/07/28 11:05:37.615, 1, NVIDIA H200, 4, 143771, 0, 83.50
2026/07/28 11:05:37.615, 2, NVIDIA H200, 4, 143771, 0, 78.93
2026/07/28 11:05:37.615, 3, NVIDIA H200, 4, 143771, 0, 80.03
2026/07/28 11:05:37.615, 4, NVIDIA H200, 4, 143771, 0, 80.23
2026/07/28 11:05:37.615, 5, NVIDIA H200, 4, 143771, 0, 82.18
2026/07/28 11:05:37.615, 6, NVIDIA H200, 4, 143771, 0, 80.24
2026/07/28 11:05:37.615, 7, NVIDIA H200, 4, 143771, 0, 79.43
2026/07/28 11:05:39.616, 0, NVIDIA H200, 4, 143771, 0, 79.54
2026/07/28 11:05:39.616, 1, NVIDIA H200, 4, 143771, 0, 83.51
2026/07/28 11:05:39.616, 2, NVIDIA H200, 532, 143771, 0, 114.61
2026/07/28 11:05:39.616, 3, NVIDIA H200, 4, 143771, 0, 80.00
2026/07/28 11:05:39.616, 4, NVIDIA H200, 4, 143771, 0, 80.23
2026/07/28 11:05:39.616, 5, NVIDIA H200, 4, 143771, 0, 82.30
2026/07/28 11:05:39.616, 6, NVIDIA H200, 4, 143771, 0, 80.22
2026/07/28 11:05:39.616, 7, NVIDIA H200, 4, 143771, 0, 79.46
2026/07/28 11:05:41.616, 0, NVIDIA H200, 23, 143771, 0, 85.72
2026/07/28 11:05:41.622, 1, NVIDIA H200, 23, 143771, 0, 89.63
2026/07/28 11:05:41.628, 2, NVIDIA H200, 532, 143771, 0, 121.12
2026/07/28 11:05:41.630, 3, NVIDIA H200, 23, 143771, 0, 87.60
2026/07/28 11:05:41.635, 4, NVIDIA H200, 4, 143771, 0, 80.20
2026/07/28 11:05:41.638, 5, NVIDIA H200, 532, 143771, 0, 106.91
2026/07/28 11:05:41.639, 6, NVIDIA H200, 532, 143771, 0, 99.70
2026/07/28 11:05:41.641, 7, NVIDIA H200, 4, 143771, 0, 79.41
2026/07/28 11:05:43.644, 0, NVIDIA H200, 532, 143771, 0, 124.04
2026/07/28 11:05:43.646, 1, NVIDIA H200, 626, 143771, 0, 133.30
2026/07/28 11:05:43.648, 2, NVIDIA H200, 532, 143771, 0, 121.12
2026/07/28 11:05:43.650, 3, NVIDIA H200, 626, 143771, 0, 123.82
2026/07/28 11:05:43.651, 4, NVIDIA H200, 726, 143771, 0, 126.26
2026/07/28 11:05:43.653, 5, NVIDIA H200, 726, 143771, 2, 124.53
2026/07/28 11:05:43.655, 6, NVIDIA H200, 726, 143771, 4, 123.35
2026/07/28 11:05:43.657, 7, NVIDIA H200, 726, 143771, 0, 121.67
2026/07/28 11:05:45.659, 0, NVIDIA H200, 1968, 143771, 0, 124.71
2026/07/28 11:05:45.659, 1, NVIDIA H200, 2016, 143771, 0, 134.03
2026/07/28 11:05:45.659, 2, NVIDIA H200, 2016, 143771, 0, 122.05
2026/07/28 11:05:45.659, 3, NVIDIA H200, 1776, 143771, 0, 124.76
2026/07/28 11:05:45.659, 4, NVIDIA H200, 1968, 143771, 0, 126.79
2026/07/28 11:05:45.659, 5, NVIDIA H200, 2016, 143771, 0, 124.91
2026/07/28 11:05:45.659, 6, NVIDIA H200, 2016, 143771, 0, 123.97
2026/07/28 11:05:45.659, 7, NVIDIA H200, 1776, 143771, 0, 122.41
2026/07/28 11:05:47.659, 0, NVIDIA H200, 18870, 143771, 8, 125.75
2026/07/28 11:05:47.659, 1, NVIDIA H200, 18918, 143771, 8, 134.40
2026/07/28 11:05:47.659, 2, NVIDIA H200, 18918, 143771, 8, 122.18
2026/07/28 11:05:47.659, 3, NVIDIA H200, 18678, 143771, 8, 124.89
2026/07/28 11:05:47.660, 4, NVIDIA H200, 18870, 143771, 8, 127.29
2026/07/28 11:05:47.660, 5, NVIDIA H200, 18918, 143771, 8, 125.50
2026/07/28 11:05:47.660, 6, NVIDIA H200, 18918, 143771, 8, 124.38
2026/07/28 11:05:47.660, 7, NVIDIA H200, 18678, 143771, 8, 122.67
2026/07/28 11:05:49.660, 0, NVIDIA H200, 18870, 143771, 8, 125.74
2026/07/28 11:05:49.660, 1, NVIDIA H200, 18918, 143771, 6, 134.41
2026/07/28 11:05:49.660, 2, NVIDIA H200, 18918, 143771, 8, 122.21
2026/07/28 11:05:49.660, 3, NVIDIA H200, 18678, 143771, 8, 124.88
2026/07/28 11:05:49.660, 4, NVIDIA H200, 18870, 143771, 4, 127.27
2026/07/28 11:05:49.660, 5, NVIDIA H200, 18918, 143771, 11, 125.46
2026/07/28 11:05:49.660, 6, NVIDIA H200, 18918, 143771, 4, 124.35
2026/07/28 11:05:49.660, 7, NVIDIA H200, 18678, 143771, 3, 122.71
2026/07/28 11:05:51.660, 0, NVIDIA H200, 18870, 143771, 4, 125.50
2026/07/28 11:05:51.660, 1, NVIDIA H200, 18918, 143771, 4, 134.18
2026/07/28 11:05:51.660, 2, NVIDIA H200, 18918, 143771, 4, 121.96
2026/07/28 11:05:51.661, 3, NVIDIA H200, 18678, 143771, 4, 124.58
2026/07/28 11:05:51.661, 4, NVIDIA H200, 18870, 143771, 3, 126.97
2026/07/28 11:05:51.661, 5, NVIDIA H200, 18918, 143771, 3, 125.11
2026/07/28 11:05:51.661, 6, NVIDIA H200, 18918, 143771, 3, 123.99
2026/07/28 11:05:51.661, 7, NVIDIA H200, 18678, 143771, 3, 122.34
2026/07/28 11:05:53.661, 0, NVIDIA H200, 18870, 143771, 5, 125.57
2026/07/28 11:05:53.661, 1, NVIDIA H200, 18918, 143771, 6, 134.26
2026/07/28 11:05:53.661, 2, NVIDIA H200, 19112, 143771, 5, 122.03
2026/07/28 11:05:53.661, 3, NVIDIA H200, 18872, 143771, 4, 124.66
2026/07/28 11:05:53.661, 4, NVIDIA H200, 18870, 143771, 6, 127.11
2026/07/28 11:05:53.661, 5, NVIDIA H200, 18918, 143771, 5, 125.18
2026/07/28 11:05:53.661, 6, NVIDIA H200, 18918, 143771, 5, 124.20
2026/07/28 11:05:53.661, 7, NVIDIA H200, 18678, 143771, 6, 122.43
2026/07/28 11:05:55.661, 0, NVIDIA H200, 58620, 143771, 0, 128.65
2026/07/28 11:05:55.662, 1, NVIDIA H200, 58668, 143771, 0, 137.39
2026/07/28 11:05:55.662, 2, NVIDIA H200, 58668, 143771, 6, 125.45
2026/07/28 11:05:55.662, 3, NVIDIA H200, 58428, 143771, 11, 127.20
2026/07/28 11:05:55.662, 4, NVIDIA H200, 58758, 143771, 1, 130.08
2026/07/28 11:05:55.662, 5, NVIDIA H200, 58806, 143771, 11, 128.24
2026/07/28 11:05:55.662, 6, NVIDIA H200, 58806, 143771, 0, 127.64
2026/07/28 11:05:55.662, 7, NVIDIA H200, 58566, 143771, 0, 125.18
2026/07/28 11:05:57.663, 0, NVIDIA H200, 61161, 143771, 5, 126.14
2026/07/28 11:05:57.664, 1, NVIDIA H200, 61305, 143771, 5, 134.77
2026/07/28 11:05:57.664, 2, NVIDIA H200, 61305, 143771, 1, 123.14
2026/07/28 11:05:57.665, 3, NVIDIA H200, 60585, 143771, 1, 125.58
2026/07/28 11:05:57.665, 4, NVIDIA H200, 58858, 143771, 0, 126.80
2026/07/28 11:05:57.665, 5, NVIDIA H200, 58906, 143771, 0, 124.98
2026/07/28 11:05:57.666, 6, NVIDIA H200, 58906, 143771, 0, 123.80
2026/07/28 11:05:57.666, 7, NVIDIA H200, 58666, 143771, 0, 122.10
2026/07/28 11:05:59.666, 0, NVIDIA H200, 61801, 143771, 0, 124.65
2026/07/28 11:05:59.666, 1, NVIDIA H200, 61945, 143771, 0, 133.96
2026/07/28 11:05:59.666, 2, NVIDIA H200, 61945, 143771, 0, 121.61
2026/07/28 11:05:59.667, 3, NVIDIA H200, 61225, 143771, 0, 124.31
2026/07/28 11:05:59.667, 4, NVIDIA H200, 58992, 143771, 0, 126.83
2026/07/28 11:05:59.667, 5, NVIDIA H200, 59040, 143771, 0, 124.95
2026/07/28 11:05:59.667, 6, NVIDIA H200, 59040, 143771, 0, 123.84
2026/07/28 11:05:59.667, 7, NVIDIA H200, 58800, 143771, 0, 122.14
2026/07/28 11:06:01.667, 0, NVIDIA H200, 61839, 143771, 0, 126.14
2026/07/28 11:06:01.667, 1, NVIDIA H200, 61983, 143771, 0, 135.52
2026/07/28 11:06:01.667, 2, NVIDIA H200, 61983, 143771, 0, 123.34
2026/07/28 11:06:01.667, 3, NVIDIA H200, 61263, 143771, 0, 125.96
2026/07/28 11:06:01.667, 4, NVIDIA H200, 59030, 143771, 0, 129.12
2026/07/28 11:06:01.667, 5, NVIDIA H200, 59044, 143771, 0, 126.61
2026/07/28 11:06:01.667, 6, NVIDIA H200, 59078, 143771, 0, 125.68
2026/07/28 11:06:01.667, 7, NVIDIA H200, 58838, 143771, 0, 123.82
2026/07/28 11:06:03.667, 0, NVIDIA H200, 61919, 143771, 0, 129.91
2026/07/28 11:06:03.671, 1, NVIDIA H200, 62063, 143771, 0, 139.72
2026/07/28 11:06:03.675, 2, NVIDIA H200, 62063, 143771, 0, 125.36
2026/07/28 11:06:03.678, 3, NVIDIA H200, 61343, 143771, 0, 129.76
2026/07/28 11:06:03.683, 4, NVIDIA H200, 59092, 143771, 0, 127.18
2026/07/28 11:06:03.685, 5, NVIDIA H200, 59140, 143771, 0, 125.43
2026/07/28 11:06:03.688, 6, NVIDIA H200, 59140, 143771, 0, 124.11
2026/07/28 11:06:03.741, 7, NVIDIA H200, 58900, 143771, 0, 122.86
2026/07/28 11:06:05.747, 0, NVIDIA H200, 19873, 143771, 8, 125.74
2026/07/28 11:06:05.747, 1, NVIDIA H200, 19843, 143771, 11, 135.06
2026/07/28 11:06:05.747, 2, NVIDIA H200, 19941, 143771, 8, 122.56
2026/07/28 11:06:05.747, 3, NVIDIA H200, 19417, 143771, 10, 125.39
2026/07/28 11:06:05.747, 4, NVIDIA H200, 17462, 143771, 6, 127.84
2026/07/28 11:06:05.747, 5, NVIDIA H200, 17430, 143771, 7, 125.96
2026/07/28 11:06:05.747, 6, NVIDIA H200, 17566, 143771, 4, 124.91
2026/07/28 11:06:05.747, 7, NVIDIA H200, 17178, 143771, 10, 123.04
2026/07/28 11:06:07.747, 0, NVIDIA H200, 14945, 143771, 4, 125.75
2026/07/28 11:06:07.748, 1, NVIDIA H200, 15177, 143771, 8, 134.86
2026/07/28 11:06:07.748, 2, NVIDIA H200, 15283, 143771, 7, 122.61
2026/07/28 11:06:07.748, 3, NVIDIA H200, 14575, 143771, 4, 125.27
2026/07/28 11:06:07.749, 4, NVIDIA H200, 13143, 143771, 9, 127.86
2026/07/28 11:06:07.753, 5, NVIDIA H200, 13097, 143771, 5, 125.97
2026/07/28 11:06:07.753, 6, NVIDIA H200, 13177, 143771, 7, 124.85
2026/07/28 11:06:07.753, 7, NVIDIA H200, 12851, 143771, 5, 123.16
2026/07/28 11:06:09.753, 0, NVIDIA H200, 10297, 143771, 7, 125.60
2026/07/28 11:06:09.756, 1, NVIDIA H200, 10363, 143771, 8, 134.99
2026/07/28 11:06:09.756, 2, NVIDIA H200, 10609, 143771, 11, 122.55
2026/07/28 11:06:09.757, 3, NVIDIA H200, 9893, 143771, 8, 125.35
2026/07/28 11:06:09.757, 4, NVIDIA H200, 8939, 143771, 5, 127.89
2026/07/28 11:06:09.758, 5, NVIDIA H200, 8915, 143771, 4, 126.02
2026/07/28 11:06:09.759, 6, NVIDIA H200, 8975, 143771, 6, 124.76
2026/07/28 11:06:09.759, 7, NVIDIA H200, 8217, 143771, 9, 123.18
2026/07/28 11:06:11.759, 0, NVIDIA H200, 6005, 143771, 10, 125.76
2026/07/28 11:06:11.760, 1, NVIDIA H200, 6147, 143771, 8, 135.14
2026/07/28 11:06:11.760, 2, NVIDIA H200, 6405, 143771, 6, 122.51
2026/07/28 11:06:11.760, 3, NVIDIA H200, 5557, 143771, 7, 125.35
2026/07/28 11:06:11.760, 4, NVIDIA H200, 4743, 143771, 6, 128.01
2026/07/28 11:06:11.760, 5, NVIDIA H200, 5207, 143771, 7, 125.81
2026/07/28 11:06:11.760, 6, NVIDIA H200, 5121, 143771, 7, 124.76
2026/07/28 11:06:11.760, 7, NVIDIA H200, 4205, 143771, 6, 123.05
2026/07/28 11:06:13.760, 0, NVIDIA H200, 6007, 143771, 0, 124.93
2026/07/28 11:06:13.760, 1, NVIDIA H200, 6151, 143771, 0, 134.22
2026/07/28 11:06:13.760, 2, NVIDIA H200, 6151, 143771, 0, 121.77
2026/07/28 11:06:13.760, 3, NVIDIA H200, 5431, 143771, 0, 124.54
2026/07/28 11:06:13.760, 4, NVIDIA H200, 3167, 143771, 0, 127.21
2026/07/28 11:06:13.760, 5, NVIDIA H200, 3215, 143771, 0, 125.31
2026/07/28 11:06:13.760, 6, NVIDIA H200, 3215, 143771, 0, 124.16
2026/07/28 11:06:13.760, 7, NVIDIA H200, 2975, 143771, 0, 122.31
2026/07/28 11:06:15.761, 0, NVIDIA H200, 6007, 143771, 0, 124.94
2026/07/28 11:06:15.761, 1, NVIDIA H200, 6151, 143771, 0, 134.26
2026/07/28 11:06:15.761, 2, NVIDIA H200, 6151, 143771, 0, 121.79
2026/07/28 11:06:15.761, 3, NVIDIA H200, 5431, 143771, 0, 124.48
2026/07/28 11:06:15.761, 4, NVIDIA H200, 3167, 143771, 0, 127.22
2026/07/28 11:06:15.761, 5, NVIDIA H200, 3215, 143771, 0, 125.21
2026/07/28 11:06:15.761, 6, NVIDIA H200, 3215, 143771, 0, 124.16
2026/07/28 11:06:15.761, 7, NVIDIA H200, 2975, 143771, 0, 122.33
2026/07/28 11:06:17.761, 0, NVIDIA H200, 6007, 143771, 0, 124.97
2026/07/28 11:06:17.761, 1, NVIDIA H200, 6151, 143771, 0, 134.29
2026/07/28 11:06:17.761, 2, NVIDIA H200, 6151, 143771, 0, 121.78
2026/07/28 11:06:17.761, 3, NVIDIA H200, 5431, 143771, 0, 124.52
2026/07/28 11:06:17.761, 4, NVIDIA H200, 3167, 143771, 0, 127.25
2026/07/28 11:06:17.761, 5, NVIDIA H200, 3215, 143771, 0, 125.34
2026/07/28 11:06:17.761, 6, NVIDIA H200, 3215, 143771, 0, 124.18
2026/07/28 11:06:17.761, 7, NVIDIA H200, 2975, 143771, 0, 122.35
2026/07/28 11:06:19.762, 0, NVIDIA H200, 6007, 143771, 0, 125.07
2026/07/28 11:06:19.762, 1, NVIDIA H200, 6151, 143771, 0, 134.31
2026/07/28 11:06:19.762, 2, NVIDIA H200, 6151, 143771, 0, 121.79
2026/07/28 11:06:19.762, 3, NVIDIA H200, 5431, 143771, 0, 124.57
2026/07/28 11:06:19.762, 4, NVIDIA H200, 3167, 143771, 0, 127.29
2026/07/28 11:06:19.762, 5, NVIDIA H200, 3215, 143771, 0, 125.27
2026/07/28 11:06:19.762, 6, NVIDIA H200, 3215, 143771, 0, 124.21
2026/07/28 11:06:19.762, 7, NVIDIA H200, 2975, 143771, 0, 122.36
2026/07/28 11:06:21.762, 0, NVIDIA H200, 6007, 143771, 0, 125.08
2026/07/28 11:06:21.762, 1, NVIDIA H200, 6151, 143771, 0, 134.32
2026/07/28 11:06:21.762, 2, NVIDIA H200, 6151, 143771, 0, 121.82
2026/07/28 11:06:21.762, 3, NVIDIA H200, 5431, 143771, 0, 124.64
2026/07/28 11:06:21.762, 4, NVIDIA H200, 3167, 143771, 0, 127.34
2026/07/28 11:06:21.762, 5, NVIDIA H200, 3215, 143771, 0, 125.35
2026/07/28 11:06:21.762, 6, NVIDIA H200, 3215, 143771, 0, 124.26
2026/07/28 11:06:21.763, 7, NVIDIA H200, 2975, 143771, 0, 122.41
2026/07/28 11:06:23.763, 0, NVIDIA H200, 6007, 143771, 0, 125.14
2026/07/28 11:06:23.763, 1, NVIDIA H200, 6151, 143771, 0, 134.36
2026/07/28 11:06:23.763, 2, NVIDIA H200, 6151, 143771, 0, 121.82
2026/07/28 11:06:23.763, 3, NVIDIA H200, 5431, 143771, 0, 124.70
2026/07/28 11:06:23.763, 4, NVIDIA H200, 3167, 143771, 0, 127.34
2026/07/28 11:06:23.763, 5, NVIDIA H200, 3215, 143771, 0, 125.31
2026/07/28 11:06:23.763, 6, NVIDIA H200, 3215, 143771, 0, 124.29
2026/07/28 11:06:23.763, 7, NVIDIA H200, 2975, 143771, 0, 122.38
2026/07/28 11:06:25.763, 0, NVIDIA H200, 6007, 143771, 0, 125.21
2026/07/28 11:06:25.763, 1, NVIDIA H200, 6151, 143771, 0, 134.37
2026/07/28 11:06:25.763, 2, NVIDIA H200, 6151, 143771, 0, 121.86
2026/07/28 11:06:25.763, 3, NVIDIA H200, 5431, 143771, 0, 124.88
2026/07/28 11:06:25.763, 4, NVIDIA H200, 3167, 143771, 0, 127.43
2026/07/28 11:06:25.763, 5, NVIDIA H200, 3215, 143771, 0, 125.35
2026/07/28 11:06:25.764, 6, NVIDIA H200, 3215, 143771, 0, 124.31
2026/07/28 11:06:25.764, 7, NVIDIA H200, 2975, 143771, 0, 122.42
2026/07/28 11:06:27.764, 0, NVIDIA H200, 6007, 143771, 0, 125.26
2026/07/28 11:06:27.766, 1, NVIDIA H200, 6151, 143771, 0, 134.39
2026/07/28 11:06:27.767, 2, NVIDIA H200, 6151, 143771, 0, 121.88
2026/07/28 11:06:27.771, 3, NVIDIA H200, 5431, 143771, 0, 124.88
2026/07/28 11:06:27.771, 4, NVIDIA H200, 3167, 143771, 0, 127.44
2026/07/28 11:06:27.771, 5, NVIDIA H200, 3215, 143771, 0, 125.38
2026/07/28 11:06:27.771, 6, NVIDIA H200, 3215, 143771, 0, 124.38
2026/07/28 11:06:27.771, 7, NVIDIA H200, 2975, 143771, 0, 122.43
2026/07/28 11:06:29.772, 0, NVIDIA H200, 6007, 143771, 0, 125.24
2026/07/28 11:06:29.772, 1, NVIDIA H200, 6151, 143771, 0, 134.38
2026/07/28 11:06:29.772, 2, NVIDIA H200, 6151, 143771, 0, 121.94
2026/07/28 11:06:29.772, 3, NVIDIA H200, 5431, 143771, 0, 124.87
2026/07/28 11:06:29.772, 4, NVIDIA H200, 3167, 143771, 0, 127.48
2026/07/28 11:06:29.772, 5, NVIDIA H200, 3215, 143771, 0, 125.40
2026/07/28 11:06:29.772, 6, NVIDIA H200, 3215, 143771, 0, 124.38
2026/07/28 11:06:29.772, 7, NVIDIA H200, 2975, 143771, 0, 122.49
2026/07/28 11:06:31.772, 0, NVIDIA H200, 6533, 143771, 0, 125.29
2026/07/28 11:06:31.772, 1, NVIDIA H200, 6151, 143771, 0, 134.46
2026/07/28 11:06:31.772, 2, NVIDIA H200, 6151, 143771, 0, 121.86
2026/07/28 11:06:31.772, 3, NVIDIA H200, 5431, 143771, 0, 124.78
2026/07/28 11:06:31.772, 4, NVIDIA H200, 3167, 143771, 0, 127.50
2026/07/28 11:06:31.772, 5, NVIDIA H200, 3215, 143771, 0, 125.48
2026/07/28 11:06:31.772, 6, NVIDIA H200, 3215, 143771, 0, 124.44
2026/07/28 11:06:31.772, 7, NVIDIA H200, 2975, 143771, 0, 122.49
2026/07/28 11:06:33.773, 0, NVIDIA H200, 6533, 143771, 0, 125.37
2026/07/28 11:06:33.775, 1, NVIDIA H200, 6151, 143771, 0, 134.51
2026/07/28 11:06:33.775, 2, NVIDIA H200, 6151, 143771, 0, 121.96
2026/07/28 11:06:33.777, 3, NVIDIA H200, 5431, 143771, 0, 124.75
2026/07/28 11:06:33.784, 4, NVIDIA H200, 3167, 143771, 0, 127.61
2026/07/28 11:06:33.787, 5, NVIDIA H200, 3215, 143771, 0, 125.49
2026/07/28 11:06:33.787, 6, NVIDIA H200, 3215, 143771, 0, 124.54
2026/07/28 11:06:33.788, 7, NVIDIA H200, 2975, 143771, 0, 122.56
2026/07/28 11:06:35.790, 0, NVIDIA H200, 6534, 143771, 0, 125.37
2026/07/28 11:06:35.791, 1, NVIDIA H200, 6151, 143771, 0, 134.44
2026/07/28 11:06:35.791, 2, NVIDIA H200, 6151, 143771, 0, 121.93
2026/07/28 11:06:35.791, 3, NVIDIA H200, 5431, 143771, 0, 124.65
2026/07/28 11:06:35.791, 4, NVIDIA H200, 3167, 143771, 0, 127.59
2026/07/28 11:06:35.791, 5, NVIDIA H200, 3215, 143771, 0, 125.54
2026/07/28 11:06:35.791, 6, NVIDIA H200, 3215, 143771, 0, 124.45
2026/07/28 11:06:35.791, 7, NVIDIA H200, 2975, 143771, 0, 122.50
2026/07/28 11:06:37.791, 0, NVIDIA H200, 6534, 143771, 0, 125.39
2026/07/28 11:06:37.791, 1, NVIDIA H200, 6151, 143771, 0, 134.46
2026/07/28 11:06:37.791, 2, NVIDIA H200, 6151, 143771, 0, 121.94
2026/07/28 11:06:37.791, 3, NVIDIA H200, 5431, 143771, 0, 124.65
2026/07/28 11:06:37.791, 4, NVIDIA H200, 3167, 143771, 0, 127.62
2026/07/28 11:06:37.791, 5, NVIDIA H200, 3215, 143771, 0, 125.41
2026/07/28 11:06:37.791, 6, NVIDIA H200, 3215, 143771, 0, 124.48
2026/07/28 11:06:37.791, 7, NVIDIA H200, 2975, 143771, 0, 122.51
2026/07/28 11:06:39.791, 0, NVIDIA H200, 6534, 143771, 0, 125.42
2026/07/28 11:06:39.792, 1, NVIDIA H200, 6151, 143771, 0, 134.51
2026/07/28 11:06:39.792, 2, NVIDIA H200, 6151, 143771, 0, 121.95
2026/07/28 11:06:39.792, 3, NVIDIA H200, 5431, 143771, 0, 124.74
2026/07/28 11:06:39.792, 4, NVIDIA H200, 3167, 143771, 0, 127.67
2026/07/28 11:06:39.792, 5, NVIDIA H200, 3215, 143771, 0, 125.55
2026/07/28 11:06:39.792, 6, NVIDIA H200, 3215, 143771, 0, 124.48
2026/07/28 11:06:39.792, 7, NVIDIA H200, 2975, 143771, 0, 122.54
2026/07/28 11:06:41.792, 0, NVIDIA H200, 6534, 143771, 0, 125.49
2026/07/28 11:06:41.792, 1, NVIDIA H200, 6151, 143771, 0, 134.54
2026/07/28 11:06:41.792, 2, NVIDIA H200, 6151, 143771, 0, 121.97
2026/07/28 11:06:41.792, 3, NVIDIA H200, 5431, 143771, 0, 124.82
2026/07/28 11:06:41.792, 4, NVIDIA H200, 3167, 143771, 0, 127.68
2026/07/28 11:06:41.792, 5, NVIDIA H200, 3215, 143771, 0, 125.45
2026/07/28 11:06:41.792, 6, NVIDIA H200, 3215, 143771, 0, 124.55
2026/07/28 11:06:41.792, 7, NVIDIA H200, 2975, 143771, 0, 122.59
2026/07/28 11:06:43.792, 0, NVIDIA H200, 6534, 143771, 0, 125.53
2026/07/28 11:06:43.793, 1, NVIDIA H200, 6151, 143771, 0, 134.58
2026/07/28 11:06:43.793, 2, NVIDIA H200, 6151, 143771, 0, 121.99
2026/07/28 11:06:43.793, 3, NVIDIA H200, 5431, 143771, 0, 124.85
2026/07/28 11:06:43.793, 4, NVIDIA H200, 3167, 143771, 0, 127.70
2026/07/28 11:06:43.793, 5, NVIDIA H200, 3215, 143771, 0, 125.51
2026/07/28 11:06:43.793, 6, NVIDIA H200, 3215, 143771, 0, 124.57
2026/07/28 11:06:43.793, 7, NVIDIA H200, 2975, 143771, 0, 122.58
2026/07/28 11:06:45.793, 0, NVIDIA H200, 6534, 143771, 0, 125.56
2026/07/28 11:06:45.793, 1, NVIDIA H200, 6151, 143771, 0, 134.62
2026/07/28 11:06:45.793, 2, NVIDIA H200, 6151, 143771, 0, 122.03
2026/07/28 11:06:45.793, 3, NVIDIA H200, 5431, 143771, 0, 124.86
2026/07/28 11:06:45.793, 4, NVIDIA H200, 3167, 143771, 0, 127.72
2026/07/28 11:06:45.793, 5, NVIDIA H200, 3215, 143771, 0, 125.56
2026/07/28 11:06:45.793, 6, NVIDIA H200, 3215, 143771, 0, 124.62
2026/07/28 11:06:45.793, 7, NVIDIA H200, 2975, 143771, 0, 122.59
2026/07/28 11:06:47.794, 0, NVIDIA H200, 6534, 143771, 0, 125.61
2026/07/28 11:06:47.794, 1, NVIDIA H200, 6678, 143771, 2, 134.69
2026/07/28 11:06:47.794, 2, NVIDIA H200, 6678, 143771, 0, 122.11
2026/07/28 11:06:47.794, 3, NVIDIA H200, 5431, 143771, 0, 124.96
2026/07/28 11:06:47.794, 4, NVIDIA H200, 3693, 143771, 0, 127.91
2026/07/28 11:06:47.794, 5, NVIDIA H200, 3741, 143771, 0, 125.55
2026/07/28 11:06:47.794, 6, NVIDIA H200, 3215, 143771, 0, 124.65
2026/07/28 11:06:47.794, 7, NVIDIA H200, 2975, 143771, 0, 122.64
2026/07/28 11:06:49.794, 0, NVIDIA H200, 6534, 143771, 0, 125.65
2026/07/28 11:06:49.794, 1, NVIDIA H200, 6678, 143771, 0, 134.64
2026/07/28 11:06:49.794, 2, NVIDIA H200, 6678, 143771, 0, 122.03
2026/07/28 11:06:49.794, 3, NVIDIA H200, 5958, 143771, 1, 125.05
2026/07/28 11:06:49.794, 4, NVIDIA H200, 3693, 143771, 0, 127.82
2026/07/28 11:06:49.794, 5, NVIDIA H200, 3741, 143771, 0, 125.65
2026/07/28 11:06:49.794, 6, NVIDIA H200, 3215, 143771, 0, 124.65
2026/07/28 11:06:49.794, 7, NVIDIA H200, 3501, 143771, 0, 122.61
2026/07/28 11:06:51.795, 0, NVIDIA H200, 6534, 143771, 0, 125.64
2026/07/28 11:06:51.795, 1, NVIDIA H200, 6678, 143771, 0, 134.63
2026/07/28 11:06:51.795, 2, NVIDIA H200, 6678, 143771, 0, 122.03
2026/07/28 11:06:51.795, 3, NVIDIA H200, 5958, 143771, 0, 125.03
2026/07/28 11:06:51.795, 4, NVIDIA H200, 3693, 143771, 0, 127.83
2026/07/28 11:06:51.795, 5, NVIDIA H200, 3741, 143771, 0, 125.52
2026/07/28 11:06:51.795, 6, NVIDIA H200, 3741, 143771, 0, 124.68
2026/07/28 11:06:51.795, 7, NVIDIA H200, 3501, 143771, 0, 122.61
2026/07/28 11:06:53.795, 0, NVIDIA H200, 6534, 143771, 0, 125.69
2026/07/28 11:06:53.795, 1, NVIDIA H200, 6678, 143771, 0, 134.66
2026/07/28 11:06:53.795, 2, NVIDIA H200, 6678, 143771, 0, 122.04
2026/07/28 11:06:53.795, 3, NVIDIA H200, 5958, 143771, 0, 125.12
2026/07/28 11:06:53.795, 4, NVIDIA H200, 3693, 143771, 0, 127.82
2026/07/28 11:06:53.795, 5, NVIDIA H200, 3741, 143771, 0, 125.61
2026/07/28 11:06:53.795, 6, NVIDIA H200, 3741, 143771, 0, 124.67
2026/07/28 11:06:53.795, 7, NVIDIA H200, 3501, 143771, 0, 122.58
2026/07/28 11:06:55.796, 0, NVIDIA H200, 6534, 143771, 0, 125.71
2026/07/28 11:06:55.796, 1, NVIDIA H200, 6678, 143771, 0, 134.68
2026/07/28 11:06:55.796, 2, NVIDIA H200, 6678, 143771, 0, 122.03
2026/07/28 11:06:55.796, 3, NVIDIA H200, 5958, 143771, 0, 125.19
2026/07/28 11:06:55.796, 4, NVIDIA H200, 3693, 143771, 0, 127.87
2026/07/28 11:06:55.796, 5, NVIDIA H200, 3741, 143771, 0, 125.60
2026/07/28 11:06:55.796, 6, NVIDIA H200, 3741, 143771, 0, 124.69
2026/07/28 11:06:55.796, 7, NVIDIA H200, 3501, 143771, 0, 122.62
2026/07/28 11:06:57.796, 0, NVIDIA H200, 6534, 143771, 0, 125.75
2026/07/28 11:06:57.796, 1, NVIDIA H200, 6678, 143771, 0, 134.68
2026/07/28 11:06:57.796, 2, NVIDIA H200, 6678, 143771, 0, 122.06
2026/07/28 11:06:57.796, 3, NVIDIA H200, 5958, 143771, 0, 125.03
2026/07/28 11:06:57.796, 4, NVIDIA H200, 3693, 143771, 0, 127.91
2026/07/28 11:06:57.796, 5, NVIDIA H200, 3741, 143771, 0, 125.60
2026/07/28 11:06:57.796, 6, NVIDIA H200, 3741, 143771, 0, 124.77
2026/07/28 11:06:57.796, 7, NVIDIA H200, 3501, 143771, 0, 122.62
2026/07/28 11:06:59.797, 0, NVIDIA H200, 6534, 143771, 0, 125.78
2026/07/28 11:06:59.797, 1, NVIDIA H200, 6678, 143771, 0, 134.74
2026/07/28 11:06:59.797, 2, NVIDIA H200, 6678, 143771, 0, 122.09
2026/07/28 11:06:59.797, 3, NVIDIA H200, 5958, 143771, 0, 124.94
2026/07/28 11:06:59.797, 4, NVIDIA H200, 3693, 143771, 0, 127.94
2026/07/28 11:06:59.797, 5, NVIDIA H200, 3741, 143771, 0, 125.69
2026/07/28 11:06:59.797, 6, NVIDIA H200, 3741, 143771, 0, 124.82
2026/07/28 11:06:59.797, 7, NVIDIA H200, 3501, 143771, 0, 122.65
2026/07/28 11:07:01.797, 0, NVIDIA H200, 21636, 143771, 4, 132.55
2026/07/28 11:07:01.797, 1, NVIDIA H200, 27766, 143771, 4, 143.89
2026/07/28 11:07:01.797, 2, NVIDIA H200, 28776, 143771, 4, 132.05
2026/07/28 11:07:01.798, 3, NVIDIA H200, 28162, 143771, 4, 134.63
2026/07/28 11:07:01.798, 4, NVIDIA H200, 24261, 143771, 4, 136.04
2026/07/28 11:07:01.798, 5, NVIDIA H200, 21919, 143771, 4, 133.02
2026/07/28 11:07:01.798, 6, NVIDIA H200, 23617, 143771, 4, 134.08
2026/07/28 11:07:01.798, 7, NVIDIA H200, 24225, 143771, 4, 131.81
2026/07/28 11:07:03.799, 0, NVIDIA H200, 31626, 143771, 0, 126.38
2026/07/28 11:07:03.801, 1, NVIDIA H200, 31770, 143771, 0, 134.99
2026/07/28 11:07:03.802, 2, NVIDIA H200, 31770, 143771, 0, 122.34
2026/07/28 11:07:03.804, 3, NVIDIA H200, 31050, 143771, 0, 125.29
2026/07/28 11:07:03.805, 4, NVIDIA H200, 28787, 143771, 0, 127.57
2026/07/28 11:07:03.807, 5, NVIDIA H200, 28835, 143771, 0, 125.87
2026/07/28 11:07:03.809, 6, NVIDIA H200, 28835, 143771, 0, 125.04
2026/07/28 11:07:03.811, 7, NVIDIA H200, 28595, 143771, 0, 122.86
2026/07/28 11:07:05.813, 0, NVIDIA H200, 32966, 143771, 0, 133.14
2026/07/28 11:07:05.813, 1, NVIDIA H200, 33158, 143771, 0, 142.67
2026/07/28 11:07:05.813, 2, NVIDIA H200, 33162, 143771, 100, 135.13
2026/07/28 11:07:05.813, 3, NVIDIA H200, 32442, 143771, 100, 136.26
2026/07/28 11:07:05.813, 4, NVIDIA H200, 30179, 143771, 100, 139.15
2026/07/28 11:07:05.813, 5, NVIDIA H200, 30223, 143771, 0, 137.67
2026/07/28 11:07:05.813, 6, NVIDIA H200, 30223, 143771, 0, 134.99
2026/07/28 11:07:05.813, 7, NVIDIA H200, 29747, 143771, 100, 133.58
2026/07/28 11:07:07.813, 0, NVIDIA H200, 24172, 143771, 0, 127.68
2026/07/28 11:07:07.813, 1, NVIDIA H200, 24412, 143771, 2, 135.97
2026/07/28 11:07:07.813, 2, NVIDIA H200, 24412, 143771, 0, 123.29
2026/07/28 11:07:07.813, 3, NVIDIA H200, 23692, 143771, 3, 126.37
2026/07/28 11:07:07.813, 4, NVIDIA H200, 20917, 143771, 14, 128.57
2026/07/28 11:07:07.814, 5, NVIDIA H200, 21477, 143771, 0, 127.95
2026/07/28 11:07:07.814, 6, NVIDIA H200, 20963, 143771, 17, 126.06
2026/07/28 11:07:07.814, 7, NVIDIA H200, 20757, 143771, 6, 124.33
2026/07/28 11:07:09.814, 0, NVIDIA H200, 24172, 143771, 3, 126.58
2026/07/28 11:07:09.814, 1, NVIDIA H200, 24412, 143771, 1, 135.33
2026/07/28 11:07:09.814, 2, NVIDIA H200, 24412, 143771, 2, 122.60
2026/07/28 11:07:09.814, 3, NVIDIA H200, 23692, 143771, 5, 125.78
2026/07/28 11:07:09.814, 4, NVIDIA H200, 21429, 143771, 4, 127.98
2026/07/28 11:07:09.814, 5, NVIDIA H200, 21477, 143771, 3, 126.24
2026/07/28 11:07:09.814, 6, NVIDIA H200, 21477, 143771, 5, 125.42
2026/07/28 11:07:09.814, 7, NVIDIA H200, 20757, 143771, 3, 123.25
2026/07/28 11:07:11.815, 0, NVIDIA H200, 24172, 143771, 3, 126.48
2026/07/28 11:07:11.815, 1, NVIDIA H200, 24412, 143771, 0, 135.31
2026/07/28 11:07:11.815, 2, NVIDIA H200, 24412, 143771, 0, 122.61
2026/07/28 11:07:11.815, 3, NVIDIA H200, 23692, 143771, 1, 125.81
2026/07/28 11:07:11.815, 4, NVIDIA H200, 21429, 143771, 1, 128.13
2026/07/28 11:07:11.815, 5, NVIDIA H200, 21477, 143771, 5, 126.22
2026/07/28 11:07:11.815, 6, NVIDIA H200, 21477, 143771, 5, 125.44
2026/07/28 11:07:11.815, 7, NVIDIA H200, 20757, 143771, 2, 123.26
2026/07/28 11:07:13.815, 0, NVIDIA H200, 24172, 143771, 3, 126.56
2026/07/28 11:07:13.815, 1, NVIDIA H200, 24412, 143771, 4, 135.35
2026/07/28 11:07:13.815, 2, NVIDIA H200, 24412, 143771, 4, 122.69
2026/07/28 11:07:13.815, 3, NVIDIA H200, 23692, 143771, 1, 125.94
2026/07/28 11:07:13.815, 4, NVIDIA H200, 21429, 143771, 1, 128.05
2026/07/28 11:07:13.815, 5, NVIDIA H200, 21477, 143771, 4, 126.20
2026/07/28 11:07:13.815, 6, NVIDIA H200, 21477, 143771, 2, 125.50
2026/07/28 11:07:13.815, 7, NVIDIA H200, 20757, 143771, 5, 123.25
2026/07/28 11:07:15.816, 0, NVIDIA H200, 24172, 143771, 4, 126.62
2026/07/28 11:07:15.816, 1, NVIDIA H200, 24412, 143771, 4, 135.36
2026/07/28 11:07:15.816, 2, NVIDIA H200, 24412, 143771, 1, 122.67
2026/07/28 11:07:15.816, 3, NVIDIA H200, 23692, 143771, 2, 125.82
2026/07/28 11:07:15.816, 4, NVIDIA H200, 21429, 143771, 5, 128.14
2026/07/28 11:07:15.816, 5, NVIDIA H200, 21477, 143771, 5, 126.35
2026/07/28 11:07:15.816, 6, NVIDIA H200, 21477, 143771, 3, 125.44
2026/07/28 11:07:15.816, 7, NVIDIA H200, 20757, 143771, 1, 123.27
2026/07/28 11:07:17.816, 0, NVIDIA H200, 25536, 143771, 0, 129.44
2026/07/28 11:07:17.816, 1, NVIDIA H200, 25776, 143771, 1, 138.18
2026/07/28 11:07:17.817, 2, NVIDIA H200, 24412, 143771, 0, 122.60
2026/07/28 11:07:17.817, 3, NVIDIA H200, 25056, 143771, 0, 128.41
2026/07/28 11:07:17.817, 4, NVIDIA H200, 21627, 143771, 0, 128.07
2026/07/28 11:07:17.817, 5, NVIDIA H200, 22841, 143771, 0, 128.93
2026/07/28 11:07:17.817, 6, NVIDIA H200, 21825, 143771, 0, 125.74
2026/07/28 11:07:17.817, 7, NVIDIA H200, 22121, 143771, 6, 126.41
2026/07/28 11:07:19.817, 0, NVIDIA H200, 21978, 143771, 0, 127.13
2026/07/28 11:07:19.817, 1, NVIDIA H200, 22218, 143771, 0, 135.23
2026/07/28 11:07:19.817, 2, NVIDIA H200, 22216, 143771, 0, 123.04
2026/07/28 11:07:19.817, 3, NVIDIA H200, 21498, 143771, 0, 125.59
2026/07/28 11:07:19.817, 4, NVIDIA H200, 19233, 143771, 0, 128.15
2026/07/28 11:07:19.817, 5, NVIDIA H200, 19281, 143771, 0, 126.09
2026/07/28 11:07:19.817, 6, NVIDIA H200, 19279, 143771, 0, 125.81
2026/07/28 11:07:19.817, 7, NVIDIA H200, 18561, 143771, 0, 123.50
2026/07/28 11:07:21.818, 0, NVIDIA H200, 20722, 143771, 2, 127.07
2026/07/28 11:07:21.844, 1, NVIDIA H200, 20638, 143771, 4, 135.22
2026/07/28 11:07:21.844, 2, NVIDIA H200, 21128, 143771, 0, 122.38
2026/07/28 11:07:21.845, 3, NVIDIA H200, 19926, 143771, 3, 125.71
2026/07/28 11:07:21.883, 4, NVIDIA H200, 17645, 143771, 2, 128.06
2026/07/28 11:07:21.883, 5, NVIDIA H200, 17721, 143771, 3, 126.13
2026/07/28 11:07:21.884, 6, NVIDIA H200, 17711, 143771, 2, 125.49
2026/07/28 11:07:21.884, 7, NVIDIA H200, 17227, 143771, 1, 123.20
2026/07/28 11:07:23.884, 0, NVIDIA H200, 17500, 143771, 0, 127.71
2026/07/28 11:07:23.885, 1, NVIDIA H200, 17162, 143771, 5, 135.72
2026/07/28 11:07:23.885, 2, NVIDIA H200, 19534, 143771, 0, 122.52
2026/07/28 11:07:23.886, 3, NVIDIA H200, 17058, 143771, 3, 126.03
2026/07/28 11:07:23.886, 4, NVIDIA H200, 14405, 143771, 4, 128.45
2026/07/28 11:07:23.886, 5, NVIDIA H200, 14485, 143771, 4, 126.48
2026/07/28 11:07:23.886, 6, NVIDIA H200, 14393, 143771, 5, 125.99
2026/07/28 11:07:23.887, 7, NVIDIA H200, 13817, 143771, 5, 123.77
2026/07/28 11:07:25.887, 0, NVIDIA H200, 13022, 143771, 6, 127.75
2026/07/28 11:07:25.887, 1, NVIDIA H200, 12838, 143771, 5, 135.77
2026/07/28 11:07:25.887, 2, NVIDIA H200, 15488, 143771, 4, 122.86
2026/07/28 11:07:25.887, 3, NVIDIA H200, 13782, 143771, 4, 126.32
2026/07/28 11:07:25.887, 4, NVIDIA H200, 10747, 143771, 4, 129.07
2026/07/28 11:07:25.888, 5, NVIDIA H200, 10243, 143771, 5, 126.76
2026/07/28 11:07:25.889, 6, NVIDIA H200, 10581, 143771, 5, 125.94
2026/07/28 11:07:25.891, 7, NVIDIA H200, 9439, 143771, 5, 123.69
2026/07/28 11:07:27.892, 0, NVIDIA H200, 9148, 143771, 5, 127.67
2026/07/28 11:07:27.892, 1, NVIDIA H200, 9340, 143771, 5, 135.70
2026/07/28 11:07:27.892, 2, NVIDIA H200, 12470, 143771, 4, 122.88
2026/07/28 11:07:27.892, 3, NVIDIA H200, 10758, 143771, 4, 126.21
2026/07/28 11:07:27.892, 4, NVIDIA H200, 6897, 143771, 4, 129.20
2026/07/28 11:07:27.892, 5, NVIDIA H200, 6553, 143771, 6, 126.53
2026/07/28 11:07:27.892, 6, NVIDIA H200, 6731, 143771, 6, 126.00
2026/07/28 11:07:27.892, 7, NVIDIA H200, 5923, 143771, 0, 123.54
2026/07/28 11:07:29.892, 0, NVIDIA H200, 10608, 143771, 3, 127.19
2026/07/28 11:07:29.892, 1, NVIDIA H200, 10922, 143771, 5, 135.15
2026/07/28 11:07:29.893, 2, NVIDIA H200, 11176, 143771, 13, 123.11
2026/07/28 11:07:29.893, 3, NVIDIA H200, 10110, 143771, 11, 125.96
2026/07/28 11:07:29.893, 4, NVIDIA H200, 7545, 143771, 9, 128.68
2026/07/28 11:07:29.893, 5, NVIDIA H200, 7837, 143771, 10, 126.04
2026/07/28 11:07:29.893, 6, NVIDIA H200, 7709, 143771, 10, 125.38
2026/07/28 11:07:29.893, 7, NVIDIA H200, 7259, 143771, 11, 123.11
2026/07/28 11:07:31.893, 0, NVIDIA H200, 18884, 143771, 9, 127.94
2026/07/28 11:07:31.898, 1, NVIDIA H200, 19362, 143771, 8, 135.90
2026/07/28 11:07:31.899, 2, NVIDIA H200, 20072, 143771, 11, 123.38
2026/07/28 11:07:31.901, 3, NVIDIA H200, 18486, 143771, 9, 126.31
2026/07/28 11:07:31.908, 4, NVIDIA H200, 15283, 143771, 3, 129.45
2026/07/28 11:07:31.925, 5, NVIDIA H200, 15849, 143771, 8, 126.72
2026/07/28 11:07:31.937, 6, NVIDIA H200, 15691, 143771, 8, 126.18
2026/07/28 11:07:31.938, 7, NVIDIA H200, 14837, 143771, 8, 123.73
2026/07/28 11:07:33.940, 0, NVIDIA H200, 25882, 143771, 0, 127.98
2026/07/28 11:07:33.940, 1, NVIDIA H200, 26074, 143771, 0, 135.58
2026/07/28 11:07:33.940, 2, NVIDIA H200, 26112, 143771, 1, 123.08
2026/07/28 11:07:33.940, 3, NVIDIA H200, 25354, 143771, 1, 126.22
2026/07/28 11:07:33.940, 4, NVIDIA H200, 23123, 143771, 1, 129.69
2026/07/28 11:07:33.940, 5, NVIDIA H200, 23171, 143771, 0, 126.64
2026/07/28 11:07:33.940, 6, NVIDIA H200, 23171, 143771, 1, 126.39
2026/07/28 11:07:33.940, 7, NVIDIA H200, 22693, 143771, 1, 123.97
2026/07/28 11:07:35.940, 0, NVIDIA H200, 28986, 143771, 0, 213.68
2026/07/28 11:07:35.940, 1, NVIDIA H200, 29226, 143771, 0, 157.90
2026/07/28 11:07:35.940, 2, NVIDIA H200, 29226, 143771, 4, 211.66
2026/07/28 11:07:35.940, 3, NVIDIA H200, 28506, 143771, 0, 205.17
2026/07/28 11:07:35.940, 4, NVIDIA H200, 26275, 143771, 0, 219.81
2026/07/28 11:07:35.941, 5, NVIDIA H200, 26323, 143771, 0, 207.59
2026/07/28 11:07:35.941, 6, NVIDIA H200, 26323, 143771, 0, 212.96
2026/07/28 11:07:35.941, 7, NVIDIA H200, 25605, 143771, 0, 206.14
2026/07/28 11:07:37.941, 0, NVIDIA H200, 65108, 143771, 2, 140.11
2026/07/28 11:07:37.943, 1, NVIDIA H200, 66352, 143771, 6, 142.69
2026/07/28 11:07:37.944, 2, NVIDIA H200, 66352, 143771, 5, 125.45
2026/07/28 11:07:37.944, 3, NVIDIA H200, 65632, 143771, 6, 131.07
2026/07/28 11:07:37.944, 4, NVIDIA H200, 62351, 143771, 26, 138.31
2026/07/28 11:07:37.944, 5, NVIDIA H200, 63451, 143771, 75, 151.05
2026/07/28 11:07:37.944, 6, NVIDIA H200, 63451, 143771, 2, 128.92
2026/07/28 11:07:37.944, 7, NVIDIA H200, 62973, 143771, 23, 138.56
2026/07/28 11:07:39.944, 0, NVIDIA H200, 65142, 143771, 83, 183.49
2026/07/28 11:07:39.944, 1, NVIDIA H200, 66386, 143771, 20, 167.22
2026/07/28 11:07:39.944, 2, NVIDIA H200, 66386, 143771, 33, 148.55
2026/07/28 11:07:39.944, 3, NVIDIA H200, 65666, 143771, 58, 179.68
2026/07/28 11:07:39.944, 4, NVIDIA H200, 62387, 143771, 80, 189.65
2026/07/28 11:07:39.945, 5, NVIDIA H200, 63487, 143771, 9, 145.29
2026/07/28 11:07:39.945, 6, NVIDIA H200, 63487, 143771, 97, 155.22
2026/07/28 11:07:39.945, 7, NVIDIA H200, 63009, 143771, 80, 183.66
2026/07/28 11:07:41.945, 0, NVIDIA H200, 65142, 143771, 79, 169.32
2026/07/28 11:07:41.945, 1, NVIDIA H200, 66386, 143771, 29, 172.47
2026/07/28 11:07:41.945, 2, NVIDIA H200, 66386, 143771, 100, 165.35
2026/07/28 11:07:41.945, 3, NVIDIA H200, 65666, 143771, 12, 163.86
2026/07/28 11:07:41.945, 4, NVIDIA H200, 62387, 143771, 63, 169.32
2026/07/28 11:07:41.945, 5, NVIDIA H200, 63487, 143771, 100, 168.59
2026/07/28 11:07:41.945, 6, NVIDIA H200, 63487, 143771, 8, 160.30
2026/07/28 11:07:41.945, 7, NVIDIA H200, 63009, 143771, 98, 166.08
2026/07/28 11:07:43.945, 0, NVIDIA H200, 65142, 143771, 100, 166.67
2026/07/28 11:07:43.945, 1, NVIDIA H200, 66386, 143771, 10, 172.94
2026/07/28 11:07:43.945, 2, NVIDIA H200, 66386, 143771, 93, 163.89
2026/07/28 11:07:43.945, 3, NVIDIA H200, 65666, 143771, 77, 167.13
2026/07/28 11:07:43.945, 4, NVIDIA H200, 62387, 143771, 97, 171.22
2026/07/28 11:07:43.946, 5, NVIDIA H200, 63487, 143771, 100, 167.64
2026/07/28 11:07:43.946, 6, NVIDIA H200, 63487, 143771, 8, 162.49
2026/07/28 11:07:43.946, 7, NVIDIA H200, 63009, 143771, 100, 164.86
2026/07/28 11:07:45.946, 0, NVIDIA H200, 65142, 143771, 80, 168.20
2026/07/28 11:07:45.946, 1, NVIDIA H200, 66386, 143771, 31, 172.34
2026/07/28 11:07:45.946, 2, NVIDIA H200, 66386, 143771, 69, 164.62
2026/07/28 11:07:45.946, 3, NVIDIA H200, 65666, 143771, 8, 164.99
2026/07/28 11:07:45.946, 4, NVIDIA H200, 62387, 143771, 53, 167.29
2026/07/28 11:07:45.946, 5, NVIDIA H200, 63487, 143771, 54, 164.59
2026/07/28 11:07:45.946, 6, NVIDIA H200, 63487, 143771, 8, 160.10
2026/07/28 11:07:45.946, 7, NVIDIA H200, 63009, 143771, 70, 163.96
2026/07/28 11:07:47.946, 0, NVIDIA H200, 65142, 143771, 91, 168.59
2026/07/28 11:07:47.946, 1, NVIDIA H200, 66386, 143771, 16, 173.88
2026/07/28 11:07:47.946, 2, NVIDIA H200, 66386, 143771, 95, 164.58
2026/07/28 11:07:47.946, 3, NVIDIA H200, 65666, 143771, 49, 165.49
2026/07/28 11:07:47.947, 4, NVIDIA H200, 62387, 143771, 61, 168.97
2026/07/28 11:07:47.947, 5, NVIDIA H200, 63487, 143771, 99, 169.18
2026/07/28 11:07:47.947, 6, NVIDIA H200, 63487, 143771, 8, 159.79
2026/07/28 11:07:47.947, 7, NVIDIA H200, 63009, 143771, 100, 167.09
2026/07/28 11:07:49.947, 0, NVIDIA H200, 22090, 143771, 3, 127.94
2026/07/28 11:07:49.947, 1, NVIDIA H200, 23264, 143771, 4, 136.29
2026/07/28 11:07:49.947, 2, NVIDIA H200, 23418, 143771, 7, 123.58
2026/07/28 11:07:49.947, 3, NVIDIA H200, 22586, 143771, 4, 127.55
2026/07/28 11:07:49.947, 4, NVIDIA H200, 19467, 143771, 7, 129.53
2026/07/28 11:07:49.947, 5, NVIDIA H200, 20759, 143771, 10, 126.71
2026/07/28 11:07:49.947, 6, NVIDIA H200, 20621, 143771, 3, 126.76
2026/07/28 11:07:49.947, 7, NVIDIA H200, 20221, 143771, 7, 124.12
2026/07/28 11:07:51.947, 0, NVIDIA H200, 17810, 143771, 4, 127.82
2026/07/28 11:07:51.948, 1, NVIDIA H200, 19252, 143771, 7, 136.16
2026/07/28 11:07:51.948, 2, NVIDIA H200, 19086, 143771, 4, 123.47
2026/07/28 11:07:51.948, 3, NVIDIA H200, 18130, 143771, 6, 127.60
2026/07/28 11:07:51.948, 4, NVIDIA H200, 15891, 143771, 4, 129.17
2026/07/28 11:07:51.948, 5, NVIDIA H200, 17183, 143771, 4, 126.96
2026/07/28 11:07:51.948, 6, NVIDIA H200, 17033, 143771, 9, 126.53
2026/07/28 11:07:51.948, 7, NVIDIA H200, 16595, 143771, 0, 124.10
2026/07/28 11:07:53.948, 0, NVIDIA H200, 12940, 143771, 6, 127.83
2026/07/28 11:07:53.949, 1, NVIDIA H200, 14466, 143771, 8, 136.26
2026/07/28 11:07:53.949, 2, NVIDIA H200, 14456, 143771, 7, 123.50
2026/07/28 11:07:53.951, 3, NVIDIA H200, 13570, 143771, 4, 127.32
2026/07/28 11:07:53.951, 4, NVIDIA H200, 11197, 143771, 6, 129.28
2026/07/28 11:07:53.952, 5, NVIDIA H200, 12629, 143771, 6, 127.02
2026/07/28 11:07:53.952, 6, NVIDIA H200, 12525, 143771, 6, 126.66
2026/07/28 11:07:53.952, 7, NVIDIA H200, 12087, 143771, 6, 124.22
2026/07/28 11:07:55.952, 0, NVIDIA H200, 9148, 143771, 1, 127.51
2026/07/28 11:07:55.953, 1, NVIDIA H200, 10392, 143771, 1, 136.14
2026/07/28 11:07:55.953, 2, NVIDIA H200, 10390, 143771, 6, 123.36
2026/07/28 11:07:55.953, 3, NVIDIA H200, 9672, 143771, 1, 127.19
2026/07/28 11:07:55.953, 4, NVIDIA H200, 6743, 143771, 7, 129.46
2026/07/28 11:07:55.953, 5, NVIDIA H200, 8165, 143771, 6, 127.25
2026/07/28 11:07:55.953, 6, NVIDIA H200, 8297, 143771, 3, 126.54
2026/07/28 11:07:55.953, 7, NVIDIA H200, 7655, 143771, 7, 124.08
2026/07/28 11:07:57.953, 0, NVIDIA H200, 14360, 143771, 13, 127.85
2026/07/28 11:07:57.953, 1, NVIDIA H200, 15574, 143771, 22, 136.38
2026/07/28 11:07:57.953, 2, NVIDIA H200, 15448, 143771, 8, 123.33
2026/07/28 11:07:57.953, 3, NVIDIA H200, 13516, 143771, 5, 127.23
2026/07/28 11:07:57.954, 4, NVIDIA H200, 11547, 143771, 21, 129.46
2026/07/28 11:07:57.954, 5, NVIDIA H200, 11463, 143771, 3, 126.98
2026/07/28 11:07:57.954, 6, NVIDIA H200, 12453, 143771, 3, 126.64
2026/07/28 11:07:57.954, 7, NVIDIA H200, 11429, 143771, 6, 124.06
2026/07/28 11:07:59.954, 0, NVIDIA H200, 20938, 143771, 7, 127.74
2026/07/28 11:07:59.954, 1, NVIDIA H200, 22182, 143771, 3, 136.05
2026/07/28 11:07:59.954, 2, NVIDIA H200, 22186, 143771, 8, 123.30
2026/07/28 11:07:59.954, 3, NVIDIA H200, 21018, 143771, 7, 127.29
2026/07/28 11:07:59.954, 4, NVIDIA H200, 18149, 143771, 8, 129.22
2026/07/28 11:07:59.954, 5, NVIDIA H200, 18961, 143771, 10, 127.02
2026/07/28 11:07:59.954, 6, NVIDIA H200, 18941, 143771, 7, 126.48
2026/07/28 11:07:59.954, 7, NVIDIA H200, 18685, 143771, 7, 123.94
2026/07/28 11:08:01.955, 0, NVIDIA H200, 21258, 143771, 0, 252.54
2026/07/28 11:08:01.955, 1, NVIDIA H200, 22502, 143771, 0, 259.19
2026/07/28 11:08:01.955, 2, NVIDIA H200, 22508, 143771, 81, 232.93
2026/07/28 11:08:01.955, 3, NVIDIA H200, 21786, 143771, 0, 250.03
2026/07/28 11:08:01.955, 4, NVIDIA H200, 18471, 143771, 63, 258.48
2026/07/28 11:08:01.955, 5, NVIDIA H200, 19573, 143771, 69, 250.59
2026/07/28 11:08:01.955, 6, NVIDIA H200, 19571, 143771, 3, 250.31
2026/07/28 11:08:01.955, 7, NVIDIA H200, 19089, 143771, 4, 245.29
2026/07/28 11:08:03.955, 0, NVIDIA H200, 21258, 143771, 82, 242.85
2026/07/28 11:08:03.955, 1, NVIDIA H200, 22502, 143771, 43, 240.90
2026/07/28 11:08:03.955, 2, NVIDIA H200, 22508, 143771, 0, 228.86
2026/07/28 11:08:03.955, 3, NVIDIA H200, 21786, 143771, 17, 219.12
2026/07/28 11:08:03.955, 4, NVIDIA H200, 18471, 143771, 0, 237.64
2026/07/28 11:08:03.956, 5, NVIDIA H200, 19573, 143771, 0, 234.37
2026/07/28 11:08:03.956, 6, NVIDIA H200, 19571, 143771, 77, 238.43
2026/07/28 11:08:03.956, 7, NVIDIA H200, 19089, 143771, 29, 236.44
2026/07/28 11:08:05.956, 0, NVIDIA H200, 21260, 143771, 62, 299.28
2026/07/28 11:08:05.956, 1, NVIDIA H200, 22504, 143771, 64, 298.13
2026/07/28 11:08:05.956, 2, NVIDIA H200, 22510, 143771, 90, 287.34
2026/07/28 11:08:05.956, 3, NVIDIA H200, 21788, 143771, 67, 292.10
2026/07/28 11:08:05.956, 4, NVIDIA H200, 18473, 143771, 99, 284.42
2026/07/28 11:08:05.956, 5, NVIDIA H200, 19575, 143771, 44, 265.69
2026/07/28 11:08:05.956, 6, NVIDIA H200, 19573, 143771, 73, 279.52
2026/07/28 11:08:05.956, 7, NVIDIA H200, 19091, 143771, 76, 281.88
2026/07/28 11:08:07.956, 0, NVIDIA H200, 21260, 143771, 61, 211.31
2026/07/28 11:08:07.957, 1, NVIDIA H200, 22504, 143771, 0, 215.80
2026/07/28 11:08:07.957, 2, NVIDIA H200, 22510, 143771, 0, 198.19
2026/07/28 11:08:07.957, 3, NVIDIA H200, 21788, 143771, 0, 213.54
2026/07/28 11:08:07.957, 4, NVIDIA H200, 18473, 143771, 90, 213.68
2026/07/28 11:08:07.957, 5, NVIDIA H200, 19575, 143771, 0, 204.81
2026/07/28 11:08:07.957, 6, NVIDIA H200, 19573, 143771, 12, 191.80
2026/07/28 11:08:07.957, 7, NVIDIA H200, 19091, 143771, 75, 205.87
2026/07/28 11:08:09.957, 0, NVIDIA H200, 21260, 143771, 55, 212.68
2026/07/28 11:08:09.957, 1, NVIDIA H200, 22504, 143771, 68, 206.76
2026/07/28 11:08:09.957, 2, NVIDIA H200, 22510, 143771, 0, 178.73
2026/07/28 11:08:09.957, 3, NVIDIA H200, 21788, 143771, 67, 203.15
2026/07/28 11:08:09.957, 4, NVIDIA H200, 18473, 143771, 0, 186.38
2026/07/28 11:08:09.957, 5, NVIDIA H200, 19575, 143771, 77, 206.30
2026/07/28 11:08:09.957, 6, NVIDIA H200, 19573, 143771, 0, 191.22
2026/07/28 11:08:09.957, 7, NVIDIA H200, 19091, 143771, 1, 183.43
2026/07/28 11:08:11.957, 0, NVIDIA H200, 21260, 143771, 19, 207.93
2026/07/28 11:08:11.958, 1, NVIDIA H200, 22504, 143771, 0, 225.68
2026/07/28 11:08:11.958, 2, NVIDIA H200, 22510, 143771, 23, 206.69
2026/07/28 11:08:11.958, 3, NVIDIA H200, 21788, 143771, 0, 241.66
2026/07/28 11:08:11.958, 4, NVIDIA H200, 18473, 143771, 63, 209.56
2026/07/28 11:08:11.958, 5, NVIDIA H200, 19575, 143771, 16, 210.56
2026/07/28 11:08:11.958, 6, NVIDIA H200, 19573, 143771, 94, 207.49
2026/07/28 11:08:11.958, 7, NVIDIA H200, 19091, 143771, 0, 201.95
2026/07/28 11:08:13.958, 0, NVIDIA H200, 21260, 143771, 0, 163.76
2026/07/28 11:08:13.958, 1, NVIDIA H200, 22504, 143771, 0, 175.84
2026/07/28 11:08:13.958, 2, NVIDIA H200, 22510, 143771, 0, 178.02
2026/07/28 11:08:13.958, 3, NVIDIA H200, 21788, 143771, 0, 155.11
2026/07/28 11:08:13.958, 4, NVIDIA H200, 18473, 143771, 0, 164.90
2026/07/28 11:08:13.958, 5, NVIDIA H200, 19575, 143771, 51, 166.35
2026/07/28 11:08:13.958, 6, NVIDIA H200, 19573, 143771, 0, 180.30
2026/07/28 11:08:13.958, 7, NVIDIA H200, 19091, 143771, 0, 176.45
2026/07/28 11:08:15.958, 0, NVIDIA H200, 21260, 143771, 17, 208.41
2026/07/28 11:08:15.959, 1, NVIDIA H200, 22504, 143771, 1, 228.84
2026/07/28 11:08:15.959, 2, NVIDIA H200, 22510, 143771, 4, 205.32
2026/07/28 11:08:15.959, 3, NVIDIA H200, 21788, 143771, 6, 190.12
2026/07/28 11:08:15.959, 4, NVIDIA H200, 18473, 143771, 0, 225.90
2026/07/28 11:08:15.959, 5, NVIDIA H200, 19575, 143771, 25, 214.70
2026/07/28 11:08:15.959, 6, NVIDIA H200, 19573, 143771, 89, 206.44
2026/07/28 11:08:15.959, 7, NVIDIA H200, 19091, 143771, 0, 207.11
2026/07/28 11:08:17.959, 0, NVIDIA H200, 21260, 143771, 0, 152.74
2026/07/28 11:08:17.959, 1, NVIDIA H200, 22504, 143771, 0, 160.54
2026/07/28 11:08:17.959, 2, NVIDIA H200, 22510, 143771, 0, 145.74
2026/07/28 11:08:17.959, 3, NVIDIA H200, 21788, 143771, 0, 151.72
2026/07/28 11:08:17.959, 4, NVIDIA H200, 18473, 143771, 0, 154.04
2026/07/28 11:08:17.959, 5, NVIDIA H200, 19575, 143771, 6, 149.91
2026/07/28 11:08:17.959, 6, NVIDIA H200, 19573, 143771, 0, 150.46
2026/07/28 11:08:17.959, 7, NVIDIA H200, 19091, 143771, 0, 147.92
2026/07/28 11:08:19.959, 0, NVIDIA H200, 21260, 143771, 0, 152.36
2026/07/28 11:08:19.960, 1, NVIDIA H200, 22504, 143771, 0, 162.46
2026/07/28 11:08:19.960, 2, NVIDIA H200, 22510, 143771, 0, 148.27
2026/07/28 11:08:19.960, 3, NVIDIA H200, 21788, 143771, 0, 175.99
2026/07/28 11:08:19.960, 4, NVIDIA H200, 18473, 143771, 0, 154.02
2026/07/28 11:08:19.960, 5, NVIDIA H200, 19575, 143771, 0, 150.57
2026/07/28 11:08:19.960, 6, NVIDIA H200, 19573, 143771, 0, 149.31
2026/07/28 11:08:19.960, 7, NVIDIA H200, 19091, 143771, 0, 145.53
2026/07/28 11:08:21.960, 0, NVIDIA H200, 21260, 143771, 0, 171.17
2026/07/28 11:08:21.960, 1, NVIDIA H200, 22504, 143771, 0, 161.19
2026/07/28 11:08:21.960, 2, NVIDIA H200, 22510, 143771, 0, 148.68
2026/07/28 11:08:21.960, 3, NVIDIA H200, 21788, 143771, 0, 153.15
2026/07/28 11:08:21.960, 4, NVIDIA H200, 18473, 143771, 0, 162.50
2026/07/28 11:08:21.960, 5, NVIDIA H200, 19575, 143771, 0, 166.32
2026/07/28 11:08:21.960, 6, NVIDIA H200, 19573, 143771, 8, 163.03
2026/07/28 11:08:21.960, 7, NVIDIA H200, 19091, 143771, 0, 149.04
2026/07/28 11:08:23.961, 0, NVIDIA H200, 21260, 143771, 0, 179.55
2026/07/28 11:08:23.961, 1, NVIDIA H200, 22504, 143771, 0, 178.32
2026/07/28 11:08:23.961, 2, NVIDIA H200, 22510, 143771, 99, 195.63
2026/07/28 11:08:23.961, 3, NVIDIA H200, 21788, 143771, 0, 179.74
2026/07/28 11:08:23.961, 4, NVIDIA H200, 18473, 143771, 0, 181.29
2026/07/28 11:08:23.961, 5, NVIDIA H200, 19575, 143771, 0, 173.07
2026/07/28 11:08:23.961, 6, NVIDIA H200, 19573, 143771, 0, 178.45
2026/07/28 11:08:23.961, 7, NVIDIA H200, 19091, 143771, 0, 171.99
2026/07/28 11:08:25.961, 0, NVIDIA H200, 21260, 143771, 0, 180.66
2026/07/28 11:08:25.961, 1, NVIDIA H200, 22504, 143771, 28, 188.16
2026/07/28 11:08:25.961, 2, NVIDIA H200, 22510, 143771, 0, 153.40
2026/07/28 11:08:25.961, 3, NVIDIA H200, 21788, 143771, 89, 177.31
2026/07/28 11:08:25.961, 4, NVIDIA H200, 18473, 143771, 0, 182.59
2026/07/28 11:08:25.961, 5, NVIDIA H200, 19575, 143771, 68, 178.50
2026/07/28 11:08:25.961, 6, NVIDIA H200, 19573, 143771, 30, 179.55
2026/07/28 11:08:25.961, 7, NVIDIA H200, 19091, 143771, 0, 173.82
2026/07/28 11:08:27.962, 0, NVIDIA H200, 21260, 143771, 6, 208.85
2026/07/28 11:08:27.962, 1, NVIDIA H200, 22504, 143771, 81, 220.24
2026/07/28 11:08:27.962, 2, NVIDIA H200, 22510, 143771, 85, 203.56
2026/07/28 11:08:27.962, 3, NVIDIA H200, 21788, 143771, 0, 184.83
2026/07/28 11:08:27.962, 4, NVIDIA H200, 18473, 143771, 0, 203.01
2026/07/28 11:08:27.962, 5, NVIDIA H200, 19575, 143771, 70, 206.02
2026/07/28 11:08:27.962, 6, NVIDIA H200, 19573, 143771, 48, 210.62
2026/07/28 11:08:27.962, 7, NVIDIA H200, 19091, 143771, 0, 193.99
2026/07/28 11:08:29.962, 0, NVIDIA H200, 21260, 143771, 0, 181.06
2026/07/28 11:08:29.962, 1, NVIDIA H200, 22504, 143771, 0, 176.73
2026/07/28 11:08:29.962, 2, NVIDIA H200, 22510, 143771, 0, 164.87
2026/07/28 11:08:29.962, 3, NVIDIA H200, 21788, 143771, 0, 186.98
2026/07/28 11:08:29.962, 4, NVIDIA H200, 18473, 143771, 0, 160.84
2026/07/28 11:08:29.962, 5, NVIDIA H200, 19575, 143771, 0, 163.86
2026/07/28 11:08:29.962, 6, NVIDIA H200, 19573, 143771, 0, 154.35
2026/07/28 11:08:29.962, 7, NVIDIA H200, 19091, 143771, 51, 173.70
2026/07/28 11:08:31.963, 0, NVIDIA H200, 21260, 143771, 53, 156.95
2026/07/28 11:08:31.963, 1, NVIDIA H200, 22504, 143771, 82, 184.74
2026/07/28 11:08:31.963, 2, NVIDIA H200, 22510, 143771, 0, 144.47
2026/07/28 11:08:31.963, 3, NVIDIA H200, 21788, 143771, 0, 147.91
2026/07/28 11:08:31.963, 4, NVIDIA H200, 18473, 143771, 62, 178.21
2026/07/28 11:08:31.963, 5, NVIDIA H200, 19575, 143771, 2, 172.73
2026/07/28 11:08:31.963, 6, NVIDIA H200, 19573, 143771, 57, 172.86
2026/07/28 11:08:31.963, 7, NVIDIA H200, 19091, 143771, 88, 169.38
2026/07/28 11:08:33.963, 0, NVIDIA H200, 21260, 143771, 0, 173.39
2026/07/28 11:08:33.963, 1, NVIDIA H200, 22504, 143771, 0, 164.23
2026/07/28 11:08:33.963, 2, NVIDIA H200, 22510, 143771, 43, 172.27
2026/07/28 11:08:33.963, 3, NVIDIA H200, 21788, 143771, 0, 176.43
2026/07/28 11:08:33.963, 4, NVIDIA H200, 18473, 143771, 0, 154.03
2026/07/28 11:08:33.963, 5, NVIDIA H200, 19575, 143771, 0, 153.37
2026/07/28 11:08:33.963, 6, NVIDIA H200, 19573, 143771, 0, 150.68
2026/07/28 11:08:33.963, 7, NVIDIA H200, 19091, 143771, 0, 151.48
2026/07/28 11:08:35.964, 0, NVIDIA H200, 21260, 143771, 69, 171.91
2026/07/28 11:08:35.964, 1, NVIDIA H200, 22504, 143771, 0, 193.04
2026/07/28 11:08:35.964, 2, NVIDIA H200, 22510, 143771, 0, 165.14
2026/07/28 11:08:35.964, 3, NVIDIA H200, 21788, 143771, 31, 190.22
2026/07/28 11:08:35.964, 4, NVIDIA H200, 18473, 143771, 0, 182.23
2026/07/28 11:08:35.964, 5, NVIDIA H200, 19575, 143771, 0, 177.70
2026/07/28 11:08:35.964, 6, NVIDIA H200, 19573, 143771, 0, 181.98
2026/07/28 11:08:35.964, 7, NVIDIA H200, 19091, 143771, 0, 179.85
2026/07/28 11:08:37.964, 0, NVIDIA H200, 21260, 143771, 0, 210.16
2026/07/28 11:08:37.964, 1, NVIDIA H200, 22504, 143771, 0, 182.98
2026/07/28 11:08:37.964, 2, NVIDIA H200, 22510, 143771, 0, 176.44
2026/07/28 11:08:37.964, 3, NVIDIA H200, 21788, 143771, 0, 182.45
2026/07/28 11:08:37.964, 4, NVIDIA H200, 18473, 143771, 72, 184.88
2026/07/28 11:08:37.964, 5, NVIDIA H200, 19575, 143771, 0, 176.77
2026/07/28 11:08:37.965, 6, NVIDIA H200, 19573, 143771, 45, 178.83
2026/07/28 11:08:37.965, 7, NVIDIA H200, 19091, 143771, 85, 178.30
2026/07/28 11:08:39.965, 0, NVIDIA H200, 21260, 143771, 0, 156.89
2026/07/28 11:08:39.965, 1, NVIDIA H200, 22504, 143771, 0, 198.49
2026/07/28 11:08:39.965, 2, NVIDIA H200, 22510, 143771, 0, 153.26
2026/07/28 11:08:39.965, 3, NVIDIA H200, 21788, 143771, 0, 186.44
2026/07/28 11:08:39.965, 4, NVIDIA H200, 18473, 143771, 0, 159.54
2026/07/28 11:08:39.965, 5, NVIDIA H200, 19575, 143771, 0, 153.62
2026/07/28 11:08:39.965, 6, NVIDIA H200, 19573, 143771, 0, 155.51
2026/07/28 11:08:39.965, 7, NVIDIA H200, 19091, 143771, 0, 175.89
2026/07/28 11:08:41.965, 0, NVIDIA H200, 21260, 143771, 0, 132.32
2026/07/28 11:08:41.965, 1, NVIDIA H200, 22504, 143771, 0, 138.98
2026/07/28 11:08:41.966, 2, NVIDIA H200, 22514, 143771, 1, 125.80
2026/07/28 11:08:41.966, 3, NVIDIA H200, 21792, 143771, 0, 128.33
2026/07/28 11:08:41.966, 4, NVIDIA H200, 18477, 143771, 0, 135.30
2026/07/28 11:08:41.966, 5, NVIDIA H200, 19579, 143771, 0, 130.71
2026/07/28 11:08:41.966, 6, NVIDIA H200, 19577, 143771, 0, 131.61
2026/07/28 11:08:41.966, 7, NVIDIA H200, 19093, 143771, 0, 126.64
2026/07/28 11:08:43.967, 0, NVIDIA H200, 22304, 143771, 85, 198.93
2026/07/28 11:08:44.043, 1, NVIDIA H200, 23596, 143771, 38, 184.65
2026/07/28 11:08:44.049, 2, NVIDIA H200, 23604, 143771, 86, 182.58
2026/07/28 11:08:44.054, 3, NVIDIA H200, 22882, 143771, 92, 193.24
2026/07/28 11:08:44.062, 4, NVIDIA H200, 19567, 143771, 91, 187.21
2026/07/28 11:08:44.065, 5, NVIDIA H200, 20669, 143771, 84, 198.76
2026/07/28 11:08:44.067, 6, NVIDIA H200, 20667, 143771, 78, 187.32
2026/07/28 11:08:44.068, 7, NVIDIA H200, 19945, 143771, 97, 185.21
2026/07/28 11:08:46.076, 0, NVIDIA H200, 26092, 143771, 2, 152.35
2026/07/28 11:08:46.076, 1, NVIDIA H200, 27432, 143771, 0, 154.62
2026/07/28 11:08:46.076, 2, NVIDIA H200, 27442, 143771, 0, 132.20
2026/07/28 11:08:46.076, 3, NVIDIA H200, 26720, 143771, 0, 143.50
2026/07/28 11:08:46.076, 4, NVIDIA H200, 23405, 143771, 1, 143.80
2026/07/28 11:08:46.076, 5, NVIDIA H200, 24507, 143771, 1, 151.10
2026/07/28 11:08:46.076, 6, NVIDIA H200, 24505, 143771, 1, 148.29
2026/07/28 11:08:46.076, 7, NVIDIA H200, 23543, 143771, 1, 136.12
2026/07/28 11:08:48.076, 0, NVIDIA H200, 26094, 143771, 92, 299.18
2026/07/28 11:08:48.076, 1, NVIDIA H200, 27434, 143771, 94, 326.42
2026/07/28 11:08:48.076, 2, NVIDIA H200, 27444, 143771, 87, 271.90
2026/07/28 11:08:48.076, 3, NVIDIA H200, 26722, 143771, 92, 315.09
2026/07/28 11:08:48.076, 4, NVIDIA H200, 23407, 143771, 86, 301.31
2026/07/28 11:08:48.077, 5, NVIDIA H200, 24509, 143771, 86, 309.93
2026/07/28 11:08:48.077, 6, NVIDIA H200, 24507, 143771, 98, 320.01
2026/07/28 11:08:48.077, 7, NVIDIA H200, 23545, 143771, 87, 305.43
2026/07/28 11:08:50.077, 0, NVIDIA H200, 26114, 143771, 44, 155.77
2026/07/28 11:08:50.077, 1, NVIDIA H200, 27454, 143771, 46, 162.82
2026/07/28 11:08:50.077, 2, NVIDIA H200, 27452, 143771, 41, 159.18
2026/07/28 11:08:50.077, 3, NVIDIA H200, 26730, 143771, 47, 154.42
2026/07/28 11:08:50.077, 4, NVIDIA H200, 23417, 143771, 54, 157.44
2026/07/28 11:08:50.077, 5, NVIDIA H200, 24517, 143771, 42, 151.80
2026/07/28 11:08:50.077, 6, NVIDIA H200, 24515, 143771, 41, 152.83
2026/07/28 11:08:50.077, 7, NVIDIA H200, 23553, 143771, 70, 151.29
2026/07/28 11:08:52.077, 0, NVIDIA H200, 26132, 143771, 42, 392.13
2026/07/28 11:08:52.077, 1, NVIDIA H200, 27472, 143771, 33, 403.62
2026/07/28 11:08:52.077, 2, NVIDIA H200, 27504, 143771, 44, 419.58
2026/07/28 11:08:52.077, 3, NVIDIA H200, 26782, 143771, 44, 403.11
2026/07/28 11:08:52.077, 4, NVIDIA H200, 23467, 143771, 35, 410.67
2026/07/28 11:08:52.078, 5, NVIDIA H200, 24569, 143771, 36, 388.53
2026/07/28 11:08:52.078, 6, NVIDIA H200, 24567, 143771, 45, 405.52
2026/07/28 11:08:52.078, 7, NVIDIA H200, 23605, 143771, 44, 412.14
2026/07/28 11:08:54.078, 0, NVIDIA H200, 26202, 143771, 100, 141.79
2026/07/28 11:08:54.078, 1, NVIDIA H200, 27542, 143771, 9, 150.15
2026/07/28 11:08:54.078, 2, NVIDIA H200, 27574, 143771, 99, 134.39
2026/07/28 11:08:54.078, 3, NVIDIA H200, 26850, 143771, 0, 137.81
2026/07/28 11:08:54.078, 4, NVIDIA H200, 23535, 143771, 0, 135.03
2026/07/28 11:08:54.078, 5, NVIDIA H200, 24637, 143771, 0, 134.87
2026/07/28 11:08:54.078, 6, NVIDIA H200, 24635, 143771, 0, 136.12
2026/07/28 11:08:54.078, 7, NVIDIA H200, 23673, 143771, 0, 208.21
2026/07/28 11:08:56.078, 0, NVIDIA H200, 26202, 143771, 90, 312.71
2026/07/28 11:08:56.078, 1, NVIDIA H200, 27542, 143771, 100, 267.11
2026/07/28 11:08:56.078, 2, NVIDIA H200, 27576, 143771, 100, 264.74
2026/07/28 11:08:56.078, 3, NVIDIA H200, 26854, 143771, 100, 273.42
2026/07/28 11:08:56.078, 4, NVIDIA H200, 23539, 143771, 100, 275.08
2026/07/28 11:08:56.079, 5, NVIDIA H200, 24641, 143771, 100, 251.29
2026/07/28 11:08:56.079, 6, NVIDIA H200, 24639, 143771, 100, 257.78
2026/07/28 11:08:56.079, 7, NVIDIA H200, 23677, 143771, 100, 259.27
2026/07/28 11:08:58.079, 0, NVIDIA H200, 26990, 143771, 0, 129.97
2026/07/28 11:08:58.631, 1, NVIDIA H200, 28378, 143771, 0, 137.50
2026/07/28 11:08:58.631, 2, NVIDIA H200, 28412, 143771, 0, 124.49
2026/07/28 11:08:58.631, 3, NVIDIA H200, 27690, 143771, 0, 129.14
2026/07/28 11:08:58.631, 4, NVIDIA H200, 24119, 143771, 1, 149.77
2026/07/28 11:08:58.631, 5, NVIDIA H200, 25477, 143771, 0, 129.16
2026/07/28 11:08:58.631, 6, NVIDIA H200, 25475, 143771, 0, 129.50
2026/07/28 11:08:58.631, 7, NVIDIA H200, 24273, 143771, 0, 125.70
2026/07/28 11:09:00.631, 0, NVIDIA H200, 27246, 143771, 85, 219.12
2026/07/28 11:09:00.631, 1, NVIDIA H200, 28634, 143771, 96, 245.84
2026/07/28 11:09:00.631, 2, NVIDIA H200, 28668, 143771, 84, 215.10
2026/07/28 11:09:00.631, 3, NVIDIA H200, 27946, 143771, 94, 228.70
2026/07/28 11:09:00.632, 4, NVIDIA H200, 24631, 143771, 99, 214.64
2026/07/28 11:09:00.632, 5, NVIDIA H200, 25733, 143771, 84, 215.82
2026/07/28 11:09:00.632, 6, NVIDIA H200, 25731, 143771, 85, 233.02
2026/07/28 11:09:00.632, 7, NVIDIA H200, 24529, 143771, 98, 224.46
2026/07/28 11:09:02.632, 0, NVIDIA H200, 27246, 143771, 0, 135.65
2026/07/28 11:09:02.633, 1, NVIDIA H200, 28634, 143771, 0, 142.56
2026/07/28 11:09:02.633, 2, NVIDIA H200, 28670, 143771, 0, 128.92
2026/07/28 11:09:02.633, 3, NVIDIA H200, 27948, 143771, 0, 132.93
2026/07/28 11:09:02.633, 4, NVIDIA H200, 24633, 143771, 0, 136.08
2026/07/28 11:09:02.633, 5, NVIDIA H200, 25735, 143771, 0, 133.87
2026/07/28 11:09:02.633, 6, NVIDIA H200, 25733, 143771, 0, 133.76
2026/07/28 11:09:02.633, 7, NVIDIA H200, 24531, 143771, 0, 129.40
2026/07/28 11:09:04.633, 0, NVIDIA H200, 27246, 143771, 10, 137.36
2026/07/28 11:09:04.637, 1, NVIDIA H200, 28634, 143771, 0, 145.79
2026/07/28 11:09:04.637, 2, NVIDIA H200, 28670, 143771, 0, 129.13
2026/07/28 11:09:04.637, 3, NVIDIA H200, 27948, 143771, 0, 133.92
2026/07/28 11:09:04.637, 4, NVIDIA H200, 24633, 143771, 9, 137.96
2026/07/28 11:09:04.637, 5, NVIDIA H200, 25735, 143771, 9, 134.36
2026/07/28 11:09:04.638, 6, NVIDIA H200, 25733, 143771, 0, 135.94
2026/07/28 11:09:04.638, 7, NVIDIA H200, 24531, 143771, 0, 131.93
2026/07/28 11:09:06.638, 0, NVIDIA H200, 27246, 143771, 0, 157.49
2026/07/28 11:09:06.638, 1, NVIDIA H200, 28634, 143771, 0, 161.36
2026/07/28 11:09:06.638, 2, NVIDIA H200, 28670, 143771, 0, 159.56
2026/07/28 11:09:06.638, 3, NVIDIA H200, 27948, 143771, 0, 154.22
2026/07/28 11:09:06.638, 4, NVIDIA H200, 24633, 143771, 0, 158.98
2026/07/28 11:09:06.638, 5, NVIDIA H200, 25735, 143771, 0, 153.08
2026/07/28 11:09:06.638, 6, NVIDIA H200, 25733, 143771, 0, 155.63
2026/07/28 11:09:06.638, 7, NVIDIA H200, 24531, 143771, 0, 152.07
2026/07/28 11:09:08.639, 0, NVIDIA H200, 27246, 143771, 6, 181.14
2026/07/28 11:09:08.639, 1, NVIDIA H200, 28634, 143771, 27, 187.38
2026/07/28 11:09:08.639, 2, NVIDIA H200, 28670, 143771, 0, 169.97
2026/07/28 11:09:08.639, 3, NVIDIA H200, 27948, 143771, 0, 169.78
2026/07/28 11:09:08.639, 4, NVIDIA H200, 24633, 143771, 0, 185.39
2026/07/28 11:09:08.639, 5, NVIDIA H200, 25735, 143771, 0, 174.93
2026/07/28 11:09:08.639, 6, NVIDIA H200, 25733, 143771, 0, 180.96
2026/07/28 11:09:08.639, 7, NVIDIA H200, 24531, 143771, 32, 179.94
2026/07/28 11:09:10.639, 0, NVIDIA H200, 27246, 143771, 0, 129.62
2026/07/28 11:09:10.649, 1, NVIDIA H200, 28634, 143771, 0, 136.90
2026/07/28 11:09:10.649, 2, NVIDIA H200, 28670, 143771, 35, 142.35
2026/07/28 11:09:10.649, 3, NVIDIA H200, 27948, 143771, 0, 128.76
2026/07/28 11:09:10.649, 4, NVIDIA H200, 24633, 143771, 0, 131.48
2026/07/28 11:09:10.649, 5, NVIDIA H200, 25735, 143771, 0, 127.12
2026/07/28 11:09:10.658, 6, NVIDIA H200, 25733, 143771, 0, 130.54
2026/07/28 11:09:10.658, 7, NVIDIA H200, 24531, 143771, 0, 125.14
2026/07/28 11:09:12.658, 0, NVIDIA H200, 27246, 143771, 0, 129.39
2026/07/28 11:09:12.658, 1, NVIDIA H200, 28634, 143771, 0, 155.28
2026/07/28 11:09:12.658, 2, NVIDIA H200, 28670, 143771, 0, 149.88
2026/07/28 11:09:12.658, 3, NVIDIA H200, 27948, 143771, 0, 149.68
2026/07/28 11:09:12.658, 4, NVIDIA H200, 24633, 143771, 0, 155.95
2026/07/28 11:09:12.658, 5, NVIDIA H200, 25735, 143771, 0, 143.90
2026/07/28 11:09:12.658, 6, NVIDIA H200, 25733, 143771, 0, 153.37
2026/07/28 11:09:12.658, 7, NVIDIA H200, 24531, 143771, 0, 150.34
2026/07/28 11:09:14.658, 0, NVIDIA H200, 27246, 143771, 0, 129.75
2026/07/28 11:09:14.658, 1, NVIDIA H200, 28634, 143771, 0, 136.56
2026/07/28 11:09:14.658, 2, NVIDIA H200, 28670, 143771, 0, 143.74
2026/07/28 11:09:14.658, 3, NVIDIA H200, 27948, 143771, 0, 128.67
2026/07/28 11:09:14.658, 4, NVIDIA H200, 24633, 143771, 0, 153.16
2026/07/28 11:09:14.659, 5, NVIDIA H200, 25735, 143771, 0, 126.85
2026/07/28 11:09:14.659, 6, NVIDIA H200, 25733, 143771, 0, 150.02
2026/07/28 11:09:14.659, 7, NVIDIA H200, 24531, 143771, 0, 146.68
2026/07/28 11:09:16.659, 0, NVIDIA H200, 27246, 143771, 0, 154.50
2026/07/28 11:09:16.659, 1, NVIDIA H200, 28634, 143771, 0, 161.86
2026/07/28 11:09:16.659, 2, NVIDIA H200, 28670, 143771, 0, 123.68
2026/07/28 11:09:16.659, 3, NVIDIA H200, 27948, 143771, 0, 151.74
2026/07/28 11:09:16.659, 4, NVIDIA H200, 24633, 143771, 0, 131.28
2026/07/28 11:09:16.659, 5, NVIDIA H200, 25735, 143771, 0, 128.50
2026/07/28 11:09:16.659, 6, NVIDIA H200, 25733, 143771, 0, 129.02
2026/07/28 11:09:16.659, 7, NVIDIA H200, 24531, 143771, 0, 124.98
2026/07/28 11:09:18.659, 0, NVIDIA H200, 27246, 143771, 0, 151.20
2026/07/28 11:09:18.659, 1, NVIDIA H200, 28634, 143771, 0, 136.39
2026/07/28 11:09:18.659, 2, NVIDIA H200, 28670, 143771, 0, 147.74
2026/07/28 11:09:18.659, 3, NVIDIA H200, 27948, 143771, 0, 152.03
2026/07/28 11:09:18.659, 4, NVIDIA H200, 24633, 143771, 5, 159.35
2026/07/28 11:09:18.660, 5, NVIDIA H200, 25735, 143771, 0, 126.75
2026/07/28 11:09:18.660, 6, NVIDIA H200, 25733, 143771, 0, 155.72
2026/07/28 11:09:18.660, 7, NVIDIA H200, 24531, 143771, 0, 151.80
2026/07/28 11:09:20.660, 0, NVIDIA H200, 27246, 143771, 0, 129.72
2026/07/28 11:09:20.660, 1, NVIDIA H200, 28634, 143771, 0, 163.09
2026/07/28 11:09:20.660, 2, NVIDIA H200, 28670, 143771, 0, 151.82
2026/07/28 11:09:20.660, 3, NVIDIA H200, 27948, 143771, 0, 155.88
2026/07/28 11:09:20.661, 4, NVIDIA H200, 24633, 143771, 0, 157.58
2026/07/28 11:09:20.661, 5, NVIDIA H200, 25735, 143771, 0, 152.62
2026/07/28 11:09:20.661, 6, NVIDIA H200, 25733, 143771, 0, 156.14
2026/07/28 11:09:20.661, 7, NVIDIA H200, 24531, 143771, 0, 152.32
2026/07/28 11:09:22.661, 0, NVIDIA H200, 27246, 143771, 0, 155.37
2026/07/28 11:09:22.661, 1, NVIDIA H200, 28634, 143771, 0, 153.40
2026/07/28 11:09:22.661, 2, NVIDIA H200, 28670, 143771, 32, 150.73
2026/07/28 11:09:22.661, 3, NVIDIA H200, 27948, 143771, 0, 153.32
2026/07/28 11:09:22.661, 4, NVIDIA H200, 24633, 143771, 0, 159.06
2026/07/28 11:09:22.661, 5, NVIDIA H200, 25735, 143771, 76, 151.77
2026/07/28 11:09:22.661, 6, NVIDIA H200, 25735, 143771, 0, 164.79
2026/07/28 11:09:22.661, 7, NVIDIA H200, 24531, 143771, 0, 176.45
2026/07/28 11:09:24.661, 0, NVIDIA H200, 27246, 143771, 0, 157.17
2026/07/28 11:09:24.661, 1, NVIDIA H200, 28634, 143771, 0, 162.01
2026/07/28 11:09:24.661, 2, NVIDIA H200, 28670, 143771, 0, 123.62
2026/07/28 11:09:24.661, 3, NVIDIA H200, 27948, 143771, 0, 157.59
2026/07/28 11:09:24.661, 4, NVIDIA H200, 24635, 143771, 0, 131.36
2026/07/28 11:09:24.662, 5, NVIDIA H200, 25735, 143771, 0, 148.94
2026/07/28 11:09:24.662, 6, NVIDIA H200, 25735, 143771, 0, 129.03
2026/07/28 11:09:24.662, 7, NVIDIA H200, 24531, 143771, 0, 124.90
2026/07/28 11:09:26.662, 0, NVIDIA H200, 27246, 143771, 0, 129.56
2026/07/28 11:09:26.675, 1, NVIDIA H200, 28636, 143771, 0, 136.38
2026/07/28 11:09:26.675, 2, NVIDIA H200, 28670, 143771, 0, 123.51
2026/07/28 11:09:26.675, 3, NVIDIA H200, 27948, 143771, 0, 156.99
2026/07/28 11:09:26.675, 4, NVIDIA H200, 24635, 143771, 0, 131.04
2026/07/28 11:09:26.675, 5, NVIDIA H200, 25737, 143771, 0, 127.49
2026/07/28 11:09:26.676, 6, NVIDIA H200, 25735, 143771, 0, 128.82
2026/07/28 11:09:26.676, 7, NVIDIA H200, 24531, 143771, 0, 124.73
2026/07/28 11:09:28.677, 0, NVIDIA H200, 27246, 143771, 0, 129.43
2026/07/28 11:09:28.677, 1, NVIDIA H200, 28636, 143771, 0, 136.29
2026/07/28 11:09:28.677, 2, NVIDIA H200, 28670, 143771, 0, 123.43
2026/07/28 11:09:28.677, 3, NVIDIA H200, 27948, 143771, 0, 128.50
2026/07/28 11:09:28.677, 4, NVIDIA H200, 24635, 143771, 0, 130.97
2026/07/28 11:09:28.677, 5, NVIDIA H200, 25737, 143771, 0, 127.36
2026/07/28 11:09:28.677, 6, NVIDIA H200, 25735, 143771, 0, 128.70
2026/07/28 11:09:28.677, 7, NVIDIA H200, 24531, 143771, 0, 124.62
2026/07/28 11:09:30.677, 0, NVIDIA H200, 27246, 143771, 0, 129.44
2026/07/28 11:09:30.678, 1, NVIDIA H200, 28636, 143771, 0, 136.20
2026/07/28 11:09:30.678, 2, NVIDIA H200, 33654, 143771, 0, 139.38
2026/07/28 11:09:30.678, 3, NVIDIA H200, 27948, 143771, 0, 128.38
2026/07/28 11:09:30.678, 4, NVIDIA H200, 29617, 143771, 92, 147.51
2026/07/28 11:09:30.678, 5, NVIDIA H200, 25737, 143771, 0, 127.30
2026/07/28 11:09:30.678, 6, NVIDIA H200, 25735, 143771, 0, 128.65
2026/07/28 11:09:30.678, 7, NVIDIA H200, 29515, 143771, 42, 141.37
2026/07/28 11:09:32.678, 0, NVIDIA H200, 32230, 143771, 0, 129.45
2026/07/28 11:09:32.678, 1, NVIDIA H200, 33618, 143771, 0, 139.65
2026/07/28 11:09:32.679, 2, NVIDIA H200, 33654, 143771, 0, 123.43
2026/07/28 11:09:32.679, 3, NVIDIA H200, 27948, 143771, 0, 128.41
2026/07/28 11:09:32.679, 4, NVIDIA H200, 29617, 143771, 0, 130.94
2026/07/28 11:09:32.679, 5, NVIDIA H200, 30719, 143771, 0, 127.22
2026/07/28 11:09:32.679, 6, NVIDIA H200, 30717, 143771, 0, 128.74
2026/07/28 11:09:32.679, 7, NVIDIA H200, 29515, 143771, 0, 124.67
2026/07/28 11:09:34.679, 0, NVIDIA H200, 32230, 143771, 0, 129.33
2026/07/28 11:09:34.679, 1, NVIDIA H200, 33618, 143771, 0, 136.13
2026/07/28 11:09:34.679, 2, NVIDIA H200, 33654, 143771, 0, 123.36
2026/07/28 11:09:34.679, 3, NVIDIA H200, 32932, 143771, 0, 128.32
2026/07/28 11:09:34.679, 4, NVIDIA H200, 29617, 143771, 0, 130.85
2026/07/28 11:09:34.679, 5, NVIDIA H200, 30719, 143771, 0, 126.99
2026/07/28 11:09:34.679, 6, NVIDIA H200, 30717, 143771, 0, 128.59
2026/07/28 11:09:34.679, 7, NVIDIA H200, 29515, 143771, 0, 124.59
2026/07/28 11:09:36.679, 0, NVIDIA H200, 32230, 143771, 0, 129.26
2026/07/28 11:09:36.680, 1, NVIDIA H200, 33618, 143771, 0, 136.08
2026/07/28 11:09:36.680, 2, NVIDIA H200, 33654, 143771, 0, 123.27
2026/07/28 11:09:36.680, 3, NVIDIA H200, 32932, 143771, 0, 128.36
2026/07/28 11:09:36.680, 4, NVIDIA H200, 29617, 143771, 0, 130.79
2026/07/28 11:09:36.680, 5, NVIDIA H200, 30719, 143771, 0, 127.16
2026/07/28 11:09:36.680, 6, NVIDIA H200, 30717, 143771, 0, 128.60
2026/07/28 11:09:36.680, 7, NVIDIA H200, 29515, 143771, 0, 124.59
2026/07/28 11:09:38.680, 0, NVIDIA H200, 32230, 143771, 0, 150.16
2026/07/28 11:09:38.680, 1, NVIDIA H200, 33618, 143771, 68, 157.27
2026/07/28 11:09:38.680, 2, NVIDIA H200, 33654, 143771, 0, 123.37
2026/07/28 11:09:38.680, 3, NVIDIA H200, 32932, 143771, 0, 128.30
2026/07/28 11:09:38.680, 4, NVIDIA H200, 29617, 143771, 0, 130.88
2026/07/28 11:09:38.680, 5, NVIDIA H200, 30719, 143771, 0, 127.11
2026/07/28 11:09:38.680, 6, NVIDIA H200, 30717, 143771, 0, 128.78
2026/07/28 11:09:38.680, 7, NVIDIA H200, 29515, 143771, 0, 124.61
2026/07/28 11:09:40.680, 0, NVIDIA H200, 32230, 143771, 0, 129.28
2026/07/28 11:09:40.682, 1, NVIDIA H200, 33618, 143771, 0, 136.10
2026/07/28 11:09:40.683, 2, NVIDIA H200, 33654, 143771, 0, 123.25
2026/07/28 11:09:40.683, 3, NVIDIA H200, 32932, 143771, 0, 128.38
2026/07/28 11:09:40.687, 4, NVIDIA H200, 29617, 143771, 0, 130.76
2026/07/28 11:09:40.691, 5, NVIDIA H200, 30719, 143771, 0, 126.47
2026/07/28 11:09:40.691, 6, NVIDIA H200, 30717, 143771, 0, 128.56
2026/07/28 11:09:40.691, 7, NVIDIA H200, 29515, 143771, 0, 124.53
2026/07/28 11:09:42.691, 0, NVIDIA H200, 32230, 143771, 0, 129.16
2026/07/28 11:09:42.691, 1, NVIDIA H200, 33618, 143771, 0, 135.98
2026/07/28 11:09:42.691, 2, NVIDIA H200, 33654, 143771, 0, 123.22
2026/07/28 11:09:42.691, 3, NVIDIA H200, 32932, 143771, 0, 128.32
2026/07/28 11:09:42.691, 4, NVIDIA H200, 29617, 143771, 0, 130.71
2026/07/28 11:09:42.692, 5, NVIDIA H200, 30719, 143771, 0, 126.36
2026/07/28 11:09:42.692, 6, NVIDIA H200, 30717, 143771, 0, 128.48
2026/07/28 11:09:42.692, 7, NVIDIA H200, 29515, 143771, 0, 124.48
2026/07/28 11:09:44.692, 0, NVIDIA H200, 32230, 143771, 100, 150.15
2026/07/28 11:09:44.692, 1, NVIDIA H200, 33618, 143771, 0, 135.95
2026/07/28 11:09:44.692, 2, NVIDIA H200, 33654, 143771, 0, 138.81
2026/07/28 11:09:44.692, 3, NVIDIA H200, 32932, 143771, 0, 128.23
2026/07/28 11:09:44.692, 4, NVIDIA H200, 29617, 143771, 0, 147.65
2026/07/28 11:09:44.692, 5, NVIDIA H200, 30719, 143771, 0, 126.28
2026/07/28 11:09:44.692, 6, NVIDIA H200, 30717, 143771, 0, 145.02
2026/07/28 11:09:44.692, 7, NVIDIA H200, 29515, 143771, 0, 140.90
2026/07/28 11:09:46.692, 0, NVIDIA H200, 32230, 143771, 0, 157.40
2026/07/28 11:09:46.693, 1, NVIDIA H200, 33618, 143771, 0, 136.11
2026/07/28 11:09:46.693, 2, NVIDIA H200, 33654, 143771, 0, 150.76
2026/07/28 11:09:46.693, 3, NVIDIA H200, 32932, 143771, 89, 145.55
2026/07/28 11:09:46.693, 4, NVIDIA H200, 29617, 143771, 0, 159.31
2026/07/28 11:09:46.693, 5, NVIDIA H200, 30719, 143771, 0, 142.82
2026/07/28 11:09:46.693, 6, NVIDIA H200, 30717, 143771, 0, 155.56
2026/07/28 11:09:46.693, 7, NVIDIA H200, 29515, 143771, 0, 151.67
2026/07/28 11:09:48.693, 0, NVIDIA H200, 32230, 143771, 0, 157.49
2026/07/28 11:09:48.693, 1, NVIDIA H200, 33618, 143771, 0, 137.06
2026/07/28 11:09:48.693, 2, NVIDIA H200, 33654, 143771, 0, 125.18
2026/07/28 11:09:48.693, 3, NVIDIA H200, 32932, 143771, 0, 156.83
2026/07/28 11:09:48.693, 4, NVIDIA H200, 29617, 143771, 0, 157.37
2026/07/28 11:09:48.693, 5, NVIDIA H200, 30719, 143771, 0, 151.71
2026/07/28 11:09:48.693, 6, NVIDIA H200, 30717, 143771, 0, 154.01
2026/07/28 11:09:48.693, 7, NVIDIA H200, 29515, 143771, 0, 153.14
2026/07/28 11:09:50.694, 0, NVIDIA H200, 32230, 143771, 0, 158.66
2026/07/28 11:09:50.695, 1, NVIDIA H200, 33618, 143771, 0, 146.46
2026/07/28 11:09:50.699, 2, NVIDIA H200, 33654, 143771, 0, 123.45
2026/07/28 11:09:50.702, 3, NVIDIA H200, 32932, 143771, 0, 156.68
2026/07/28 11:09:50.702, 4, NVIDIA H200, 29617, 143771, 0, 159.40
2026/07/28 11:09:50.702, 5, NVIDIA H200, 30719, 143771, 0, 152.55
2026/07/28 11:09:50.703, 6, NVIDIA H200, 30717, 143771, 0, 128.57
2026/07/28 11:09:50.703, 7, NVIDIA H200, 29515, 143771, 0, 152.57
2026/07/28 11:09:52.703, 0, NVIDIA H200, 32230, 143771, 0, 129.13
2026/07/28 11:09:52.703, 1, NVIDIA H200, 33618, 143771, 0, 161.39
2026/07/28 11:09:52.703, 2, NVIDIA H200, 33654, 143771, 0, 145.46
2026/07/28 11:09:52.703, 3, NVIDIA H200, 32932, 143771, 0, 158.38
2026/07/28 11:09:52.703, 4, NVIDIA H200, 29617, 143771, 15, 155.43
2026/07/28 11:09:52.703, 5, NVIDIA H200, 30719, 143771, 0, 153.20
2026/07/28 11:09:52.703, 6, NVIDIA H200, 30717, 143771, 0, 128.50
2026/07/28 11:09:52.703, 7, NVIDIA H200, 29515, 143771, 0, 147.93
2026/07/28 11:09:54.703, 0, NVIDIA H200, 32230, 143771, 0, 129.24
2026/07/28 11:09:54.704, 1, NVIDIA H200, 33618, 143771, 42, 160.84
2026/07/28 11:09:54.704, 2, NVIDIA H200, 33654, 143771, 0, 123.24
2026/07/28 11:09:54.704, 3, NVIDIA H200, 32932, 143771, 68, 155.22
2026/07/28 11:09:54.704, 4, NVIDIA H200, 29617, 143771, 0, 157.25
2026/07/28 11:09:54.704, 5, NVIDIA H200, 30719, 143771, 7, 151.87
2026/07/28 11:09:54.704, 6, NVIDIA H200, 30717, 143771, 0, 150.44
2026/07/28 11:09:54.704, 7, NVIDIA H200, 29515, 143771, 90, 149.00
2026/07/28 11:09:56.704, 0, NVIDIA H200, 32230, 143771, 0, 129.21
2026/07/28 11:09:56.704, 1, NVIDIA H200, 33618, 143771, 0, 138.23
2026/07/28 11:09:56.704, 2, NVIDIA H200, 33654, 143771, 0, 123.30
2026/07/28 11:09:56.704, 3, NVIDIA H200, 32932, 143771, 0, 132.44
2026/07/28 11:09:56.704, 4, NVIDIA H200, 29617, 143771, 0, 130.75
2026/07/28 11:09:56.704, 5, NVIDIA H200, 30719, 143771, 15, 151.34
2026/07/28 11:09:56.704, 6, NVIDIA H200, 30719, 143771, 0, 153.33
2026/07/28 11:09:56.704, 7, NVIDIA H200, 29515, 143771, 0, 124.55
2026/07/28 11:09:58.705, 0, NVIDIA H200, 32232, 143771, 89, 156.04
2026/07/28 11:09:58.705, 1, NVIDIA H200, 33618, 143771, 0, 136.10
2026/07/28 11:09:58.705, 2, NVIDIA H200, 33654, 143771, 70, 150.24
2026/07/28 11:09:58.705, 3, NVIDIA H200, 32932, 143771, 0, 128.41
2026/07/28 11:09:58.705, 4, NVIDIA H200, 29619, 143771, 0, 158.07
2026/07/28 11:09:58.705, 5, NVIDIA H200, 30719, 143771, 0, 127.13
2026/07/28 11:09:58.705, 6, NVIDIA H200, 30719, 143771, 49, 151.52
2026/07/28 11:09:58.705, 7, NVIDIA H200, 29515, 143771, 0, 151.86
2026/07/28 11:10:00.705, 0, NVIDIA H200, 32232, 143771, 0, 157.04
2026/07/28 11:10:00.705, 1, NVIDIA H200, 33620, 143771, 0, 138.71
2026/07/28 11:10:00.705, 2, NVIDIA H200, 33656, 143771, 0, 145.20
2026/07/28 11:10:00.705, 3, NVIDIA H200, 32932, 143771, 0, 155.25
2026/07/28 11:10:00.706, 4, NVIDIA H200, 29619, 143771, 91, 156.15
2026/07/28 11:10:00.706, 5, NVIDIA H200, 30721, 143771, 0, 152.47
2026/07/28 11:10:00.706, 6, NVIDIA H200, 30719, 143771, 0, 130.00
2026/07/28 11:10:00.706, 7, NVIDIA H200, 29517, 143771, 85, 150.81
2026/07/28 11:10:02.706, 0, NVIDIA H200, 32232, 143771, 0, 229.16
2026/07/28 11:10:02.707, 1, NVIDIA H200, 33620, 143771, 0, 161.67
2026/07/28 11:10:02.707, 2, NVIDIA H200, 33656, 143771, 69, 214.91
2026/07/28 11:10:02.707, 3, NVIDIA H200, 32934, 143771, 18, 157.79
2026/07/28 11:10:02.707, 4, NVIDIA H200, 29619, 143771, 51, 210.33
2026/07/28 11:10:02.707, 5, NVIDIA H200, 30721, 143771, 63, 154.22
2026/07/28 11:10:02.707, 6, NVIDIA H200, 30719, 143771, 20, 152.57
2026/07/28 11:10:02.707, 7, NVIDIA H200, 29517, 143771, 0, 206.89
2026/07/28 11:10:04.707, 0, NVIDIA H200, 32232, 143771, 0, 156.54
2026/07/28 11:10:04.707, 1, NVIDIA H200, 33620, 143771, 79, 236.06
2026/07/28 11:10:04.707, 2, NVIDIA H200, 33656, 143771, 0, 150.23
2026/07/28 11:10:04.707, 3, NVIDIA H200, 32934, 143771, 0, 213.64
2026/07/28 11:10:04.707, 4, NVIDIA H200, 29619, 143771, 0, 131.11
2026/07/28 11:10:04.707, 5, NVIDIA H200, 30721, 143771, 25, 204.15
2026/07/28 11:10:04.707, 6, NVIDIA H200, 30719, 143771, 0, 179.05
2026/07/28 11:10:04.707, 7, NVIDIA H200, 29517, 143771, 0, 124.89
2026/07/28 11:10:06.708, 0, NVIDIA H200, 32232, 143771, 0, 129.31
2026/07/28 11:10:06.708, 1, NVIDIA H200, 33620, 143771, 0, 176.13
2026/07/28 11:10:06.708, 2, NVIDIA H200, 33656, 143771, 0, 123.41
2026/07/28 11:10:06.708, 3, NVIDIA H200, 32934, 143771, 0, 128.74
2026/07/28 11:10:06.708, 4, NVIDIA H200, 29619, 143771, 7, 206.71
2026/07/28 11:10:06.708, 5, NVIDIA H200, 30721, 143771, 0, 127.36
2026/07/28 11:10:06.708, 6, NVIDIA H200, 30719, 143771, 0, 135.59
2026/07/28 11:10:06.708, 7, NVIDIA H200, 29517, 143771, 3, 166.48
2026/07/28 11:10:08.708, 0, NVIDIA H200, 32232, 143771, 0, 163.27
2026/07/28 11:10:08.708, 1, NVIDIA H200, 33620, 143771, 0, 136.41
2026/07/28 11:10:08.708, 2, NVIDIA H200, 33656, 143771, 0, 156.14
2026/07/28 11:10:08.709, 3, NVIDIA H200, 32934, 143771, 37, 174.23
2026/07/28 11:10:08.709, 4, NVIDIA H200, 29619, 143771, 24, 214.23
2026/07/28 11:10:08.709, 5, NVIDIA H200, 30721, 143771, 1, 170.75
2026/07/28 11:10:08.709, 6, NVIDIA H200, 30719, 143771, 0, 128.78
2026/07/28 11:10:08.709, 7, NVIDIA H200, 29517, 143771, 89, 167.11
2026/07/28 11:10:10.709, 0, NVIDIA H200, 32232, 143771, 44, 225.50
2026/07/28 11:10:10.709, 1, NVIDIA H200, 33620, 143771, 0, 151.82
2026/07/28 11:10:10.709, 2, NVIDIA H200, 33656, 143771, 18, 207.07
2026/07/28 11:10:10.710, 3, NVIDIA H200, 32934, 143771, 10, 184.60
2026/07/28 11:10:10.710, 4, NVIDIA H200, 29619, 143771, 1, 246.34
2026/07/28 11:10:10.710, 5, NVIDIA H200, 30721, 143771, 36, 178.13
2026/07/28 11:10:10.710, 6, NVIDIA H200, 30719, 143771, 0, 163.93
2026/07/28 11:10:10.710, 7, NVIDIA H200, 29517, 143771, 21, 261.26
2026/07/28 11:10:12.710, 0, NVIDIA H200, 32232, 143771, 10, 241.32
2026/07/28 11:10:12.710, 1, NVIDIA H200, 33620, 143771, 0, 165.21
2026/07/28 11:10:12.710, 2, NVIDIA H200, 33656, 143771, 55, 242.65
2026/07/28 11:10:12.710, 3, NVIDIA H200, 32934, 143771, 45, 270.30
2026/07/28 11:10:12.710, 4, NVIDIA H200, 29619, 143771, 0, 131.99
2026/07/28 11:10:12.710, 5, NVIDIA H200, 30721, 143771, 0, 263.78
2026/07/28 11:10:12.711, 6, NVIDIA H200, 30719, 143771, 17, 229.56
2026/07/28 11:10:12.711, 7, NVIDIA H200, 29517, 143771, 0, 177.99
2026/07/28 11:10:14.711, 0, NVIDIA H200, 32232, 143771, 0, 188.34
2026/07/28 11:10:14.711, 1, NVIDIA H200, 33620, 143771, 16, 243.14
2026/07/28 11:10:14.711, 2, NVIDIA H200, 33656, 143771, 35, 182.20
2026/07/28 11:10:14.711, 3, NVIDIA H200, 32934, 143771, 0, 158.30
2026/07/28 11:10:14.711, 4, NVIDIA H200, 29619, 143771, 87, 188.59
2026/07/28 11:10:14.711, 5, NVIDIA H200, 30721, 143771, 0, 168.03
2026/07/28 11:10:14.711, 6, NVIDIA H200, 30719, 143771, 8, 239.71
2026/07/28 11:10:14.711, 7, NVIDIA H200, 29517, 143771, 0, 178.52
2026/07/28 11:10:16.711, 0, NVIDIA H200, 32232, 143771, 0, 202.70
2026/07/28 11:10:16.712, 1, NVIDIA H200, 33620, 143771, 0, 236.38
2026/07/28 11:10:16.712, 2, NVIDIA H200, 33656, 143771, 0, 200.65
2026/07/28 11:10:16.712, 3, NVIDIA H200, 32934, 143771, 0, 206.79
2026/07/28 11:10:16.712, 4, NVIDIA H200, 29619, 143771, 0, 167.68
2026/07/28 11:10:16.712, 5, NVIDIA H200, 30721, 143771, 0, 180.23
2026/07/28 11:10:16.712, 6, NVIDIA H200, 30719, 143771, 0, 193.95
2026/07/28 11:10:16.712, 7, NVIDIA H200, 29517, 143771, 0, 173.07
2026/07/28 11:10:18.712, 0, NVIDIA H200, 32232, 143771, 0, 170.40
2026/07/28 11:10:18.712, 1, NVIDIA H200, 33620, 143771, 98, 224.04
2026/07/28 11:10:18.712, 2, NVIDIA H200, 33656, 143771, 0, 156.49
2026/07/28 11:10:18.713, 3, NVIDIA H200, 32934, 143771, 0, 153.25
2026/07/28 11:10:18.713, 4, NVIDIA H200, 29619, 143771, 0, 182.10
2026/07/28 11:10:18.713, 5, NVIDIA H200, 30721, 143771, 0, 149.65
2026/07/28 11:10:18.713, 6, NVIDIA H200, 30719, 143771, 0, 200.89
2026/07/28 11:10:18.713, 7, NVIDIA H200, 29517, 143771, 98, 177.57
2026/07/28 11:10:20.713, 0, NVIDIA H200, 32232, 143771, 0, 130.05
2026/07/28 11:10:20.713, 1, NVIDIA H200, 33620, 143771, 0, 178.31
2026/07/28 11:10:20.713, 2, NVIDIA H200, 33656, 143771, 0, 123.93
2026/07/28 11:10:20.713, 3, NVIDIA H200, 32934, 143771, 0, 179.71
2026/07/28 11:10:20.713, 4, NVIDIA H200, 29619, 143771, 0, 158.00
2026/07/28 11:10:20.713, 5, NVIDIA H200, 30721, 143771, 36, 177.93
2026/07/28 11:10:20.713, 6, NVIDIA H200, 30719, 143771, 0, 177.42
2026/07/28 11:10:20.713, 7, NVIDIA H200, 29517, 143771, 0, 151.03
2026/07/28 11:10:22.724, 0, NVIDIA H200, 32232, 143771, 0, 178.57
2026/07/28 11:10:22.724, 1, NVIDIA H200, 33620, 143771, 0, 167.66
2026/07/28 11:10:22.725, 2, NVIDIA H200, 33656, 143771, 9, 165.14
2026/07/28 11:10:22.725, 3, NVIDIA H200, 32934, 143771, 0, 165.24
2026/07/28 11:10:22.725, 4, NVIDIA H200, 29619, 143771, 100, 156.63
2026/07/28 11:10:22.725, 5, NVIDIA H200, 30721, 143771, 8, 155.05
2026/07/28 11:10:22.725, 6, NVIDIA H200, 30719, 143771, 0, 149.99
2026/07/28 11:10:22.725, 7, NVIDIA H200, 29517, 143771, 100, 155.65
2026/07/28 11:10:24.725, 0, NVIDIA H200, 32232, 143771, 100, 131.38
2026/07/28 11:10:24.725, 1, NVIDIA H200, 33620, 143771, 0, 156.92
2026/07/28 11:10:24.725, 2, NVIDIA H200, 33656, 143771, 100, 125.13
2026/07/28 11:10:24.725, 3, NVIDIA H200, 32934, 143771, 100, 154.36
2026/07/28 11:10:24.725, 4, NVIDIA H200, 29619, 143771, 100, 134.36
2026/07/28 11:10:24.725, 5, NVIDIA H200, 30721, 143771, 63, 175.37
2026/07/28 11:10:24.725, 6, NVIDIA H200, 30719, 143771, 38, 177.93
2026/07/28 11:10:24.725, 7, NVIDIA H200, 29517, 143771, 100, 127.70
2026/07/28 11:10:26.725, 0, NVIDIA H200, 32232, 143771, 100, 131.04
2026/07/28 11:10:26.726, 1, NVIDIA H200, 33620, 143771, 0, 165.72
2026/07/28 11:10:26.726, 2, NVIDIA H200, 33656, 143771, 100, 124.90
2026/07/28 11:10:26.726, 3, NVIDIA H200, 32934, 143771, 100, 130.09
2026/07/28 11:10:26.726, 4, NVIDIA H200, 29619, 143771, 100, 132.64
2026/07/28 11:10:26.726, 5, NVIDIA H200, 30721, 143771, 100, 128.27
2026/07/28 11:10:26.726, 6, NVIDIA H200, 30719, 143771, 100, 130.55
2026/07/28 11:10:26.726, 7, NVIDIA H200, 29517, 143771, 100, 126.22
2026/07/28 11:10:28.726, 0, NVIDIA H200, 32840, 143771, 64, 159.90
2026/07/28 11:10:28.726, 1, NVIDIA H200, 34228, 143771, 70, 187.58
2026/07/28 11:10:28.726, 2, NVIDIA H200, 34290, 143771, 33, 153.89
2026/07/28 11:10:28.726, 3, NVIDIA H200, 33568, 143771, 70, 162.91
2026/07/28 11:10:28.726, 4, NVIDIA H200, 30251, 143771, 67, 161.85
2026/07/28 11:10:28.726, 5, NVIDIA H200, 31355, 143771, 51, 155.95
2026/07/28 11:10:28.726, 6, NVIDIA H200, 31353, 143771, 59, 157.39
2026/07/28 11:10:28.726, 7, NVIDIA H200, 30151, 143771, 40, 155.76
2026/07/28 11:10:30.727, 0, NVIDIA H200, 36098, 143771, 36, 136.15
2026/07/28 11:10:30.731, 1, NVIDIA H200, 37580, 143771, 21, 143.25
2026/07/28 11:10:30.731, 2, NVIDIA H200, 37650, 143771, 56, 129.84
2026/07/28 11:10:30.731, 3, NVIDIA H200, 36928, 143771, 16, 134.95
2026/07/28 11:10:30.731, 4, NVIDIA H200, 33613, 143771, 71, 138.57
2026/07/28 11:10:30.731, 5, NVIDIA H200, 34715, 143771, 37, 133.17
2026/07/28 11:10:30.731, 6, NVIDIA H200, 34713, 143771, 50, 135.67
2026/07/28 11:10:30.732, 7, NVIDIA H200, 33031, 143771, 12, 131.60
2026/07/28 11:10:32.732, 0, NVIDIA H200, 33056, 143771, 0, 130.00
2026/07/28 11:10:32.733, 1, NVIDIA H200, 33550, 143771, 0, 136.90
2026/07/28 11:10:32.733, 2, NVIDIA H200, 32956, 143771, 0, 123.82
2026/07/28 11:10:32.734, 3, NVIDIA H200, 32016, 143771, 1, 129.10
2026/07/28 11:10:32.734, 4, NVIDIA H200, 28893, 143771, 0, 131.58
2026/07/28 11:10:32.736, 5, NVIDIA H200, 29533, 143771, 0, 127.07
2026/07/28 11:10:32.737, 6, NVIDIA H200, 29735, 143771, 1, 129.35
2026/07/28 11:10:32.739, 7, NVIDIA H200, 28567, 143771, 0, 125.16
2026/07/28 11:10:34.740, 0, NVIDIA H200, 26704, 143771, 3, 130.02
2026/07/28 11:10:34.741, 1, NVIDIA H200, 26280, 143771, 3, 137.00
2026/07/28 11:10:34.741, 2, NVIDIA H200, 26118, 143771, 3, 123.90
2026/07/28 11:10:34.742, 3, NVIDIA H200, 25404, 143771, 3, 129.01
2026/07/28 11:10:34.742, 4, NVIDIA H200, 22575, 143771, 3, 131.60
2026/07/28 11:10:34.743, 5, NVIDIA H200, 23149, 143771, 3, 127.16
2026/07/28 11:10:34.744, 6, NVIDIA H200, 23215, 143771, 2, 129.43
2026/07/28 11:10:34.744, 7, NVIDIA H200, 22747, 143771, 4, 125.25
2026/07/28 11:10:36.745, 0, NVIDIA H200, 22964, 143771, 6, 130.32
2026/07/28 11:10:36.745, 1, NVIDIA H200, 22852, 143771, 5, 137.33
2026/07/28 11:10:36.745, 2, NVIDIA H200, 22766, 143771, 1, 124.29
2026/07/28 11:10:36.745, 3, NVIDIA H200, 22060, 143771, 0, 129.59
2026/07/28 11:10:36.745, 4, NVIDIA H200, 18209, 143771, 5, 131.88
2026/07/28 11:10:36.745, 5, NVIDIA H200, 19899, 143771, 4, 127.46
2026/07/28 11:10:36.745, 6, NVIDIA H200, 19895, 143771, 0, 129.61
2026/07/28 11:10:36.745, 7, NVIDIA H200, 19353, 143771, 5, 125.73
2026/07/28 11:10:38.745, 0, NVIDIA H200, 18692, 143771, 5, 130.26
2026/07/28 11:10:38.746, 1, NVIDIA H200, 18346, 143771, 6, 136.88
2026/07/28 11:10:38.746, 2, NVIDIA H200, 18180, 143771, 5, 124.12
2026/07/28 11:10:38.746, 3, NVIDIA H200, 17400, 143771, 5, 129.26
2026/07/28 11:10:38.746, 4, NVIDIA H200, 14247, 143771, 5, 131.85
2026/07/28 11:10:38.746, 5, NVIDIA H200, 15367, 143771, 6, 127.26
2026/07/28 11:10:38.746, 6, NVIDIA H200, 15461, 143771, 6, 129.60
2026/07/28 11:10:38.746, 7, NVIDIA H200, 16483, 143771, 0, 125.23
2026/07/28 11:10:40.746, 0, NVIDIA H200, 15222, 143771, 4, 130.09
2026/07/28 11:10:40.748, 1, NVIDIA H200, 15038, 143771, 3, 136.86
2026/07/28 11:10:40.751, 2, NVIDIA H200, 15038, 143771, 0, 123.75
2026/07/28 11:10:40.751, 3, NVIDIA H200, 14318, 143771, 3, 129.33
2026/07/28 11:10:40.751, 4, NVIDIA H200, 12053, 143771, 0, 131.10
2026/07/28 11:10:40.752, 5, NVIDIA H200, 12101, 143771, 1, 127.65
2026/07/28 11:10:40.752, 6, NVIDIA H200, 12101, 143771, 0, 129.26
2026/07/28 11:10:40.756, 7, NVIDIA H200, 12363, 143771, 4, 125.50
2026/07/28 11:10:42.756, 0, NVIDIA H200, 23286, 143771, 12, 130.56
2026/07/28 11:10:42.761, 1, NVIDIA H200, 23258, 143771, 7, 137.33
2026/07/28 11:10:42.762, 2, NVIDIA H200, 23606, 143771, 13, 124.50
2026/07/28 11:10:42.762, 3, NVIDIA H200, 22534, 143771, 11, 129.61
2026/07/28 11:10:42.762, 4, NVIDIA H200, 19247, 143771, 13, 132.07
2026/07/28 11:10:42.762, 5, NVIDIA H200, 19761, 143771, 8, 128.10
2026/07/28 11:10:42.762, 6, NVIDIA H200, 20017, 143771, 10, 129.84
2026/07/28 11:10:42.762, 7, NVIDIA H200, 19115, 143771, 6, 125.75
2026/07/28 11:10:44.762, 0, NVIDIA H200, 31666, 143771, 9, 130.42
2026/07/28 11:10:44.768, 1, NVIDIA H200, 31860, 143771, 1, 137.23
2026/07/28 11:10:44.768, 2, NVIDIA H200, 31860, 143771, 1, 124.31
2026/07/28 11:10:44.768, 3, NVIDIA H200, 31140, 143771, 1, 129.54
2026/07/28 11:10:44.768, 4, NVIDIA H200, 28907, 143771, 12, 132.08
2026/07/28 11:10:44.768, 5, NVIDIA H200, 28571, 143771, 13, 128.03
2026/07/28 11:10:44.768, 6, NVIDIA H200, 28953, 143771, 11, 129.75
2026/07/28 11:10:44.768, 7, NVIDIA H200, 28477, 143771, 13, 125.69
2026/07/28 11:10:46.768, 0, NVIDIA H200, 32150, 143771, 0, 129.31
2026/07/28 11:10:47.331, 1, NVIDIA H200, 32390, 143771, 0, 136.09
2026/07/28 11:10:47.331, 2, NVIDIA H200, 32390, 143771, 0, 123.29
2026/07/28 11:10:47.331, 3, NVIDIA H200, 31670, 143771, 0, 128.40
2026/07/28 11:10:47.331, 4, NVIDIA H200, 29441, 143771, 1, 131.71
2026/07/28 11:10:47.331, 5, NVIDIA H200, 29487, 143771, 0, 127.10
2026/07/28 11:10:47.331, 6, NVIDIA H200, 29487, 143771, 0, 128.70
2026/07/28 11:10:47.332, 7, NVIDIA H200, 28769, 143771, 0, 124.58
2026/07/28 11:10:49.332, 0, NVIDIA H200, 31840, 143771, 1, 129.87
2026/07/28 11:10:49.332, 1, NVIDIA H200, 33114, 143771, 0, 136.55
2026/07/28 11:10:49.332, 2, NVIDIA H200, 32826, 143771, 2, 123.71
2026/07/28 11:10:49.332, 3, NVIDIA H200, 32106, 143771, 2, 128.80
2026/07/28 11:10:49.332, 4, NVIDIA H200, 28825, 143771, 2, 131.57
2026/07/28 11:10:49.332, 5, NVIDIA H200, 29923, 143771, 1, 127.60
2026/07/28 11:10:49.332, 6, NVIDIA H200, 29923, 143771, 1, 129.29
2026/07/28 11:10:49.332, 7, NVIDIA H200, 29493, 143771, 1, 124.91
2026/07/28 11:10:51.332, 0, NVIDIA H200, 70780, 143771, 0, 129.29
2026/07/28 11:10:51.340, 1, NVIDIA H200, 72024, 143771, 0, 136.08
2026/07/28 11:10:51.350, 2, NVIDIA H200, 72024, 143771, 0, 123.24
2026/07/28 11:10:51.350, 3, NVIDIA H200, 71304, 143771, 0, 128.35
2026/07/28 11:10:51.361, 4, NVIDIA H200, 68023, 143771, 0, 130.90
2026/07/28 11:10:51.371, 5, NVIDIA H200, 69121, 143771, 0, 127.24
2026/07/28 11:10:51.380, 6, NVIDIA H200, 69121, 143771, 0, 128.70
2026/07/28 11:10:51.381, 7, NVIDIA H200, 68643, 143771, 0, 124.45
2026/07/28 11:10:53.381, 0, NVIDIA H200, 70780, 143771, 0, 133.69
2026/07/28 11:10:53.381, 1, NVIDIA H200, 72024, 143771, 0, 140.63
2026/07/28 11:10:53.381, 2, NVIDIA H200, 72024, 143771, 0, 127.43
2026/07/28 11:10:53.381, 3, NVIDIA H200, 71304, 143771, 0, 132.86
2026/07/28 11:10:53.381, 4, NVIDIA H200, 68021, 143771, 0, 135.20
2026/07/28 11:10:53.381, 5, NVIDIA H200, 69121, 143771, 0, 131.31
2026/07/28 11:10:53.381, 6, NVIDIA H200, 69121, 143771, 0, 132.93
2026/07/28 11:10:53.381, 7, NVIDIA H200, 68641, 143771, 0, 128.85
2026/07/28 11:10:55.381, 0, NVIDIA H200, 68887, 143771, 0, 133.75
2026/07/28 11:10:55.697, 1, NVIDIA H200, 70083, 143771, 0, 140.70
2026/07/28 11:10:55.708, 2, NVIDIA H200, 70083, 143771, 0, 127.72
2026/07/28 11:10:55.708, 3, NVIDIA H200, 69603, 143771, 0, 133.17
2026/07/28 11:10:55.719, 4, NVIDIA H200, 8895, 143771, 0, 137.84
2026/07/28 11:10:55.728, 5, NVIDIA H200, 9947, 143771, 100, 136.56
2026/07/28 11:10:55.739, 6, NVIDIA H200, 9947, 143771, 0, 138.57
2026/07/28 11:10:55.749, 7, NVIDIA H200, 9707, 143771, 0, 134.29
2026/07/28 11:10:57.754, 0, NVIDIA H200, 7805, 143771, 0, 135.23
2026/07/28 11:10:57.755, 1, NVIDIA H200, 8857, 143771, 0, 140.64
2026/07/28 11:10:57.755, 2, NVIDIA H200, 8857, 143771, 0, 127.44
2026/07/28 11:10:57.755, 3, NVIDIA H200, 8857, 143771, 0, 132.86
2026/07/28 11:10:57.755, 4, NVIDIA H200, 7805, 143771, 0, 135.26
2026/07/28 11:10:57.755, 5, NVIDIA H200, 8857, 143771, 0, 131.34
2026/07/28 11:10:57.755, 6, NVIDIA H200, 8857, 143771, 0, 133.00
2026/07/28 11:10:57.755, 7, NVIDIA H200, 8857, 143771, 0, 128.87
2026/07/28 11:10:59.755, 0, NVIDIA H200, 7773, 143771, 0, 133.59
2026/07/28 11:10:59.755, 1, NVIDIA H200, 8825, 143771, 0, 140.52
2026/07/28 11:10:59.755, 2, NVIDIA H200, 8825, 143771, 0, 127.33
2026/07/28 11:10:59.755, 3, NVIDIA H200, 8825, 143771, 0, 132.94
2026/07/28 11:10:59.755, 4, NVIDIA H200, 7771, 143771, 0, 135.19
2026/07/28 11:10:59.755, 5, NVIDIA H200, 8825, 143771, 0, 131.21
2026/07/28 11:10:59.755, 6, NVIDIA H200, 8825, 143771, 0, 132.85
2026/07/28 11:10:59.756, 7, NVIDIA H200, 8825, 143771, 0, 128.72
